pedal_name,condition,price,date,expiration_date
Line 6 HX Stomp,,450.0,2025-07-24,2026-07-24
Light Pink Keeley Katana,,120.0,2025-07-24,2026-07-24
JET Micro,,70.0,2025-07-24,2026-07-24
Dunlop Volume Mini,,90.0,2025-07-24,2026-07-24
Ibanez TS9DX Turbo Tube Screamer,,70.0,2025-07-24,2026-07-24
Boss CE-2w,,170.0,2025-07-24,2026-07-24
Danelectro Spring King Reverb,,140.0,2025-07-24,2026-07-24
Demonfx King of Drive,,30.0,2025-07-24,2026-07-24
Dunlop Cry Baby Standard Wah,,40.0,2025-07-24,2026-07-24
tc electronic Ditto Looper,,40.0,2025-07-24,2026-07-24
DigiTech Vocalist Live 2,,100.0,2025-07-24,2026-07-24
BC Soul Vibe,,50.0,2025-07-24,2026-07-24
walrus audio julia,,130.0,2025-07-24,2026-07-24
eqd plumes,,70.0,2025-07-24,2026-07-24
mr black eterna,,110.0,2025-07-24,2026-07-24
behringer echo machine em600,,20.0,2025-07-24,2026-07-24
wampler belle,,95.0,2025-07-24,2026-07-24
tc hyper gravity,,60.0,2025-07-24,2026-07-24
"Quilter SuperBlock US, original box, power supply, manual",,220.0,2025-07-24,2026-07-24
Keeley Katana clean boost pedal mini,,60.0,2025-07-24,2026-07-24
Mooer Baby Bomb 30 watt power amp,,60.0,2025-07-24,2026-07-24
JHS Colourbox V2,,330.0,2025-07-24,2026-07-24
Boss Ds-1,,40.0,2025-07-24,2026-07-24
MXR Blue Box,,50.0,2025-07-24,2026-07-24
Digitech Bass Synth Wah,,180.0,2025-07-24,2026-07-24
Boss MT-2W,,100.0,2025-07-24,2026-07-24
Guitar Xciter,,70.0,2025-07-24,2026-07-24
Boss CE-20,,100.0,2025-07-24,2026-07-24
Fulltone Deja Vibe CS-MDV mkII,Excellent Condition,210.0,2025-07-24,2026-07-24
Fulltone Deja Vibe CS-MDV mkII,Excellent Condition,200.0,2025-07-24,2026-07-24
Fulltone Supa-Trem V1 doesn't have the volume trim pot,Very Good Condition,90.0,2025-07-24,2026-07-24
Fulltone Supa-Trem V1 doesn't have the volume trim pot,Very Good Condition,265.0,2025-07-24,2026-07-24
Fulltone Octafuzz,Very Good Condition,110.0,2025-07-24,2026-07-24
Fulltone Octafuzz,Very Good Condition,1130.0,2025-07-24,2026-07-24
Kelly Hydra,Very Good Condition,150.0,2025-07-24,2026-07-24
Kelly Hydra,Very Good Condition,848.0,2025-07-24,2026-07-24
Subdecay Proteus,Excellent Condition,120.0,2025-07-24,2026-07-24
Electronica FL-01 Flanger,,100.0,2025-07-24,2026-07-24
dunlop cry baby bass mini,,80.0,2025-07-24,2026-07-24
fish delay reverb,,80.0,2025-07-24,2026-07-24
vox wah,,50.0,2025-07-24,2026-07-24
ehx dmm big box,,560.0,2025-07-24,2026-07-24
Hohner Tri Dirty Booster,,1300.0,2025-07-24,2026-07-24
ehx black russian big muff,,160.0,2025-07-24,2026-07-24
Moog Minifooger MF Drive 2013 - Black,,270.0,2025-07-24,2026-07-24
MXR M83 Bass Chorus Deluxe 2012 - Present - Teal,,105.0,2025-07-24,2026-07-24
TC Electronic TC XII B/K Programmable Phaser 2000s - Black,,200.0,2025-07-24,2026-07-24
MXR CSP210 Sub Machine Octave Fuzz 2010s - Purple,,100.0,2025-07-24,2026-07-24
EarthQuaker Devices Hoof Reaper Double Fuzz with Octave Up 2011 - 2018 - Various,,170.0,2025-07-24,2026-07-24
EarthQuaker Devices Sea Machine Super Chorus V2,,100.0,2025-07-24,2026-07-24
Way Huge WHE707 Supa-Puss Analog Delay 2013 - 2021 - Blue,,140.0,2025-07-24,2026-07-24
Boss BF-2B Bass Flanger 1986 - 1988 - Brown,,100.0,2025-07-24,2026-07-24
EarthQuaker Devices Cloven Hoof Fuzz Grinder,,135.0,2025-07-24,2026-07-24
Boss OC-3 Super Octave 2003 - Present - Brown,,90.0,2025-07-24,2026-07-24
EarthQuaker Devices Grand Orbiter Phase Machine V3,,120.0,2025-07-24,2026-07-24
MXR M108 Ten Band EQ 2010 - 2016 - Black,,80.0,2025-07-24,2026-07-24
EarthQuaker Devices Dispatch Master,,115.0,2025-07-24,2026-07-24
EMMA Electronic ReezaFRATzitz 2010s - Red,,80.0,2025-07-24,2026-07-24
Rocktron Banshee 2 Talk Box 2010s - Black,,110.0,2025-07-24,2026-07-24
TC Helicon Duplicator 2017 - 2021 - Green,,80.0,2025-07-24,2026-07-24
MXR M287 Sub Octave Bass Fuzz 2016 - Present - Orange,,110.0,2025-07-24,2026-07-24
MXR M84 Bass Fuzz Deluxe 2012 - Present - Copper,,70.0,2025-07-24,2026-07-24
Way Huge WHE701 Aqua-Puss MkII 2010 - 2019 - Blue,,110.0,2025-07-24,2026-07-24
Pigtronix Bass Fat Drive 2010s - White,,60.0,2025-07-24,2026-07-24
EarthQuaker Devices The Depths,,110.0,2025-07-24,2026-07-24
TC Electronic Sub N' Up Octaver 2016 - Present - Red,,60.0,2025-07-24,2026-07-24
MXR MX-101 Block Phase 90 1975 - 1984 - Orange,,110.0,2025-07-24,2026-07-24
Pigtronix Philosopher Bass Compressor 2010s - Teal,,60.0,2025-07-24,2026-07-24
MXR M182 El Grande Bass Fuzz 2010s - Silver,,60.0,2025-07-24,2026-07-24
MXR M234 Analog Chorus 2011 - Present - Blue,,60.0,2025-07-24,2026-07-24
MXR M250 Double-Double Overdrive 2010s - White,,50.0,2025-07-24,2026-07-24
Pigtronix Echolution 2 Remote 2010s - Black,,40.0,2025-07-24,2026-07-24
EHX Synth 9,,155.0,2025-07-25,2026-07-25
Boss BD-2,,70.0,2025-07-25,2026-07-25
EHX Glove,,40.0,2025-07-25,2026-07-25
TC Electronic Tube Pilot,,40.0,2025-07-25,2026-07-25
Roland DAC 15 D amp,,250.0,2025-07-25,2026-07-25
e-mu systems vintage keys rack,,225.0,2025-07-25,2026-07-25
Electric warp factory,,350.0,2025-07-25,2026-07-25
Boss IR-200,,215.0,2025-07-25,2026-07-25
Boss RC-10,,175.0,2025-07-25,2026-07-25
JHS Colourbox V2,,340.0,2025-07-25,2026-07-25
Suhr 2x12 cab w/ creambacks,,600.0,2025-07-25,2026-07-25
Fender princeton w/ celestion blue,,900.0,2025-07-25,2026-07-25
fender pugilist,,55.0,2025-07-25,2026-07-25
tc echo brain,,30.0,2025-07-25,2026-07-25
behringer super fuzz,,25.0,2025-07-25,2026-07-25
isp g string,,130.0,2025-07-25,2026-07-25
Soldano super lead overdrive pedal,,190.0,2025-07-25,2026-07-25
empress para eq mkii,,210.0,2025-07-25,2026-07-25
disaster area designs dmc-4 gen 3,,110.0,2025-07-25,2026-07-25
boss waza ds-1w,,90.0,2025-07-25,2026-07-25
boss waza bp-1w,,125.0,2025-07-25,2026-07-25
Boss dd200,,180.0,2025-07-25,2026-07-25
keeley hydra,,160.0,2025-07-25,2026-07-25
jhs morning glory v4,,9.0,2025-07-25,2026-07-25
boss ce-2,,170.0,2025-07-25,2026-07-25
tc sentry,,80.0,2025-07-25,2026-07-25
jhs pulp n peel,,130.0,2025-07-25,2026-07-25
boss ge-7,,80.0,2025-07-25,2026-07-25
truetone 1spot pro,,120.0,2025-07-25,2026-07-25
line 6 mm4,,110.0,2025-07-25,2026-07-25
ehx small stone,,50.0,2025-07-25,2026-07-25
eqd special cranker,,60.0,2025-07-25,2026-07-25
caline 10 band eq,,30.0,2025-07-25,2026-07-25
Boss ms-3 switcher,,250.0,2025-07-25,2026-07-25
Boss ms-3 switcher,,180.0,2025-07-25,2026-07-25
Flashback X4,,100.0,2025-07-25,2026-07-25
Hall of fame reverb,,80.0,2025-07-25,2026-07-25
voodoo lab pedal Power 2,,85.0,2025-07-25,2026-07-25
Ernie Ball volume pedal,,40.0,2025-07-25,2026-07-25
Dark matter distortion,,25.0,2025-07-25,2026-07-25
polytune,,40.0,2025-07-25,2026-07-25
Corona chorus,,50.0,2025-07-25,2026-07-25
Mooer Wha-Wha,,40.0,2025-07-25,2026-07-25
Thee fuzz war overlord,,450.0,2025-07-25,2026-07-25
Eqd avalanche run,,28.0,2025-07-25,2026-07-25
Eqd hizumitas,,110.0,2025-07-25,2026-07-25
Mxr carbon copy,,80.0,2025-07-25,2026-07-25
Eqd Swiss things,,160.0,2025-07-25,2026-07-25
Walrus R1 Reverb,,145.0,2025-07-25,2026-07-25
Walrus M1 Modulation,,160.0,2025-07-25,2026-07-25
JHS Lucky Cat Delay,,160.0,2025-07-25,2026-07-25
Kittycaster Mohair(like new,,150.0,2025-07-25,2026-07-25
Catalinbread Katzenkonig limited graphic (like new,,100.0,2025-07-25,2026-07-25
VFE Alphadog V2 ( like new,,120.0,2025-07-25,2026-07-25
Abominable Hail Satan Deluxe ( like new,,170.0,2025-07-25,2026-07-25
Zoom Trimetal,,85.0,2025-07-25,2026-07-25
Meastro Ranger Overdrive,,50.0,2025-07-28,2026-07-28
Meastro Arcas Comp Sustain,,60.0,2025-07-28,2026-07-28
Meastro Agena Envelope Filter,,5.0,2025-07-28,2026-07-28
Meastro Fuzz Tone FZ-M,,60.0,2025-07-28,2026-07-28
Meastro Invader Distortion,,55.0,2025-07-28,2026-07-28
Meastro Invader Distortion,,215.0,2025-07-28,2026-07-28
Meastro Titan Boost,,65.0,2025-07-28,2026-07-28
Meastro Titan Boost,,215.0,2025-07-28,2026-07-28
God City Instruments Brutalist,,220.0,2025-07-28,2026-07-28
Strymon Volante,,270.0,2025-07-28,2026-07-28
Boss ES5,,250.0,2025-07-28,2026-07-28
Fjord Fuzz Odin v1,,150.0,2025-07-28,2026-07-28
EAE Limelight v2,,180.0,2025-07-28,2026-07-28
OneSpot CS12,,130.0,2025-07-28,2026-07-28
Boss SL2 Slicer,,120.0,2025-07-29,2026-07-29
Fender Mustang Micro Headphone amp,,80.0,2025-07-29,2026-07-29
Wampler Ratsbane,,80.0,2025-07-29,2026-07-29
Xotic SL drive,,70.0,2025-07-29,2026-07-29
TC Electronics Bodyrez,,50.0,2025-07-29,2026-07-29
Pigtronix Philosopher's Gold,,60.0,2025-07-29,2026-07-29
Keeley Compressor Plus,,80.0,2025-07-29,2026-07-29
Keeley Compressor Plus,,45.0,2025-07-29,2026-07-29
Xotic Effects EP-Booster,,75.0,2025-07-29,2026-07-29
MXR Carbon copy,,80.0,2025-07-29,2026-07-29
MXR Micro Flanger,,65.0,2025-07-29,2026-07-29
Dunlop Cry Baby,,40.0,2025-07-29,2026-07-29
Ibanez Tube Screamer Mini,,45.0,2025-07-29,2026-07-29
MXR Analog Chorus,,5.0,2025-07-29,2026-07-29
Exotic RC booster V2,,100.0,2025-07-29,2026-07-29
MXR Timmy,,20.0,2025-07-29,2026-07-29
EH Mel9 (Mint,Mint,170.0,2025-07-29,2026-07-29
EH SuperEgo (Mint,Mint,120.0,2025-07-29,2026-07-29
Fulltone OCD,Good,100.0,2025-07-29,2026-07-29
Maxon GE601 Graphic EQ; mint,Mint,80.0,2025-07-29,2026-07-29
MXR Six-Band EQ; min,,70.0,2025-07-29,2026-07-29
Walrus Emissary Boost; excellent,Excellent,90.0,2025-07-29,2026-07-29
Seymour Duncan Pickup Booster; mint,Mint,35.0,2025-07-29,2026-07-29
Foxgear Q Boost; mint,Mint,35.0,2025-07-29,2026-07-29
TC Electronic Prophet Delay; mint,Mint,25.0,2025-07-29,2026-07-29
TC Electronic Third Dimension; mint,Mint,25.0,2025-07-29,2026-07-29
JHS 3-Series Phaser mint,Mint,60.0,2025-07-29,2026-07-29
JHS 3-Series Delay mint,Mint,60.0,2025-07-29,2026-07-29
Hughs and Kettner Tube Rotosphere Mk II w/12v power supply,,500.0,2025-07-29,2026-07-29
"Maxon ""OSD9 Overdrive Soft Distortion""",,90.0,2025-07-29,2026-07-29
Pigtronix Mothership 2 analog synthesizer w/18v power supply,,90.0,2025-07-29,2026-07-29
"Lovepedal ""Amp 11"" overdrive",,100.0,2025-07-29,2026-07-29
MXR M-169 Carbon Copy analog delay,,80.0,2025-07-29,2026-07-29
"MXR ""M82 bass envelope filter""",,90.0,2025-07-29,2026-07-29
"Way Huge ""Aqua-puss mk2"" analog delay",,110.0,2025-07-29,2026-07-29
"Fulltone ""Full-drive 2""",,90.0,2025-07-29,2026-07-29
"EBS ""Bass IQ triple envelope filter""",,100.0,2025-07-29,2026-07-29
"Maxon ""ROD 880"" overdrive",,90.0,2025-07-29,2026-07-29
"Xotic ""EP Booster""",,75.0,2025-07-29,2026-07-29
"Xotic ""SP compressor""",,80.0,2025-07-29,2026-07-29
"Electro-Harmonix ""Pitch Fork"" pitch shifter",,150.0,2025-07-29,2026-07-29
BeatBuddy Singular Sound,,17.0,2025-07-30,2026-07-30
Ibanez Tube Screamer TS 808,,90.0,2025-07-30,2026-07-30
EHX Voice Box,,155.0,2025-07-30,2026-07-30
Boss AD-2,,70.0,2025-07-30,2026-07-30
Ortega Horse Kick,,110.0,2025-07-30,2026-07-30
Mesa boogie Express Plus Footswitch,,60.0,2025-07-30,2026-07-30
Boss CS-3,,50.0,2025-07-30,2026-07-30
Digitech Jam Man,,30.0,2025-07-30,2026-07-30
BeatBuddy Footswitch,,25.0,2025-07-30,2026-07-30
Boss FS-6,,35.0,2025-07-30,2026-07-30
Vox A & B Switch,,25.0,2025-07-30,2026-07-30
TC Electronic Flashback Mini,,40.0,2025-07-30,2026-07-30
Boss TU-3,,50.0,2025-07-30,2026-07-30
Fractal Audio FC-6,,375.0,2025-07-30,2026-07-30
Line 6 HX effects,,330.0,2025-07-30,2026-07-30
Fractal FM3,,750.0,2025-07-30,2026-07-30
Furman AC-215A Power Conditioner,,75.0,2025-07-30,2026-07-30
mission expression pedal sd25l pro,,140.0,2025-07-30,2026-07-30
cioks HI5MOD,,110.0,2025-07-30,2026-07-30
Furham power conditioner,,100.0,2025-07-30,2026-07-30
temple board,,130.0,2025-07-30,2026-07-30
Xotic compressor x 2,,80.0,2025-07-30,2026-07-30
Jackson Audio Bloom compressor,,150.0,2025-07-30,2026-07-30
Full tone Clyde Crybaby,,150.0,2025-07-30,2026-07-30
Cry baby White LE,,70.0,2025-07-30,2026-07-30
Wampler equator,,120.0,2025-07-30,2026-07-30
Digitech Polara,,140.0,2025-07-30,2026-07-30
DOD FX 96 Echo,,70.0,2025-07-30,2026-07-30
TC Electronic Triple Flashback Delay,,135.0,2025-07-30,2026-07-30
Boss DS-1,,40.0,2025-07-30,2026-07-30
Lyon By washburn Chorus,,25.0,2025-07-30,2026-07-30
Empress Tremolo,,100.0,2025-07-30,2026-07-30
Little Green Wonder,,30.0,2025-07-30,2026-07-30
Blue Sky,,220.0,2025-07-30,2026-07-30
el Cap v1,,200.0,2025-07-30,2026-07-30
Carolina Kilobyte,,130.0,2025-07-30,2026-07-30
Digitech Bass Synth Wah,,180.0,2025-07-30,2026-07-30
TC Electronic Subnup,,60.0,2025-07-30,2026-07-30
DOD Wah Filter 545-A,,60.0,2025-07-30,2026-07-30
Danelectro Fish N Chips,,30.0,2025-07-30,2026-07-30
Suncoast BC2 Bass Preamp,,325.0,2025-07-31,2026-07-31
Tech 21 VT Bass,,210.0,2025-07-31,2026-07-31
Orange Bass Butler Preamp,,280.0,2025-07-31,2026-07-31
Gallien Krueger Plex,,330.0,2025-07-31,2026-07-31
Boss RC-3,,80.0,2025-07-31,2026-07-31
Fulltone OCD,,90.0,2025-07-31,2026-07-31
EBS Dyna Verb,,110.0,2025-07-31,2026-07-31
EBS Multi Drive,,80.0,2025-07-31,2026-07-31
T-Rex Moller 2,,70.0,2025-07-31,2026-07-31
Source Gemini Chorus,,9.0,2025-07-31,2026-07-31
EHX Superego,,120.0,2025-07-31,2026-07-31
Maxon Hybrid Bass Driver,,100.0,2025-07-31,2026-07-31
Catalinbread SFT V1,,90.0,2025-07-31,2026-07-31
Keeley Bassist Compressor,,120.0,2025-07-31,2026-07-31
Taurus Abigar MKII,,80.0,2025-07-31,2026-07-31
EQD Sea Machine,,100.0,2025-07-31,2026-07-31
EHX Epitome,,130.0,2025-07-31,2026-07-31
Boss VE-20 Vocal Performer,,180.0,2025-07-31,2026-07-31
T-Rex Quint,,90.0,2025-07-31,2026-07-31
Keeley White Sands Lux Drive,,90.0,2025-07-31,2026-07-31
Samson MDA1,,25.0,2025-07-31,2026-07-31
Eden Amplification World Tour I90,,60.0,2025-07-31,2026-07-31
Moog moogerfooger ring modulator,,375.0,2025-07-31,2026-07-31
Electrostatic mono synth,,90.0,2025-07-31,2026-07-31
electromatic B9,,140.0,2025-07-31,2026-07-31
Boss Loop Station RC-2,,50.0,2025-07-31,2026-07-31
UAFX Lion,,220.0,2025-07-31,2026-07-31
Boss GT-1000 Core,,370.0,2025-07-31,2026-07-31
Fulltone OCD v2,,14.0,2025-07-31,2026-07-31
Nobels ODR-1 Natural Overdrive,,75.0,2025-07-31,2026-07-31
Revv G3,,120.0,2025-07-31,2026-07-31
Noise Reducer NR300,,25.0,2025-07-31,2026-07-31
Nux Sculpture,,25.0,2025-07-31,2026-07-31
Nux Switcher,,25.0,2025-07-31,2026-07-31
boss rc-3,,85.0,2025-07-31,2026-07-31
boss dd20,,110.0,2025-07-31,2026-07-31
freidman dirty shirley,,100.0,2025-07-31,2026-07-31
tc hall of fame mini,,40.0,2025-07-31,2026-07-31
mooer free step,,50.0,2025-07-31,2026-07-31
son of hyde,,19.0,2025-07-31,2026-07-31
Stone deaf pdf-1,,210.0,2025-07-31,2026-07-31
Maxon Chorus,,85.0,2025-07-31,2026-07-31
Jackson Audio Twin Twelve,,150.0,2025-07-31,2026-07-31
JHS Overdrive/Preamp,,75.0,2025-07-31,2026-07-31
Zoom 50G+,,80.0,2025-07-31,2026-07-31
Stone Deaf FX Kliptonite,,180.0,2025-07-31,2026-07-31
Catalinbread sidearm overdrive,,70.0,2025-07-31,2026-07-31
Dunlop FFM2 Germanium Fuzz Face Mini,,85.0,2025-07-31,2026-07-31
Catalinbread SFT,,100.0,2025-07-31,2026-07-31
Catalinbread starcrash fuzz,,60.0,2025-07-31,2026-07-31
Tonex One,,105.0,2025-07-31,2026-07-31
Keeley Bassist Compressor,,115.0,2025-07-31,2026-07-31
EHX Worm,,28.0,2025-07-31,2026-07-31
MXR Uni Vibe,,75.0,2025-07-31,2026-07-31
Hammertone Metal,,35.0,2025-07-31,2026-07-31
TC Electronic The Prophet,,30.0,2025-07-31,2026-07-31
TC Electronic Skysurfer,,30.0,2025-07-31,2026-07-31
Hammertone overdrive,,35.0,2025-07-31,2026-07-31
Ibanez AD-80,,250.0,2025-07-31,2026-07-31
Ibanez CS-505,,130.0,2025-07-31,2026-07-31
Bass micro synth,,275.0,2025-07-31,2026-07-31
Acorn Amps Solid State Pre,,155.0,2025-07-31,2026-07-31
Amp Mojo Sol Drive,,225.0,2025-07-31,2026-07-31
Analogman Mod Maxon SD-9,,230.0,2025-07-31,2026-07-31
Analogman Prince of Tone,,170.0,2025-07-31,2026-07-31
Arion SOD-1 Overdrive,,99.0,2025-07-31,2026-07-31
Artelia Pedals Cornish G-2 Clone,,75.0,2025-07-31,2026-07-31
Artelia Pedals Custom Cornish SS-3 G-2 duplex Clone,,100.0,2025-07-31,2026-07-31
Atomic Tone Saturation Triptych,,90.0,2025-07-31,2026-07-31
Barber Direct Drive Compact V4,,150.0,2025-07-31,2026-07-31
Boss CH-1 Super Chorus,,63.0,2025-07-31,2026-07-31
Boss JB-2 Angry Driver,,140.0,2025-07-31,2026-07-31
Boss TU-12 Tuner,,30.0,2025-07-31,2026-07-31
BYOC Lil Delay,,109.0,2025-07-31,2026-07-31
BYOC OD-1 Mini clone,,109.0,2025-07-31,2026-07-31
Caitlinbread Dirty Little Secret,,70.0,2025-07-31,2026-07-31
Creation Audio Labs Holy Fire w/ pwr,,90.0,2025-07-31,2026-07-31
Custom Univibe Clone,,150.0,2025-07-31,2026-07-31
Danelectro Fish N Chips EQ,,50.0,2025-07-31,2026-07-31
Dawner Prince RedRox Distortion,,199.0,2025-07-31,2026-07-31
DOD FX 65 Stereo Chorus,,60.0,2025-07-31,2026-07-31
DOD Gunslinger Mosfet Distortion,,89.0,2025-07-31,2026-07-31
DOD Performer Stereo Chorus 565-B w/pwr,,150.0,2025-07-31,2026-07-31
EHX Crayon,,77.0,2025-07-31,2026-07-31
Fuchs Valve Job II red,,300.0,2025-07-31,2026-07-31
Fulltone DejaVibe MINI,,241.0,2025-07-31,2026-07-31
GuitarPCB Animal Distortion Alchemy Audio,,125.0,2025-07-31,2026-07-31
Guyatone TO-1 Tube Distortion,,150.0,2025-07-31,2026-07-31
Hermida/Lovepedal EPH-3,,75.0,2025-07-31,2026-07-31
Ibanez DCF10 Chorus/Flanger,,179.0,2025-07-31,2026-07-31
Ibanez Stereo Chorus CS-9,,95.0,2025-07-31,2026-07-31
Ibanez Stereo Chorus CS-9,,20.0,2025-07-31,2026-07-31
IbanezMSL Metal Screamer,,199.0,2025-07-31,2026-07-31
Ilitch Classic One Distortion,,172.0,2025-07-31,2026-07-31
J Rockett Audio Melody,,162.0,2025-07-31,2026-07-31
J Rockett Tim Pierce OD,,225.0,2025-07-31,2026-07-31
Jason Daughtry COT 50 / Electra Clone,,80.0,2025-07-31,2026-07-31
JD Amps TFW430,,108.0,2025-07-31,2026-07-31
Joyo California Sound,,27.0,2025-07-31,2026-07-31
Kasha Rockmod Distortion PreAmp Pedal,,120.0,2025-07-31,2026-07-31
Keeley DDR Drive + Reverb Delay,,90.0,2025-07-31,2026-07-31
Looopers Custom Stereo Dual Loop Switcher,,125.0,2025-07-31,2026-07-31
Lounsberry Nigel Overdrive,,149.0,2025-07-31,2026-07-31
Lovepedal Amp Eleven,,100.0,2025-07-31,2026-07-31
Lovepedal Eternity White,,90.0,2025-07-31,2026-07-31
Maxon RTO700 w/pwr,,300.0,2025-07-31,2026-07-31
Menatone Howie - dual version latest,,449.0,2025-07-31,2026-07-31
MI Audio Classic Distortion Special Limited Edition One Of 100,,136.0,2025-07-31,2026-07-31
MI Audio Crossover Drive,,125.0,2025-07-31,2026-07-31
MI Audio Super Blues Pro,,135.0,2025-07-31,2026-07-31
Mid-Fi Demo Tape Fuzz Clone,,149.0,2025-07-31,2026-07-31
Modest Mike Modded Boss SD-1 all mods,,179.0,2025-07-31,2026-07-31
Mooer Black Secret,,38.0,2025-07-31,2026-07-31
Mooer Micro Guitar Equalizer,,70.0,2025-07-31,2026-07-31
Morley Deluxe Distortion,,160.0,2025-07-31,2026-07-31
MXR 10 Band EQ,,70.0,2025-07-31,2026-07-31
NUX Atlantic Delay and Reverb,,100.0,2025-07-31,2026-07-31
Okko Diablo Gregor Hilden Overdrive,,249.0,2025-07-31,2026-07-31
One Series Gemini Chorus w/pwr,,155.0,2025-07-31,2026-07-31
Option 5 Destination Overdrive II,,75.0,2025-07-31,2026-07-31
Option 5 Destination Rotation,,153.0,2025-07-31,2026-07-31
Pedal Digger's 819 Overdrive,,175.0,2025-07-31,2026-07-31
Pedal Monsters Custom Overdrive,,100.0,2025-07-31,2026-07-31
Pharoah Amps Class-A-Boost,,89.0,2025-07-31,2026-07-31
Pigrtronix Aria Disnortion,,67.0,2025-07-31,2026-07-31
ProCo RAT Kinnatone Modded,,199.0,2025-07-31,2026-07-31
Rocketfire Modded Danelectro Cool Cat OD,,30.0,2025-07-31,2026-07-31
Rockman Acoustic Guitar Pedal,,169.0,2025-07-31,2026-07-31
Runoff Groove Trivibe,,65.0,2025-07-31,2026-07-31
Seymour Duncan Vapor Trail Delay,,80.0,2025-07-31,2026-07-31
Snouse Black Box Overdrive 2,,219.0,2025-07-31,2026-07-31
Sobbat Drive Breaker 1,,111.0,2025-07-31,2026-07-31
Sobbat Drive Breaker 2,,120.0,2025-07-31,2026-07-31
Soldano SLO Super Lead Overdrive Pedal,,130.0,2025-07-31,2026-07-31
Sonic Fusion Pedals Phoenix,,99.0,2025-07-31,2026-07-31
Stacks FX Zenor,,185.0,2025-07-31,2026-07-31
Supro Tremelo,,100.0,2025-07-31,2026-07-31
SviSound MetalZoid,,120.0,2025-07-31,2026-07-31
SviSound SpectraZoid,,120.0,2025-07-31,2026-07-31
TC Electronics Corona Chorus mini,,99.0,2025-07-31,2026-07-31
TC Electronics Flashback Mini,,60.0,2025-07-31,2026-07-31
TC Electronics Hall of Fame 2 mini,,100.0,2025-07-31,2026-07-31
TC Electronics PolyTune,,75.0,2025-07-31,2026-07-31
TC Electronics Vibra Clone,,79.0,2025-07-31,2026-07-31
Teese RMC-10,,169.0,2025-07-31,2026-07-31
Universal Audio Del Verb,,262.0,2025-07-31,2026-07-31
VHT V-Drive Overdrive,,70.0,2025-07-31,2026-07-31
Visual Sound GarageTone Chainsaw Distortion,,60.0,2025-07-31,2026-07-31
Voodo Labs Microvibe,,139.0,2025-07-31,2026-07-31
Voodoo Lab Cab-Tone,,40.0,2025-07-31,2026-07-31
Voodoo Lab Overdrive,,251.0,2025-07-31,2026-07-31
Vox Cooltron Big Ben Overdrive,,100.0,2025-07-31,2026-07-31
Vox Duel Overdrive,,140.0,2025-07-31,2026-07-31
Vox V8 Tube Distortion,,90.0,2025-07-31,2026-07-31
Way Huge Blue Hippo Chorus,,169.0,2025-07-31,2026-07-31
Xotic RC Booster,,75.0,2025-07-31,2026-07-31
JHS Double Barrel V4,,235.0,2025-07-31,2026-07-31
Boss DD-3,,80.0,2025-07-31,2026-07-31
Radial Twin City ABY,,130.0,2025-07-31,2026-07-31
JHS Little Black Amp,,35.0,2025-07-31,2026-07-31
Ernie Ball 25K OHM Pedal,,40.0,2025-07-31,2026-07-31
Ernie Ball 25K OHM Pedal,,40.0,2025-07-31,2026-07-31
Tube Squasher,,25.0,2025-07-31,2026-07-31
Boss SD-1,,35.0,2025-07-31,2026-07-31
Golden Brownie,,50.0,2025-07-31,2026-07-31
Visual Sound(Truetone) VS-XO dual OD,,90.0,2025-08-01,2026-08-01
Wampler Fuzzstration fuzz/octave,,110.0,2025-08-01,2026-08-01
Visual Sound(Truetone) Route 66(latest version) Comp/OD,,50.0,2025-08-01,2026-08-01
Boss FRV-1,,190.0,2025-08-01,2026-08-01
Boss TU-3,,50.0,2025-08-01,2026-08-01
MXR Analog Chorus,,60.0,2025-08-01,2026-08-01
MXR Distortion III,,40.0,2025-08-01,2026-08-01
MXR Dyna Comp,,40.0,2025-08-01,2026-08-01
Boss FV-50,,50.0,2025-08-01,2026-08-01
EHX Silencer,,40.0,2025-08-01,2026-08-01
Behringer DR600,,25.0,2025-08-01,2026-08-01
Nux Time Core Deluxe,,50.0,2025-08-01,2026-08-01
Ibanez Tube Screamer,,60.0,2025-08-01,2026-08-01
VHT Redline 6,,25.0,2025-08-01,2026-08-01
Boss AC-3,,50.0,2025-08-01,2026-08-01
dawner prince boonar tube deluxe,,1200.0,2025-08-01,2026-08-01
Spiral Electric Effects Red,Mint,200.0,2025-08-01,2026-08-01
custom Spiral electric effects Black with oxidized finish,,200.0,2025-08-01,2026-08-01
mid 70s MXR Dyna Comp,Mint,110.0,2025-08-01,2026-08-01
early Love pedal Lil' China,,140.0,2025-08-01,2026-08-01
Benson Germanium Preamp,,180.0,2025-08-01,2026-08-01
Voodoo lab pedal power 2+ with extra long power cable,,90.0,2025-08-01,2026-08-01
Boss RC1 loop station,,60.0,2025-08-01,2026-08-01
analogman Bi chorus W/ Depth Switch,,280.0,2025-08-01,2026-08-01
analogman ardx20,,300.0,2025-08-01,2026-08-01
analogman modded dd-3,,200.0,2025-08-01,2026-08-01
analogman tv mod handwired ibanez tubescreamer,,360.0,2025-08-01,2026-08-01
Origin Cali 76,,235.0,2025-08-01,2026-08-01
DOD Compressor 280,,70.0,2025-08-01,2026-08-01
Friedman BE-OD,,90.0,2025-08-01,2026-08-01
EHX Soul Food JHS mod,,110.0,2025-08-01,2026-08-01
JHS Morning glory,,130.0,2025-08-01,2026-08-01
JHS Bonsai,,150.0,2025-08-01,2026-08-01
Zendrive,,180.0,2025-08-01,2026-08-01
Wampler Ecstasy,,90.0,2025-08-01,2026-08-01
Wampler Sovereign,,70.0,2025-08-01,2026-08-01
Wampler Plexi Drive Deluxe,,115.0,2025-08-01,2026-08-01
Wampler Clarksdale,,85.0,2025-08-01,2026-08-01
MXR Carbon Copy,,80.0,2025-08-01,2026-08-01
Crybaby Q Zone,,90.0,2025-08-01,2026-08-01
Boss RC-3,,80.0,2025-08-01,2026-08-01
Poly tune 2 mini,,40.0,2025-08-01,2026-08-01
Cry Baby Wah,,40.0,2025-08-01,2026-08-01
MXR Micro Flanger,,60.0,2025-08-01,2026-08-01
MXR Analog Chorus,,60.0,2025-08-01,2026-08-01
Ibanez TS9,,60.0,2025-08-01,2026-08-01
TC Electronic Ditto,,60.0,2025-08-01,2026-08-01
God City Instruments Brutalist,,220.0,2025-08-01,2026-08-01
Strymon Volante,,270.0,2025-08-01,2026-08-01
Boss ES5,,250.0,2025-08-01,2026-08-01
Fjord Fuzz Odin v1,,150.0,2025-08-01,2026-08-01
EAE Limelight v2,,180.0,2025-08-01,2026-08-01
OneSpot CS12,,130.0,2025-08-01,2026-08-01
UA ox stomp,,215.0,2025-08-01,2026-08-01
science ampllification mother,,240.0,2025-08-01,2026-08-01
origin revival drive big box,,350.0,2025-08-01,2026-08-01
Boss sd-1w,,100.0,2025-08-01,2026-08-01
boss dm-2w,,100.0,2025-08-01,2026-08-01
boss re2,,140.0,2025-08-01,2026-08-01
boss bd-2w,,115.0,2025-08-01,2026-08-01
boss fz-1w,,115.0,2025-08-01,2026-08-01
boss mt-2w,,100.0,2025-08-01,2026-08-01
morley 20/20 power wah,,100.0,2025-08-01,2026-08-01
Line 6 HD 500x,,170.0,2025-08-01,2026-08-01
Bogner ecstasy red full size,,120.0,2025-08-01,2026-08-01
friedman beod,,100.0,2025-08-01,2026-08-01
friedman smallbox,,100.0,2025-08-01,2026-08-01
helix hx stomp,,425.0,2025-08-01,2026-08-01
Matchless dirtbox,,650.0,2025-08-01,2026-08-01
Analogman King of tone v4,,650.0,2025-08-01,2026-08-01
chandler real tube overdrive,,220.0,2025-08-01,2026-08-01
pearl octaver,,200.0,2025-08-01,2026-08-01
hughes and kettner tube rotosphere,,480.0,2025-08-01,2026-08-01
boss dd-3,,80.0,2025-08-01,2026-08-01
boss loop station,,80.0,2025-08-01,2026-08-01
pearl analg delay ad-08,,110.0,2025-08-01,2026-08-01
ibanez wd7 weeping demon wah,,100.0,2025-08-01,2026-08-01
voodoo lab pedal power 2 plus,,70.0,2025-08-01,2026-08-01
mxr super comp,,50.0,2025-08-01,2026-08-01
rocktron reaction chorus,,40.0,2025-08-01,2026-08-01
boss tu-2,,45.0,2025-08-01,2026-08-01
tc polytune,,50.0,2025-08-01,2026-08-01
zoom a2.1u,,50.0,2025-08-01,2026-08-01
vintage tc stereo chorus all black,,275.0,2025-08-01,2026-08-01
Boss HM-2W,,90.0,2025-08-01,2026-08-01
Empress ZOIA Synth,,350.0,2025-08-01,2026-08-01
diamond vibrato,,210.0,2025-08-01,2026-08-01
origin effects cali76 stacked edition inverted,,230.0,2025-08-01,2026-08-01
wampler tumnus mini germanium,,250.0,2025-08-01,2026-08-01
death by audio fuzz war,,115.0,2025-08-01,2026-08-01
uafx 1176,,105.0,2025-08-01,2026-08-01
subdecay anamnesis echo,,100.0,2025-08-01,2026-08-01
spaceman delta ii,,140.0,2025-08-01,2026-08-01
jhs oil can blackout edition,,110.0,2025-08-01,2026-08-01
alabs cetus reverb,,70.0,2025-08-01,2026-08-01
mxr carbon copy mini,,100.0,2025-08-01,2026-08-01
ehx tri parallel mixer,,100.0,2025-08-01,2026-08-01
mxr fat sugar,,15.0,2025-08-01,2026-08-01
keeley realizer custom shop,,150.0,2025-08-01,2026-08-01
catalinbread soft foocus 3d graphic,,125.0,2025-08-01,2026-08-01
keeley halo core v1,,180.0,2025-08-01,2026-08-01
chase tone secret preamp,,140.0,2025-08-01,2026-08-01
joyo splinter,,25.0,2025-08-01,2026-08-01
joyo tiny huge fuzz,,25.0,2025-08-01,2026-08-01
tc helix phaser,,60.0,2025-08-01,2026-08-01
demonfx freedmman be-odx,,25.0,2025-08-01,2026-08-01
caline pure sky overdrive,,20.0,2025-08-01,2026-08-01
donner noise killer,,20.0,2025-08-01,2026-08-01
rockstock nano tuner,,25.0,2025-08-01,2026-08-01
lehle dc filter,,25.0,2025-08-01,2026-08-01
tc 3rd dimension chorus,,25.0,2025-08-01,2026-08-01
joyo vision dual modulation,,19.0,2025-08-01,2026-08-01
pedal pawn gypsy vibe,,370.0,2025-08-01,2026-08-01
Pedal Pawn Cowboy King,,180.0,2025-08-01,2026-08-01
fender the pelt,,75.0,2025-08-01,2026-08-01
wampler belle transparent overdrive,,90.0,2025-08-01,2026-08-01
source audio spring reverb,,160.0,2025-08-01,2026-08-01
dunlop jhms authentic hdx '68 shrine fuzzface,,90.0,2025-08-01,2026-08-01
dunlop octavio,,100.0,2025-08-01,2026-08-01
dunlop univibe/chorus/vibralto,,90.0,2025-08-01,2026-08-01
Dunlop Band of Gypsys Fuzz Face Mini,,90.0,2025-08-01,2026-08-01
electro harmonix nano q-tron envelop filter,,75.0,2025-08-01,2026-08-01
carl martin surf trem,,60.0,2025-08-01,2026-08-01
jhs moonshine,,90.0,2025-08-01,2026-08-01
jhs bonzai,,150.0,2025-08-01,2026-08-01
mythos mjolner,,130.0,2025-08-01,2026-08-01
ibanez ts9 ''keeley'' mod,,160.0,2025-08-01,2026-08-01
way huge swollen pickle mk11s jumbo fuzz,,90.0,2025-08-01,2026-08-01
mxr evh phase 90 eddie van halen phase,,80.0,2025-08-01,2026-08-01
Keeley Modified Line 6 modulation,,110.0,2025-08-04,2026-08-04
Electro Harmonics- Mel 9,,160.0,2025-08-04,2026-08-04
Electro Harmonics- B9,,140.0,2025-08-04,2026-08-04
Electro Harmonics- Synth 9,,150.0,2025-08-04,2026-08-04
EHX Hot Shot A-B switcher,,25.0,2025-08-04,2026-08-04
Strymon Blue Sky V2,,290.0,2025-08-04,2026-08-04
Strymon Blue Sky V1,,200.0,2025-08-04,2026-08-04
Strymon Brigadier,,310.0,2025-08-04,2026-08-04
Strymon OB.1,,150.0,2025-08-04,2026-08-04
Boss BD-2,,70.0,2025-08-04,2026-08-04
Boss OC-5,,100.0,2025-08-04,2026-08-04
Boss RV-5,,90.0,2025-08-04,2026-08-04
Keeley 4 Knob Compressor,,75.0,2025-08-04,2026-08-04
MXR Poly Blue Octave,,130.0,2025-08-04,2026-08-04
Boss RC-2 Looper,,55.0,2025-08-04,2026-08-04
Boss DS-1,,35.0,2025-08-04,2026-08-04
Boss SD-1,,35.0,2025-08-04,2026-08-04
Boss MT-2,,24.0,2025-08-04,2026-08-04
JHS Notadumble Not put together,,150.0,2025-08-04,2026-08-04
BENSon Germanium Preamp,,180.0,2025-08-04,2026-08-04
Jam Pedals Fuzz Phrase SI,,160.0,2025-08-04,2026-08-04
Thorpy ER-2 Original Uni Vibe,,280.0,2025-08-04,2026-08-04
Crazy Tube Circuits Unobtanium Raw,,230.0,2025-08-04,2026-08-04
EQD Zoar Custom Paint job,,9.0,2025-08-04,2026-08-04
Boss RE-202,,275.0,2025-08-04,2026-08-04
JHS Violet Black,,130.0,2025-08-04,2026-08-04
Blammo Slob,,100.0,2025-08-04,2026-08-04
Steel Panther Buthole Burner,,150.0,2025-08-04,2026-08-04
Crazy Tube Circuits Time,,120.0,2025-08-04,2026-08-04
JHS Super Gold V1,,140.0,2025-08-04,2026-08-04
Spaceman Sputnik 2B,,380.0,2025-08-04,2026-08-04
Sonic Research ST 300 full size,,120.0,2025-08-04,2026-08-04
Beetronics Vezzpa,,110.0,2025-08-04,2026-08-04
Tsakalis Audio Works Experience,,150.0,2025-08-04,2026-08-04
Keeley Halo Core,,28.0,2025-08-04,2026-08-04
JAM Pedals Octaurus LTD 2023 - Olive Drab Suede,,450.0,2025-08-04,2026-08-04
BG Harding The Zonk Machine Regular,,225.0,2025-08-04,2026-08-04
Cornerstone Aquarium,,240.0,2025-08-04,2026-08-04
Cornerstone Nero Fuzz,,210.0,2025-08-04,2026-08-04
Cornerstone Gladio SC Black,,170.0,2025-08-04,2026-08-04
Seeker Electronics Zonk Machine,,225.0,2025-08-04,2026-08-04
Keeley Rotary New one,,170.0,2025-08-04,2026-08-04
Fox Gear T7EBaby,,130.0,2025-08-04,2026-08-04
Silktone Fuzz V2,,150.0,2025-08-04,2026-08-04
Ryra Clone Gold,,150.0,2025-08-04,2026-08-04
Jetter Train Drive,,120.0,2025-08-04,2026-08-04
Stomp Under Foot Violet Menace,,140.0,2025-08-04,2026-08-04
Crazy Tube Curcuits Venus,,220.0,2025-08-04,2026-08-04
EQD Disaster Transport JR,,100.0,2025-08-04,2026-08-04
Benson Delay,,180.0,2025-08-04,2026-08-04
Fat rat,,115.0,2025-08-04,2026-08-04
Jeff Loomis All Pedal,,165.0,2025-08-04,2026-08-04
Pepers Dirty Tree overdrive,,140.0,2025-08-04,2026-08-04
Friedman IR-J,,400.0,2025-08-05,2026-08-05
Timmy Overdrive,,220.0,2025-08-05,2026-08-05
Analogman King Of Tone,,750.0,2025-08-05,2026-08-05
JHS Morning Glory,,120.0,2025-08-05,2026-08-05
Wampler Tumnus Deluxe,,130.0,2025-08-05,2026-08-05
J Rockett Archer Overdrive,,100.0,2025-08-05,2026-08-05
Fulltone OCD V2,,90.0,2025-08-05,2026-08-05
JHS The AT,,90.0,2025-08-05,2026-08-05
Xotic BB Preamp AT,,120.0,2025-08-05,2026-08-05
Crunch Box Distortion,,90.0,2025-08-05,2026-08-05
Nobels ODR 1 Natural Overdrive,,70.0,2025-08-05,2026-08-05
JHS Bonsai,,150.0,2025-08-05,2026-08-05
Maestro Ranger Overdrive,,50.0,2025-08-05,2026-08-05
Keeley Muse Driver,,110.0,2025-08-05,2026-08-05
Zendrive,,180.0,2025-08-05,2026-08-05
Warm Audio Warmdrive,,90.0,2025-08-05,2026-08-05
Gtown Holy Grail Overdrive,,90.0,2025-08-05,2026-08-05
Jackson Audio Prism,,100.0,2025-08-05,2026-08-05
Dr. Z Z-Drive,,180.0,2025-08-05,2026-08-05
Jetter Gear Grissom,,115.0,2025-08-05,2026-08-05
J Rockett GTO,,110.0,2025-08-05,2026-08-05
Cusack Screamer Fuzz V2,,85.0,2025-08-05,2026-08-05
Warm Audio Centavo,,110.0,2025-08-05,2026-08-05
Mojo Hand FX Park Theatre,,85.0,2025-08-05,2026-08-05
Boss PS-6,,100.0,2025-08-05,2026-08-05
EHX Big Muff Deluxe,,90.0,2025-08-05,2026-08-05
Two Notes Torpedo C.A.B,,110.0,2025-08-05,2026-08-05
EHX Intelligent Harmony Machine,,140.0,2025-08-05,2026-08-05
BetaBuddy by Singular Sound,,230.0,2025-08-05,2026-08-05
Tonex One,,110.0,2025-08-05,2026-08-05
Tonex One,,19.0,2025-08-05,2026-08-05
J-Rocket .45,,125.0,2025-08-05,2026-08-05
Xotic Super Sweet Booster,,70.0,2025-08-05,2026-08-05
Xotic EP Booster,,70.0,2025-08-05,2026-08-05
JHS Morning Glory,,120.0,2025-08-05,2026-08-05
JamMan Solo looper by DigiTech,,60.0,2025-08-05,2026-08-05
"MP-2, NUX Mighty plug",,30.0,2025-08-05,2026-08-05
Monterey Vibe by NUX,,40.0,2025-08-05,2026-08-05
pigtronix rototron,,160.0,2025-08-05,2026-08-05
tc helicon harmony g xt,,170.0,2025-08-05,2026-08-05
tc helicon harmony g xt,,170.0,2025-08-05,2026-08-05
Wampler Dual Fusion,,100.0,2025-08-05,2026-08-05
EH Polyphonic Octave Generator,,150.0,2025-08-05,2026-08-05
Boss Super Octave OC-3,,90.0,2025-08-05,2026-08-05
Boss Compressor Sustainer CS-3,,40.0,2025-08-05,2026-08-05
Marshall BB-2 Blues Breaker,,50.0,2025-08-05,2026-08-05
Morley Bad Horsie 2 Wah,,50.0,2025-08-05,2026-08-05
Line 6 Echo Park,,100.0,2025-08-05,2026-08-05
Line 6 Constrictor,,25.0,2025-08-05,2026-08-05
Line 6 Space Chorus,,50.0,2025-08-05,2026-08-05
Line 6 Liqua-Flange,,50.0,2025-08-05,2026-08-05
Line 6 Otto Filter,,40.0,2025-08-05,2026-08-05
Fowl sounds flannel overdrive,,80.0,2025-08-06,2026-08-06
Visual sounds h2o,,70.0,2025-08-06,2026-08-06
Redwitch fuzz god,,120.0,2025-08-06,2026-08-06
ISP decimator 2,,70.0,2025-08-06,2026-08-06
Dime cry baby wah from hell cfh,,110.0,2025-08-06,2026-08-06
EQD avalanche run,,190.0,2025-08-06,2026-08-06
Ibanez ts9,,60.0,2025-08-06,2026-08-06
Muku bt2 mini tuner,,25.0,2025-08-06,2026-08-06
Boss ds1,,35.0,2025-08-06,2026-08-06
Boss phase shifter ph3,,50.0,2025-08-06,2026-08-06
Marshall gv2 guvnor plus,,40.0,2025-08-06,2026-08-06
Ernie ball vp jr,,40.0,2025-08-06,2026-08-06
Bbe mini sonic maximizer,,40.0,2025-08-06,2026-08-06
Mxr full bore metal,,50.0,2025-08-06,2026-08-06
True tone jekyll and Hyde v3,,135.0,2025-08-06,2026-08-06
Ocd distortion,,100.0,2025-08-06,2026-08-06
Evh flanger,,130.0,2025-08-06,2026-08-06
Boss GT-1,,110.0,2025-08-06,2026-08-06
Boss CS-3,,50.0,2025-08-06,2026-08-06
Mxr micro boost,,50.0,2025-08-06,2026-08-06
Electro-Harmonix Bass Mono Synth pedal,,90.0,2025-08-06,2026-08-06
Electro-Harmonix Nano POG Octave Pedal,,140.0,2025-08-06,2026-08-06
Land Devices HP-2,,200.0,2025-08-06,2026-08-06
Empress ParaEQ with boost,,160.0,2025-08-06,2026-08-06
Demedash Spidola Fuzz,,130.0,2025-08-06,2026-08-06
Analog Music Company SHSL,,230.0,2025-08-06,2026-08-06
Chase Bliss/Zvex Bliss Factory,,600.0,2025-08-06,2026-08-06
EHX Attack Decay,,100.0,2025-08-06,2026-08-06
red witch titan,,120.0,2025-08-06,2026-08-06
mxr bass chorus deluxe,,105.0,2025-08-06,2026-08-06
tone city double engine,,50.0,2025-08-06,2026-08-06
DigiTech Whammy 4 Pitch Shifter,,140.0,2025-08-06,2026-08-06
Boss DD-20 delay,,105.0,2025-08-06,2026-08-06
EHX Deluxe Memory Man xo,,155.0,2025-08-06,2026-08-06
KMA Tyler frequency splitter,,175.0,2025-08-06,2026-08-06
BYOC Echo Royal,,75.0,2025-08-06,2026-08-06
Boss RC-3 looper DIIY 2nd gen,,80.0,2025-08-06,2026-08-06
JoeMeek GBQ bass pedal,,120.0,2025-08-06,2026-08-06
VFE Klein Bottle,,240.0,2025-08-06,2026-08-06
scott mckeon SM fuzz,,17.0,2025-08-06,2026-08-06
Carl Martin 2 wah,,120.0,2025-08-06,2026-08-06
Benson germanium pre-amp,,190.0,2025-08-06,2026-08-06
Fortin Amplification Blade Whitechapel Signature,,140.0,2025-08-06,2026-08-06
Mojo Hand Sericon,,100.0,2025-08-06,2026-08-06
Jackson Audio Golden Boy Mini,,85.0,2025-08-06,2026-08-06
Way Huge Geisha Small,,110.0,2025-08-06,2026-08-06
Xotic RC Booster RCB-V2 Chrome,,100.0,2025-08-06,2026-08-06
JHS Morning Glory V4,,125.0,2025-08-06,2026-08-06
Walrus Ages,,100.0,2025-08-06,2026-08-06
Thorpy Peacekeeper v1,,160.0,2025-08-06,2026-08-06
Pettyjohn Chime Mk II,,180.0,2025-08-06,2026-08-06
Xotic BB Preamp Orange,,105.0,2025-08-06,2026-08-06
joyo vintage phaser,,15.0,2025-08-06,2026-08-06
mxr phase 45 script,,110.0,2025-08-06,2026-08-06
catalinbread wIIo,,130.0,2025-08-06,2026-08-06
boss ds-1 seeing eye and ultra mod,,100.0,2025-08-06,2026-08-06
one control honey bee,,185.0,2025-08-06,2026-08-06
rodenberg luke,,90.0,2025-08-06,2026-08-06
warm audio warm drive,,85.0,2025-08-06,2026-08-06
Nordvang 83 Drive V2.0,,400.0,2025-08-06,2026-08-06
stomp under foot green russian,,155.0,2025-08-06,2026-08-06
origin effects magma57,,290.0,2025-08-06,2026-08-06
seeker electric bend,,175.0,2025-08-06,2026-08-06
Boss bd-2 analogman mod,,200.0,2025-08-06,2026-08-06
ibanez tube king,,125.0,2025-08-06,2026-08-06
king tone fuzz mini,,220.0,2025-08-06,2026-08-06
greer lightspeed black,,185.0,2025-08-06,2026-08-06
crazy tube circuits venus,,260.0,2025-08-06,2026-08-06
marshall bluesbreaker reissue,,19.0,2025-08-06,2026-08-06
origin effects revival drive compact,,255.0,2025-08-06,2026-08-06
ibanez tubescreamer nutube,,140.0,2025-08-06,2026-08-06
strymon deco,,205.0,2025-08-06,2026-08-06
wampler pantheon,,100.0,2025-08-06,2026-08-06
butler tube driver,,220.0,2025-08-06,2026-08-06
mythos olympus,,110.0,2025-08-06,2026-08-06
king tone duellist,,250.0,2025-08-06,2026-08-06
xotic ep booster,,70.0,2025-08-06,2026-08-06
fulltone fat boost,,80.0,2025-08-06,2026-08-06
hudson broadcast,,175.0,2025-08-06,2026-08-06
wampler moxie,,80.0,2025-08-06,2026-08-06
ehx doctor q nano,,45.0,2025-08-06,2026-08-06
fulltone full drive 2 mosfet,,75.0,2025-08-06,2026-08-06
proco rat 2,,60.0,2025-08-06,2026-08-06
wampler ego,,90.0,2025-08-06,2026-08-06
strymon lex,,185.0,2025-08-06,2026-08-06
sioux villa ave,,80.0,2025-08-06,2026-08-06
sioux gordan drive,,90.0,2025-08-06,2026-08-06
one control silver bee od,,25.0,2025-08-06,2026-08-06
Jetter GS124,,95.0,2025-08-06,2026-08-06
Benson Germanium Fuzz,,175.0,2025-08-06,2026-08-06
Keeley Java Boost CV7003,,150.0,2025-08-06,2026-08-06
westminster pedals 2716,,90.0,2025-08-06,2026-08-06
khdk lucifer acid wash,,200.0,2025-08-06,2026-08-06
fortin white chapel,,130.0,2025-08-06,2026-08-06
khdk LCFR: The Second Coming,,200.0,2025-08-06,2026-08-06
noise pollution skull driver od,,75.0,2025-08-06,2026-08-06
solar chug,,140.0,2025-08-06,2026-08-06
pepers pedals grunt,,140.0,2025-08-06,2026-08-06
pepers pedals chaos,,115.0,2025-08-06,2026-08-06
pepers pedals green pepers,,145.0,2025-08-06,2026-08-06
fuzz imp shrood,,65.0,2025-08-06,2026-08-06
pepers pedals mage clviii,,110.0,2025-08-06,2026-08-06
fortin fuzz,,55.0,2025-08-06,2026-08-06
pepers pedals rot,,19.0,2025-08-06,2026-08-06
fortin roach,,65.0,2025-08-06,2026-08-06
pepers pedals wendigo,,100.0,2025-08-06,2026-08-06
pepers pedals dirty tree,,140.0,2025-08-06,2026-08-06
pepers pedals old mate sassy,,90.0,2025-08-06,2026-08-06
pepers pedals russian doom,,100.0,2025-08-06,2026-08-06
fluxecho horizon devices,,125.0,2025-08-06,2026-08-06
electric eye audio mud killer,,9.0,2025-08-06,2026-08-06
kma pylon,,135.0,2025-08-06,2026-08-06
digitech drop,,150.0,2025-08-06,2026-08-06
fuzz imp creature,,85.0,2025-08-06,2026-08-06
tc hall of fame 2,,90.0,2025-08-06,2026-08-06
fortin tempest,,125.0,2025-08-06,2026-08-06
fortin hex,,130.0,2025-08-06,2026-08-06
fortin zulu +,,29.0,2025-08-06,2026-08-06
fortin grind,,130.0,2025-08-06,2026-08-06
fortin spliff,,90.0,2025-08-06,2026-08-06
keeley compressor 4 knob,,75.0,2025-08-06,2026-08-06
Peace Hill FX TRJM: Preamp based on John Mayer’s Two Rock,,500.0,2025-08-06,2026-08-06
WAT Ranges,,178.0,2025-08-06,2026-08-06
cornerstone gladio,,270.0,2025-08-06,2026-08-06
Jetter Gold,,100.0,2025-08-06,2026-08-06
Jetter Monster,,19.0,2025-08-06,2026-08-06
Okko Twinsonic MKII,,175.0,2025-08-06,2026-08-06
sabbadius funky vibe woodstock,,525.0,2025-08-06,2026-08-06
warm audio mutation phasor ii,,85.0,2025-08-06,2026-08-06
chase tone secret preamp,,145.0,2025-08-06,2026-08-06
catalinbread airstrip,,115.0,2025-08-06,2026-08-06
warm audio warm chorus vibrato,,105.0,2025-08-06,2026-08-06
bearfoot honey bee od,,150.0,2025-08-06,2026-08-06
ceriatone centura black,,180.0,2025-08-06,2026-08-06
strymon ola,,190.0,2025-08-06,2026-08-06
mxr reverb,,115.0,2025-08-06,2026-08-06
ehx soul food,,50.0,2025-08-06,2026-08-06
wampler tumnus deluxe,,130.0,2025-08-06,2026-08-06
wampler tumnus deluxe,,130.0,2025-08-06,2026-08-06
mxr kerry king q zone,,100.0,2025-08-06,2026-08-06
hotone tuner express,,100.0,2025-08-06,2026-08-06
Univox uni fuzz,,525.0,2025-08-06,2026-08-06
ehx the worm 90s,,90.0,2025-08-06,2026-08-06
Digitech drop,,150.0,2025-08-06,2026-08-06
boss ve-20,,190.0,2025-08-06,2026-08-06
xotic sp compressor,,75.0,2025-08-06,2026-08-06
boss rc-3,,75.0,2025-08-06,2026-08-06
jhs 3 series flanger,,60.0,2025-08-06,2026-08-06
yamaha thr10x,,200.0,2025-08-06,2026-08-06
positive grid spark 40,,140.0,2025-08-06,2026-08-06
Bose T4S,,400.0,2025-08-06,2026-08-06
eqd plumes,,70.0,2025-08-06,2026-08-06
boss dd20,,110.0,2025-08-06,2026-08-06
walrus audio slo,,120.0,2025-08-06,2026-08-06
nux atlantic delay / reverb,,85.0,2025-08-06,2026-08-06
mxr carbon copy,,70.0,2025-08-06,2026-08-06
ehx stereo pulsar,,40.0,2025-08-06,2026-08-06
korg pitchblack tuner,,25.0,2025-08-06,2026-08-06
ibanez ts mini,,45.0,2025-08-06,2026-08-06
tc viscous vibe,,70.0,2025-08-06,2026-08-06
ehx satisfaction plus,,45.0,2025-08-06,2026-08-06
lehle parallel,,165.0,2025-08-06,2026-08-06
tc helix,,65.0,2025-08-06,2026-08-06
thorpyfx pulse doppler,,165.0,2025-08-06,2026-08-06
behringer fuzz bender,,55.0,2025-08-06,2026-08-06
ehx oceans 11,,100.0,2025-08-06,2026-08-06
mooer brown sound 3,,50.0,2025-08-06,2026-08-06
fender the pinwheel,,155.0,2025-08-06,2026-08-06
phd isosceles,,115.0,2025-08-06,2026-08-06
ibanez ts9,,10.0,2025-08-06,2026-08-06
fulltone ocd v2,,90.0,2025-08-06,2026-08-06
voodoo lab micro vibe,,110.0,2025-08-06,2026-08-06
lovepedal vibronaut,,120.0,2025-08-06,2026-08-06
dunlop rotovibe jd-4s,,165.0,2025-08-06,2026-08-06
jhs ross phaser,,100.0,2025-08-06,2026-08-06
boss rt-20,,220.0,2025-08-06,2026-08-06
1963 Fender Bandmaster head,,700.0,2025-08-06,2026-08-06
1956 silvertone u2,,1150.0,2025-08-06,2026-08-06
all pedal jeff loomis devil pedal essentials,,170.0,2025-08-06,2026-08-06
fuzzlord drone master,,165.0,2025-08-06,2026-08-06
boss tu-3,,55.0,2025-08-06,2026-08-06
boss ch-1,,28.0,2025-08-06,2026-08-06
korg miku stomp,,490.0,2025-08-06,2026-08-06
ehx poly stereo chorus,,315.0,2025-08-06,2026-08-06
boss fz2 hyper fuzz,,260.0,2025-08-06,2026-08-06
Boss me-70,,115.0,2025-08-06,2026-08-06
bbe boosta grande,,40.0,2025-08-06,2026-08-06
focusrite scarlett,,70.0,2025-08-06,2026-08-06
dod fx22 vibrothang,,65.0,2025-08-06,2026-08-06
ibanez ts9,,70.0,2025-08-06,2026-08-06
zoom g1x,,50.0,2025-08-06,2026-08-06
boss pw-10 v-wah,,75.0,2025-08-06,2026-08-06
donner circle looper,,50.0,2025-08-06,2026-08-06
livewire spdi passive,,20.0,2025-08-06,2026-08-06
tc helicon mic mechanic,,105.0,2025-08-06,2026-08-06
way huge swollen pickle mkii,,90.0,2025-08-06,2026-08-06
digitech mosaic,,125.0,2025-08-06,2026-08-06
tc helicon voicetone,,80.0,2025-08-06,2026-08-06
ehx lester,,135.0,2025-08-06,2026-08-06
source audio collider,,240.0,2025-08-06,2026-08-06
tech 21 bass flyrig,,160.0,2025-08-06,2026-08-06
dmc micro pro,,90.0,2025-08-06,2026-08-06
source audio c4 synth,,175.0,2025-08-06,2026-08-06
quilter bass block 800,,450.0,2025-08-06,2026-08-06
eventide h9 max,,5.0,2025-08-06,2026-08-06
nux loop core stereo deluxe,,70.0,2025-08-06,2026-08-06
analogman prince of tone,,175.0,2025-08-06,2026-08-06
boss vb-2w,,175.0,2025-08-06,2026-08-06
boss dm-2w,,110.0,2025-08-06,2026-08-06
way huge russian pickle,,110.0,2025-08-06,2026-08-06
Kingsley Page TS,,400.0,2025-08-06,2026-08-06
tsakalis room 40,,175.0,2025-08-06,2026-08-06
Voodoo labs sparkle drive,,65.0,2025-08-06,2026-08-06
E-H Glove,,40.0,2025-08-06,2026-08-06
E-H Satisfaction,,45.0,2025-08-06,2026-08-06
Walrus audio Julia,,130.0,2025-08-06,2026-08-06
Poly Effects Verbs,,260.0,2025-08-06,2026-08-06
trade in credit,,195.0,2025-08-06,2026-08-06
Cusack tap-a-whirl v3 with original box,,100.0,2025-08-06,2026-08-06
Catalinbread topanga ii,,150.0,2025-08-06,2026-08-06
Jam pedals Chill,Excellent Condition,130.0,2025-08-06,2026-08-06
Fullltone Fulldrive2,,80.0,2025-08-06,2026-08-06
Fullltone OCD v4(original version 4),,115.0,2025-08-06,2026-08-06
MXR Fat Sugar,,75.0,2025-08-06,2026-08-06
Fullltone Supatrem Jr,,110.0,2025-08-06,2026-08-06
ProCo Rat 2,,65.0,2025-08-06,2026-08-06
MXR Phase 90,,55.0,2025-08-06,2026-08-06
analogman modded ts9,,150.0,2025-08-06,2026-08-06
danelectro pastrami,,30.0,2025-08-06,2026-08-06
nobels odr-1 ltd sparkle green,,120.0,2025-08-06,2026-08-06
analogman prince of tone,,175.0,2025-08-06,2026-08-06
j rockett the dude,,110.0,2025-08-06,2026-08-06
mxr phase 95,,70.0,2025-08-06,2026-08-06
ehx soul pog,,105.0,2025-08-06,2026-08-06
fulltone fulldrive ii mosfet,,80.0,2025-08-06,2026-08-06
strymon volante,,280.0,2025-08-06,2026-08-06
strymon flint v2,,260.0,2025-08-06,2026-08-06
fractall vp4,,550.0,2025-08-06,2026-08-06
strymon volante,,280.0,2025-08-06,2026-08-06
strymon flint v2,,255.0,2025-08-06,2026-08-06
Mutron III+,,250.0,2025-08-06,2026-08-06
Boss FZ2,,280.0,2025-08-06,2026-08-06
Chase Bliss Brothers AM,,270.0,2025-08-06,2026-08-06
Analogman Sun Face BC 183,,245.0,2025-08-06,2026-08-06
Way Huge Deep State,,320.0,2025-08-06,2026-08-06
Cooper FX Outward v2,,380.0,2025-08-06,2026-08-06
Analogman Peppermint Fuzz,Mint,245.0,2025-08-06,2026-08-06
Meris Ottobit Jr,,200.0,2025-08-06,2026-08-06
Chase Bliss Dark World,,270.0,2025-08-06,2026-08-06
OBNE Screen Violence,,250.0,2025-08-06,2026-08-06
Source Audio Artifakt,,260.0,2025-08-06,2026-08-06
Drolo Strands,,370.0,2025-08-06,2026-08-06
Chase Bliss Generation Loss v1,,330.0,2025-08-06,2026-08-06
Triangulo Labs WHX,,200.0,2025-08-06,2026-08-06
Chase Bliss Onward,,330.0,2025-08-06,2026-08-06
Land Devices Domino Octave,,75.0,2025-08-06,2026-08-06
Keeley Monterey,,160.0,2025-08-06,2026-08-06
EQD Arpanoid,,140.0,2025-08-06,2026-08-06
EQD Dunes,,90.0,2025-08-06,2026-08-06
OBNE BL44,,130.0,2025-08-06,2026-08-06
OBNE BL82,,110.0,2025-08-06,2026-08-06
Fuzzrocious Electric Ocean,,130.0,2025-08-06,2026-08-06
Chase Bliss Exp Roller,,110.0,2025-08-06,2026-08-06
Walrus Kangra,,85.0,2025-08-06,2026-08-06
JHS Bonsai,,150.0,2025-08-06,2026-08-06
J Rockett HRM v1,,90.0,2025-08-06,2026-08-06
JHS Pollinator v1,,150.0,2025-08-06,2026-08-06
Drunk Beaver Fluff,,120.0,2025-08-06,2026-08-06
Danelectro Spring King,,140.0,2025-08-06,2026-08-06
EHX Holy Grail,,70.0,2025-08-06,2026-08-06
EQD Afterneath v3,,120.0,2025-08-06,2026-08-06
Walrus Lore,,175.0,2025-08-06,2026-08-06
J Rockett Blue Note,,90.0,2025-08-06,2026-08-06
EHX Key9,,160.0,2025-08-06,2026-08-06
Boss Space Echo RE2,,140.0,2025-08-06,2026-08-06
Digitech Dirty Robot,,130.0,2025-08-06,2026-08-06
Jackson Audio Blossom,,9.0,2025-08-06,2026-08-06
EHX QTron,,80.0,2025-08-06,2026-08-06
OBNE Dark Star Stereo,,150.0,2025-08-06,2026-08-06
Dreadbox Raindrops,,180.0,2025-08-06,2026-08-06
Dreadbox Darkness,,155.0,2025-08-06,2026-08-06
JHS Unicorn v2,,130.0,2025-08-06,2026-08-06
Mas Effects The Expanse,,180.0,2025-08-06,2026-08-06
MXR Studio Compressor,,120.0,2025-08-06,2026-08-06
Line 6 DL4,,100.0,2025-08-06,2026-08-06
EQD Data Corrupter,,145.0,2025-08-06,2026-08-06
Sketchy Sounds Tone Quest,,70.0,2025-08-06,2026-08-06
Boss DS2,,70.0,2025-08-06,2026-08-06
Wilson Effects Not the NotRite,,90.0,2025-08-06,2026-08-06
ZVex Instant Lofi Junky,,140.0,2025-08-06,2026-08-06
Catalinbread Belle Epoch,,115.0,2025-08-06,2026-08-06
Mtl Assembly Count to 5,,180.0,2025-08-06,2026-08-06
OBNE Excess v2,,150.0,2025-08-06,2026-08-06
Beautiful Noise Effects Exploder,,160.0,2025-08-06,2026-08-06
Wilson Effects Rippah Wah,,120.0,2025-08-06,2026-08-06
Pigtronix Mothership,,80.0,2025-08-06,2026-08-06
Sonic Cake Vexpress,,25.0,2025-08-06,2026-08-06
JHS Little Black Buffer,,50.0,2025-08-06,2026-08-06
EHX Big Muff,,50.0,2025-08-06,2026-08-06
EHX Big Muff w Tone Wicker,,50.0,2025-08-06,2026-08-06
MXR Raw Dawg,,50.0,2025-08-06,2026-08-06
Gup Tech Poulp Octave Up,,40.0,2025-08-06,2026-08-06
Pigtronix Gamma Drive,,40.0,2025-08-06,2026-08-06
EHX RTG,,60.0,2025-08-06,2026-08-06
TC Electronic Sub n Up,,50.0,2025-08-06,2026-08-06
Line6 HX One,,190.0,2025-08-06,2026-08-06
Strymon Lex,,190.0,2025-08-06,2026-08-06
Maxon Analog Delay,,140.0,2025-08-06,2026-08-06
TC Electronics original Hall of Fame Reverb,,80.0,2025-08-06,2026-08-06
EHX Oceans 11,,100.0,2025-08-06,2026-08-06
EHX Canyon,,90.0,2025-08-06,2026-08-06
TC Electronic Arena,,15.0,2025-08-06,2026-08-06
Catalinbread Dirty Little Secret,,75.0,2025-08-06,2026-08-06
EHX Micro Tron,,60.0,2025-08-06,2026-08-06
J Rockett Archer,,115.0,2025-08-06,2026-08-06
Lovepedal Purple Plexi,,135.0,2025-08-06,2026-08-06
MXR Noise Clamp,,50.0,2025-08-06,2026-08-06
Dunlop GCB 80 Volume,,40.0,2025-08-06,2026-08-06
ehx super switcher,,230.0,2025-08-06,2026-08-06
beat buddy,,230.0,2025-08-06,2026-08-06
moog mini fooger mf delay,,250.0,2025-08-06,2026-08-06
all pedal macrodose,,17.0,2025-08-06,2026-08-06
Tc helicon performer v,,160.0,2025-08-06,2026-08-06
Catalina skewer,,80.0,2025-08-06,2026-08-06
earthquake organizer,,100.0,2025-08-06,2026-08-06
Memory boy,,70.0,2025-08-06,2026-08-06
Digitech Whammy 4,,130.0,2025-08-06,2026-08-06
Anubis by fox gear,,80.0,2025-08-06,2026-08-06
ampeg liquifer analogue chorus,,70.0,2025-08-06,2026-08-06
source audio manta bass filter,,70.0,2025-08-06,2026-08-06
mxr phase 100,,90.0,2025-08-06,2026-08-06
earth quaker rainbow machine,,150.0,2025-08-06,2026-08-06
boss October oc-2,,120.0,2025-08-06,2026-08-06
mxr phase 100,,90.0,2025-08-06,2026-08-06
source audio multiwave bass distortion,,70.0,2025-08-06,2026-08-06
source audio ultra wave,,130.0,2025-08-06,2026-08-06
ehx qtron plus,,115.0,2025-08-06,2026-08-06
Catalina bread bicycle delay,,100.0,2025-08-06,2026-08-06
crybaby bass,,80.0,2025-08-06,2026-08-06
korg tuner,,25.0,2025-08-06,2026-08-06
moog mini fogger mf trem,,110.0,2025-08-06,2026-08-06
mark bass super synth,,100.0,2025-08-06,2026-08-06
ehx bass balls made in Russia,,70.0,2025-08-06,2026-08-06
moog mindooger mf ring,,150.0,2025-08-06,2026-08-06
octonaut hyper drive,,125.0,2025-08-06,2026-08-06
mxr bass compressor,,120.0,2025-08-06,2026-08-06
isp decimatir 2,,145.0,2025-08-06,2026-08-06
sea moon funk machine,,130.0,2025-08-06,2026-08-06
mxr poly blue octave,,130.0,2025-08-06,2026-08-06
Pigtonicr envelop phaser,,100.0,2025-08-06,2026-08-06
mxr brown acid,,115.0,2025-08-06,2026-08-06
Catalina rha led Zeppelin pedal,,90.0,2025-08-06,2026-08-06
Poison noises the crook,,90.0,2025-08-06,2026-08-06
source audio expression pedal,,60.0,2025-08-06,2026-08-06
behringer noise reducer,,20.0,2025-08-06,2026-08-06
bass big muff green,,50.0,2025-08-06,2026-08-06
behringer octave divider,,25.0,2025-08-06,2026-08-06
noisebkock FX comprestasio,,60.0,2025-08-06,2026-08-06
pigtrinics distortion mini,,40.0,2025-08-06,2026-08-06
ehx nano steel leather,,40.0,2025-08-06,2026-08-06
boss rc1,,60.0,2025-08-06,2026-08-06
Bogner ecstasy blue,,90.0,2025-08-06,2026-08-06
Egnater goldsmith overdrive,,80.0,2025-08-06,2026-08-06
Amplifier by atomic,,180.0,2025-08-06,2026-08-06
Black star dept 10 dual drive,,140.0,2025-08-06,2026-08-06
Amplitude X drive,,120.0,2025-08-06,2026-08-06
Spark booster mini,,25.0,2025-08-06,2026-08-06
Walrus Julianna,,170.0,2025-08-06,2026-08-06
CS-1 Spot,,90.0,2025-08-06,2026-08-06
Digitech DF-7,,90.0,2025-08-06,2026-08-06
MXR il Diavolo Overdrive,,90.0,2025-08-06,2026-08-06
Walrus Ages,,110.0,2025-08-06,2026-08-06
MXr Smart Gate,,50.0,2025-08-06,2026-08-06
MXr Dyna Comp,,40.0,2025-08-06,2026-08-06
1983 ibanez ts9,,250.0,2025-08-06,2026-08-06
crowther v1 hot cake,,215.0,2025-08-06,2026-08-06
original blues breaker,,310.0,2025-08-06,2026-08-06
digitech bad monkey,,90.0,2025-08-06,2026-08-06
vintage ph-1 w/ mod,,150.0,2025-08-06,2026-08-06
pedal train jr max board,,90.0,2025-08-06,2026-08-06
cioks dc7,,185.0,2025-08-06,2026-08-06
cioks dc8,,125.0,2025-08-06,2026-08-06
boss tu-3,,55.0,2025-08-06,2026-08-06
lehle mono volume mini,,170.0,2025-08-06,2026-08-06
dunlop mini wah auto return,,115.0,2025-08-06,2026-08-06
boss dc-2w,,155.0,2025-08-06,2026-08-06
mxr micro flanger,,60.0,2025-08-06,2026-08-06
whirlwind orange box phaser,,110.0,2025-08-06,2026-08-06
suhr dual boost,,125.0,2025-08-06,2026-08-06
boss rv6,,100.0,2025-08-06,2026-08-06
boss dd8,,125.0,2025-08-06,2026-08-06
origin effects cali 76 compressor,,280.0,2025-08-06,2026-08-06
2012 PRS DC3,,1150.0,2025-08-06,2026-08-06
1999 Gibson Firebird w/ lollar la prima,,1900.0,2025-08-06,2026-08-06
2019 PRS McCarty nitro,,2300.0,2025-08-06,2026-08-06
Gretsch roundup G6121ftw,,2200.0,2025-08-06,2026-08-06
Two rock topaz,,2100.0,2025-08-06,2026-08-06
2023 R8,,3000.0,2025-08-06,2026-08-06
Rockman X100,,240.0,2025-08-06,2026-08-06
TC Electronic G system,,210.0,2025-08-06,2026-08-06
Friedman BE-OD Overdrive,,100.0,2025-08-06,2026-08-06
Suhr Riot,,110.0,2025-08-06,2026-08-06
Wampler Dual Fusion,,100.0,2025-08-06,2026-08-06
Wampler Euphoria,,90.0,2025-08-06,2026-08-06
Wampler Analog Echo,,105.0,2025-08-06,2026-08-06
Fulltone Fat Boost,,80.0,2025-08-06,2026-08-06
Catalinbread Dirty Litte Secret V3,,70.0,2025-08-06,2026-08-06
Zvex Box of Rock Vexter,,110.0,2025-08-06,2026-08-06
Tone Freak Abunai 2,,150.0,2025-08-06,2026-08-06
EHX LPB1,,25.0,2025-08-06,2026-08-06
TC Electronic Ditto Looper,,40.0,2025-08-06,2026-08-06
power supply,,30.0,2025-08-06,2026-08-06
Interstellar audio fuzzsquatch,,110.0,2025-08-13,2026-08-13
Boss BP-1W,,120.0,2025-08-13,2026-08-13
Caitlinbread Topanga reverb,,110.0,2025-08-13,2026-08-13
MXR Hybrid Fuzz,,90.0,2025-08-13,2026-08-13
Old blood noise endeavors procession reverb v2,,350.0,2025-08-13,2026-08-13
Old blood noise endeavors dark light,,120.0,2025-08-13,2026-08-13
FuzzLord FM-7,,115.0,2025-08-13,2026-08-13
Line 6 HX Stomp XL White,,525.0,2025-08-13,2026-08-13
TC Electronic G Major II,,220.0,2025-08-13,2026-08-13
Two Notes Torpedo Captor X 8 ohm,,325.0,2025-08-13,2026-08-13
TC Electronic Flashback x4,,100.0,2025-08-13,2026-08-13
MXR 10 Band EQ,,90.0,2025-08-13,2026-08-13
Ground Control Pro,,130.0,2025-08-13,2026-08-13
GCX 8 Loop Switcher,,130.0,2025-08-13,2026-08-13
Dunlop Cry Baby GCB-95,,40.0,2025-08-13,2026-08-13
Ernie Ball Volume Pedal,,40.0,2025-08-13,2026-08-13
Fender PT-100 Tuner,,20.0,2025-08-13,2026-08-13
Gold Klon,,4400.0,2025-08-13,2026-08-13
Valeton bass dapper,,70.0,2025-08-13,2026-08-13
Tech21 Geddy Lee,,170.0,2025-08-13,2026-08-13
Vertex Ultra Phonix Special,,130.0,2025-08-13,2026-08-13
Vertex Ultra Phonix,,90.0,2025-08-13,2026-08-13
Demon FX Gravity,,40.0,2025-08-13,2026-08-13
Electro Harmonix 5x Junction Mixer/vintage,,40.0,2025-08-13,2026-08-13
MXR Bass Envelope Filter,,90.0,2025-08-13,2026-08-13
Source Audio Stingray,,120.0,2025-08-13,2026-08-13
Proco Rat 2,,60.0,2025-08-13,2026-08-13
Fulltone Deja Vibe MDV-1,,200.0,2025-08-13,2026-08-13
Fulltone Catalyst,,90.0,2025-08-13,2026-08-13
Jimi Hendrix Fuzz Face FFM3,,90.0,2025-08-13,2026-08-13
JHS colorbox v1,,270.0,2025-08-13,2026-08-13
red panda particle v1,,170.0,2025-08-13,2026-08-13
BOSS ME-50 w/ adapter,,115.0,2025-08-13,2026-08-13
BOSS RT-20,,255.0,2025-08-13,2026-08-13
BOSS BC-2,,85.0,2025-08-13,2026-08-13
BOSS BF-2B MIJ,,110.0,2025-08-13,2026-08-13
BOSS TR-2,,60.0,2025-08-13,2026-08-13
BOSS OD-2 MIJ,,75.0,2025-08-13,2026-08-13
BOSS MT-2,,50.0,2025-08-13,2026-08-13
BOSS CS-3 MIJ,,60.0,2025-08-13,2026-08-13
BOSS CS-3 MIJ,,60.0,2025-08-13,2026-08-13
BOSS NS-2,,50.0,2025-08-13,2026-08-13
BOSS BD-2,,80.0,2025-08-13,2026-08-13
BOSS BD-2,,80.0,2025-08-13,2026-08-13
BOSS FT-2 MIJ,,175.0,2025-08-13,2026-08-13
BOSS CE-5,,80.0,2025-08-13,2026-08-13
BOSS PH-3,,65.0,2025-08-13,2026-08-13
BOSS Katana MKii 50 watt,,170.0,2025-08-13,2026-08-13
JHS Buffer,,50.0,2025-08-13,2026-08-13
Saturnworks 5 way pedal switcher with LED’s,,70.0,2025-08-13,2026-08-13
Eventide H90 - brand new in box,,675.0,2025-08-13,2026-08-13
Fulltone OCD V1,,300.0,2025-08-13,2026-08-13
Fuzz face FFM3,,90.0,2025-08-13,2026-08-13
MXR Custom Audio Electronics Boost/Overdrive,,70.0,2025-08-13,2026-08-13
Warm Audio ODD,,70.0,2025-08-13,2026-08-13
Ibanez NU Tube Screamer,,140.0,2025-08-13,2026-08-13
Boss JB-2 JHS Angry Driver,,145.0,2025-08-13,2026-08-13
Missing Link Audio The Eliminator,,125.0,2025-08-13,2026-08-13
Keeley Bubbletron,,115.0,2025-08-15,2026-08-15
Crazy Tube Circuits Memphis,,120.0,2025-08-15,2026-08-15
Wampler Tumnus deluxe,,125.0,2025-08-15,2026-08-15
MXR Timmy,,85.0,2025-08-15,2026-08-15
JHS pack rat,,150.0,2025-08-15,2026-08-15
Keeley Omni Reverb,,80.0,2025-08-15,2026-08-15
Old Blood Noise Signal Blender,,100.0,2025-08-15,2026-08-15
Boss BF-2,,90.0,2025-08-15,2026-08-15
Line 6 DL4,,110.0,2025-08-15,2026-08-15
Mesa Boogie Throttle Box,,110.0,2025-08-15,2026-08-15
Digitech The Weapon,,90.0,2025-08-15,2026-08-15
Tonex Large,,225.0,2025-08-15,2026-08-15
kemper profile player,,570.0,2025-08-15,2026-08-15
GK plex,,330.0,2025-08-15,2026-08-15
mesa subway + di,,280.0,2025-08-15,2026-08-15
VS Audio Platinum,,170.0,2025-08-15,2026-08-15
ehx pog 2,,235.0,2025-08-15,2026-08-15
tc flashback 4x,,110.0,2025-08-15,2026-08-15
arion stereo chorus,,100.0,2025-08-15,2026-08-15
ibanez pd7 phathead,,80.0,2025-08-15,2026-08-15
fulltone ocd 1.7,,100.0,2025-08-15,2026-08-15
ampeg scrambler bass od,,40.0,2025-08-15,2026-08-15
ehx bass big muff,,60.0,2025-08-15,2026-08-15
keeley muse driver,,115.0,2025-08-15,2026-08-15
ernie ball vp tuner,,115.0,2025-08-15,2026-08-15
Decibelics Golden Horse Overdrive,,240.0,2025-08-15,2026-08-15
Xotic sp2 compressor,,75.0,2025-08-15,2026-08-15
Electroharmonix Canyon Reverb/Delay,,90.0,2025-08-15,2026-08-15
Behringer Centaur,,175.0,2025-08-15,2026-08-15
Decibelics Angry Swede Distortion,,140.0,2025-08-15,2026-08-15
Decibelics Reverend Distortion,,180.0,2025-08-15,2026-08-15
Digitech Bad Monkey w/Modest Mike's Gorilla,,120.0,2025-08-15,2026-08-15
Boss dd3,,80.0,2025-08-15,2026-08-15
dunlop echo plex preamp,,75.0,2025-08-15,2026-08-15
1980s mxr envelope filter,,170.0,2025-08-15,2026-08-15
"1980s TC Chorus, Flanger, Pitch Modulator",,160.0,2025-08-15,2026-08-15
morley ab box,,25.0,2025-08-15,2026-08-15
EHX pitch fork,,130.0,2025-08-15,2026-08-15
jhs pink panther,,220.0,2025-08-15,2026-08-15
jhs panther v1 printed version,,415.0,2025-08-15,2026-08-15
jhs steak n eggs,,275.0,2025-08-15,2026-08-15
jhs prestige,,65.0,2025-08-15,2026-08-15
ThorpyFX Fallout Cloud,,150.0,2025-08-15,2026-08-15
ThorpyFX Chain Home,,170.0,2025-08-15,2026-08-15
Gear Ant Yellowjacket,,130.0,2025-08-15,2026-08-15
Nobels ODR-1,,65.0,2025-08-15,2026-08-15
Cusack Music DELAY TME + Tap ltd edition Chrome 19 of 22,,115.0,2025-08-15,2026-08-15
RaingerFX MiniBar,,9.0,2025-08-15,2026-08-15
Red Noise Effects Stone Bender v 1.3,,130.0,2025-08-15,2026-08-15
Keeley Electronics Caverns,,100.0,2025-08-15,2026-08-15
Keeley Electronics Fuzz Bender,,85.0,2025-08-15,2026-08-15
Adventure Audio Whataverb v2,,100.0,2025-08-15,2026-08-15
Dusky Electronics More Me Boost,,100.0,2025-08-15,2026-08-15
Dusky Electronics Octomotron Fuzz,,80.0,2025-08-15,2026-08-15
Coppersound Pedal Effects Daedalus,,100.0,2025-08-15,2026-08-15
Coppersound Pedal Effects Polaris,,85.0,2025-08-15,2026-08-15
Mad Professor Simble Twimble,,200.0,2025-08-15,2026-08-15
EHX Hum Debugger,,90.0,2025-08-15,2026-08-15
Mojo Hand FX Bayou Trem,,70.0,2025-08-15,2026-08-15
Fulltone Fulldrive 2 Mosfet,,80.0,2025-08-15,2026-08-15
Wampler Pantheon,,110.0,2025-08-15,2026-08-15
Wampler Tweed,,120.0,2025-08-15,2026-08-15
TC Elcetronic Flashback,,55.0,2025-08-15,2026-08-15
TC Elcetronic Corona,,24.0,2025-08-15,2026-08-15
Boss TU-2,,35.0,2025-08-15,2026-08-15
Dunlop Wah,,40.0,2025-08-15,2026-08-15
Like new Origin Effects Cali76 Stacked,,310.0,2025-08-15,2026-08-15
Source Audio Nemesis ADT,,225.0,2025-08-15,2026-08-15
Morningstar MC3 midi controller,,150.0,2025-08-15,2026-08-15
Nobels ODR-1 limited 30th Anniversary edition with bass cut knob,,29.0,2025-08-15,2026-08-15
Walrus Audio Mira Compressor,,115.0,2025-08-15,2026-08-15
Boss OC-2 Octave,,120.0,2025-08-15,2026-08-15
Jam Pedals Rattler,,140.0,2025-08-15,2026-08-15
Goodwood Audio Audition junction box,Good,30.0,2025-08-15,2026-08-15
MXR Sub Machine,,90.0,2025-08-15,2026-08-15
Ibanez WD7 wah,,100.0,2025-08-15,2026-08-15
PD7 bass overdrive,,80.0,2025-08-15,2026-08-15
SB7 Synthesizer Bass,,90.0,2025-08-15,2026-08-15
eventide h9 max -excellent cond,Excellent,320.0,2025-08-15,2026-08-15
eventide h9 max -excellent cond,Excellent,320.0,2025-08-15,2026-08-15
boss dm-2w delay / waza craft - excellent cond,Excellent,110.0,2025-08-15,2026-08-15
boss ge-7 eq fromel mod's installed - excellent cond,Excellent,110.0,2025-08-15,2026-08-15
pettyjohn lift buffer/boost - excellent cond,Excellent,140.0,2025-08-15,2026-08-15
"voodoo lab sparkle drive, alchemy audio mods - excellent cond",Excellent,80.0,2025-08-15,2026-08-15
xotic effects rc booster - excellent cond,Excellent,110.0,2025-08-15,2026-08-15
eventide powermax power supply - excellent cond,Excellent,160.0,2025-08-15,2026-08-15
voodoolab pedal power 2 plus power supply - excellent cond,Excellent,90.0,2025-08-15,2026-08-15
korg pb-ad pitchblack advance tuner - excellent cond,Excellent,25.0,2025-08-15,2026-08-15
nobels odr-1 - excellent cond,Excellent,40.0,2025-08-15,2026-08-15
"mxr custom shop custom comp, kinnatone mods - very good cond",Very Good,50.0,2025-08-15,2026-08-15
radial bigshoy ABY - excellent cond,Excellent,50.0,2025-08-15,2026-08-15
sweetfoot tiny cat amp channel switcher - excellent cond,Excellent,20.0,2025-08-15,2026-08-15
loop masters 5 switcher - excellent cond,Excellent,60.0,2025-08-15,2026-08-15
JAM Pedals Double Dreamer,,200.0,2025-08-15,2026-08-15
Analogman KOT Pedal,,700.0,2025-08-15,2026-08-15
Headrush pedalboard,,375.0,2025-08-15,2026-08-15
Zoom G5N,,120.0,2025-08-15,2026-08-15
Amplitube Tonex,,110.0,2025-08-15,2026-08-15
Electro Harmonix B9,,130.0,2025-08-15,2026-08-15
Mad Professor Super Black,,150.0,2025-08-15,2026-08-15
Mad Professor Royal Blue Overdrive,,110.0,2025-08-15,2026-08-15
Boss Blues Driver BD-2W,,115.0,2025-08-15,2026-08-15
JHS The A+,,130.0,2025-08-15,2026-08-15
Flamma FS 21,,50.0,2025-08-15,2026-08-15
TC Electronic Tube Pilot,,40.0,2025-08-15,2026-08-15
Moore Yellow Comp,,25.0,2025-08-15,2026-08-15
Mutron III+,,285.0,2025-08-15,2026-08-15
truetone Jekyll and Hyde,,130.0,2025-08-15,2026-08-15
Digitech Freqout,,150.0,2025-08-15,2026-08-15
Cusack Tap-a-delay,,90.0,2025-08-15,2026-08-15
Alexander Custom Shop pedal,,120.0,2025-08-15,2026-08-15
Boss rc-2 loop station,,50.0,2025-08-15,2026-08-15
Trio Plus With digitech fs3x,,200.0,2025-08-15,2026-08-15
Zoom B6,,280.0,2025-08-15,2026-08-15
Boss CS-3,,40.0,2025-08-15,2026-08-15
Boss CH-1,,40.0,2025-08-15,2026-08-15
EHX sovtek green civil war big muff pi version b7,,450.0,2025-08-15,2026-08-15
1970s Kay fuzz tone sound bender mij,,300.0,2025-08-15,2026-08-15
1979 cosmosound wildsound fuzz,,350.0,2025-08-15,2026-08-15
1972 roland af-100 fuzz and treble booster,,300.0,2025-08-15,2026-08-15
1979 rivera buff ii buffer,,150.0,2025-08-15,2026-08-15
ibanez pt3,,90.0,2025-08-15,2026-08-15
1980s aria afz-1,,115.0,2025-08-15,2026-08-15
70s/80s boss cs-1,,100.0,2025-08-15,2026-08-15
1996 ibanez ts9,,90.0,2025-08-15,2026-08-15
1979 dod preammp 250,,375.0,2025-08-15,2026-08-15
Apollo shin-ei fy-6 super fuzz,,400.0,2025-08-15,2026-08-15
dod analog delay 680,,200.0,2025-08-15,2026-08-15
Royal fuzz wah machine model rp-2,,275.0,2025-08-15,2026-08-15
EHX bassballs twin dynamic filter,,120.0,2025-08-15,2026-08-15
Realistic Reverb,,80.0,2025-08-15,2026-08-15
Victory Kraken,,270.0,2025-08-15,2026-08-15
KSR Ceres preamp,,260.0,2025-08-15,2026-08-15
JHS Angry Charlie,,110.0,2025-08-15,2026-08-15
Wampler Terraform,,150.0,2025-08-15,2026-08-15
EHX Good Vibes,Good,90.0,2025-08-15,2026-08-15
Morley Bad Horsie Wah,,40.0,2025-08-15,2026-08-15
EVH 5150 Chorus,,115.0,2025-08-15,2026-08-15
MXR 10 Band EQ,,90.0,2025-08-15,2026-08-15
Joyo Cab Box,,80.0,2025-08-15,2026-08-15
Boss VE-8 Acoustic Singer,,210.0,2025-08-15,2026-08-15
EQD Levitation,,105.0,2025-08-15,2026-08-15
Fulltone Octafuzz,,105.0,2025-08-15,2026-08-15
MXR Phase 100,,85.0,2025-08-15,2026-08-15
Third Man Knife Drop,,230.0,2025-08-15,2026-08-15
Boss bass octave,,100.0,2025-08-15,2026-08-15
Dunlop bass wah,,75.0,2025-08-15,2026-08-15
Big muff distortion,,50.0,2025-08-15,2026-08-15
Boss CE-3,,80.0,2025-08-15,2026-08-15
Boss OC-3,,90.0,2025-08-15,2026-08-15
MXR Bass Octave Deluxe,,90.0,2025-08-15,2026-08-15
MXR Bass Envelope Filter,,90.0,2025-08-15,2026-08-15
MXR Bass Fuzz Deluxe,,70.0,2025-08-15,2026-08-15
Boss RC-1,,60.0,2025-08-15,2026-08-15
Boss AD-5,,110.0,2025-08-15,2026-08-15
Boss DD-3,,80.0,2025-08-15,2026-08-15
Electro Harmonix Deluxe Electric Mistress,,180.0,2025-08-15,2026-08-15
Electro Harmonix Holy Grail Neo,,80.0,2025-08-15,2026-08-15
Fender Downtown Express,,135.0,2025-08-15,2026-08-15
Fulltone '70,,105.0,2025-08-15,2026-08-15
Hotone A-Station,,70.0,2025-08-15,2026-08-15
JHS Alpine,,120.0,2025-08-15,2026-08-15
JHS Charlie Brown V4,,120.0,2025-08-15,2026-08-15
JHS Mini Bomb Boost,,100.0,2025-08-15,2026-08-15
JHS Morning Glory V4,,130.0,2025-08-15,2026-08-15
JHS Prestige,,70.0,2025-08-15,2026-08-15
Keeley Super Phat Mod,,80.0,2025-08-15,2026-08-15
Line 6 MM4 & PX-2G,,100.0,2025-08-15,2026-08-15
L.R. Baggs Session Compressor,,115.0,2025-08-15,2026-08-15
MXR M108,,90.0,2025-08-15,2026-08-15
MXR Bass Envelope Filter,,90.0,2025-08-15,2026-08-15
Tech 21 American Woman,,150.0,2025-08-15,2026-08-15
Tech 21 Boost Chorus,,140.0,2025-08-15,2026-08-15
Tech 21 Roto Choir,,160.0,2025-08-15,2026-08-15
Two Notes Torpedo CAB M+,,125.0,2025-08-15,2026-08-15
Voodoo Lab Analog Chorus,,120.0,2025-08-15,2026-08-15
Voodoo Lab Pedal Switcher 4,,100.0,2025-08-15,2026-08-15
Voodoo Lab Tremolo,,80.0,2025-08-15,2026-08-15
Wampler Black '65,,150.0,2025-08-15,2026-08-15
Xotic Effects AC Booster,,90.0,2025-08-15,2026-08-15
T.C. Electronic Sub'n'Up Mini,,50.0,2025-08-15,2026-08-15
MXR Micro Chorus,,50.0,2025-08-15,2026-08-15
JHS Stutter Switch,,20.0,2025-08-15,2026-08-15
Hotone Vowpress,,30.0,2025-08-15,2026-08-15
Boss FS-6,,40.0,2025-08-15,2026-08-15
Boss TR-2,,60.0,2025-08-15,2026-08-15
Caline Ragnarok,,30.0,2025-08-15,2026-08-15
Earthquaker Devices Special Cranker,,60.0,2025-08-15,2026-08-15
Electro Harmonix Satisfaction Plus,,40.0,2025-08-15,2026-08-15
Behringer SO400,,25.0,2025-08-15,2026-08-15
Boss digital metalizer -works well,Very Good Condition,160.0,2025-08-15,2026-08-15
Boss blues driver 50th anniversary bd-2 -mint w box papers etc,Mint,90.0,2025-08-15,2026-08-15
Boss tr-2 tremolo -mint w box papers etc,Mint,60.0,2025-08-15,2026-08-15
fractal vp4,,570.0,2025-08-15,2026-08-15
UAFX Enigmatic,,265.0,2025-08-15,2026-08-15
Boss BD2-W,,115.0,2025-08-15,2026-08-15
Boss SD1-W,,105.0,2025-08-15,2026-08-15
GFI Skylar reverb,,170.0,2025-08-15,2026-08-15
horizon devices flux echo,,145.0,2025-08-15,2026-08-15
Strymon Compadre,,190.0,2025-08-15,2026-08-15
Boss ds1-w,,90.0,2025-08-15,2026-08-15
fortin mini grind,,80.0,2025-08-15,2026-08-15
Hotone wah/expression/volume,,35.0,2025-08-15,2026-08-15
Stone Deaf Warp Drive,,130.0,2025-08-15,2026-08-15
PDF IX Stone Deaf,,160.0,2025-08-15,2026-08-15
Mojo Amp Sol Drive Tube Pedal,,170.0,2025-08-15,2026-08-15
Jet Pedals Revelations 3 Knob Older Model,,140.0,2025-08-15,2026-08-15
Pedal Pawn Regular Diod Fuzz,,150.0,2025-08-15,2026-08-15
Keeley Electronics Filaments Overdrive,,90.0,2025-08-15,2026-08-15
Midi Maestro Gold,,170.0,2025-08-15,2026-08-15
Boss CPIX Compressor,,100.0,2025-08-15,2026-08-15
Stone Deaf Trashy Blonde Overdrive,,140.0,2025-08-15,2026-08-15
MXR Rockman MX100,,175.0,2025-08-15,2026-08-15
Keeley Compressor,,80.0,2025-08-15,2026-08-15
Boss Bass Effects Processor GT-1B,,110.0,2025-08-15,2026-08-15
Catalinbread SFT,,85.0,2025-08-15,2026-08-15
Zoom Multi Stomp MS-200D+,,75.0,2025-08-15,2026-08-15
MXR Berzerker Overdrive Zak Wylde,,75.0,2025-08-15,2026-08-15
Jet Pedals Eternity Serial #251,,150.0,2025-08-15,2026-08-15
Orion Tape Echo,,80.0,2025-08-15,2026-08-15
Morley Bad Horsie 2 Contour,,45.0,2025-08-15,2026-08-15
TC Electronic Ditto Looper,,40.0,2025-08-15,2026-08-15
MXR Micro Amp M133,,50.0,2025-08-15,2026-08-15
Proco Rat,,60.0,2025-08-15,2026-08-15
Walrus Audio Fundamental Fuzz,,50.0,2025-08-15,2026-08-15
Boss Superdrive SD-1,,35.0,2025-08-15,2026-08-15
Boss Distortion DS-1,,35.0,2025-08-15,2026-08-15
Boss BD-2,,60.0,2025-08-15,2026-08-15
Boss CS-3,,40.0,2025-08-15,2026-08-15
Boss NS-2,,50.0,2025-08-15,2026-08-15
Cube Baby Multi Effects,,20.0,2025-08-15,2026-08-15
Sonicake Acoustic Guitar Preamp,,25.0,2025-08-15,2026-08-15
Twin Pedal metal Distortion,,30.0,2025-08-15,2026-08-15
Dolamo Compressor D-I,,20.0,2025-08-15,2026-08-15
M-Vave Mini-Universe,,25.0,2025-08-15,2026-08-15
Movall MP 100 Interplanetary blues drive,,20.0,2025-08-15,2026-08-15
Twin Pedal Twin Louper,,45.0,2025-08-15,2026-08-15
Cube Baby Multi Effects,,20.0,2025-08-15,2026-08-15
Walrus Audio Fundamental Ambient,,65.0,2025-08-15,2026-08-15
Chinese Bluesy Overdrive,,20.0,2025-08-15,2026-08-15
TC Electronics Bona Fide Buffer,,25.0,2025-08-15,2026-08-15
Full tone MDV-3,,260.0,2025-08-20,2026-08-20
HX Stomp XL,,580.0,2025-08-20,2026-08-20
tc electronic mimiq,,75.0,2025-08-20,2026-08-20
mxr 5150,,110.0,2025-08-20,2026-08-20
behringer vintage tube monster,,50.0,2025-08-20,2026-08-20
bbe sonic stomp,,50.0,2025-08-20,2026-08-20
boss noise gate,,60.0,2025-08-20,2026-08-20
evh 5150,,110.0,2025-08-20,2026-08-20
Morley Classic Wah,,65.0,2025-08-20,2026-08-20
Bogner Uberschall,,90.0,2025-08-20,2026-08-20
Vox DelayLab,,165.0,2025-08-20,2026-08-20
Zoom Gs.1DM Signature Edition,,200.0,2025-08-20,2026-08-20
Digitech Tone Driver Overdrive,,50.0,2025-08-20,2026-08-20
Boss DS-1 Distortion Malaysia,,40.0,2025-08-20,2026-08-20
TC Electronics Nova System,,200.0,2025-08-20,2026-08-20
TC Helicon,,30.0,2025-08-20,2026-08-20
Boss SD-1 Taiwan,,85.0,2025-08-20,2026-08-20
Lyon Distortion,,20.0,2025-08-20,2026-08-20
DigiTech Metal Master,,60.0,2025-08-20,2026-08-20
DOD FX75C Stereo Flanger,,75.0,2025-08-20,2026-08-20
Ashdown Bass Hyper Drive,,100.0,2025-08-20,2026-08-20
Cadine Tantrum,,25.0,2025-08-20,2026-08-20
Rocktron Heart Attack,,60.0,2025-08-20,2026-08-20
Mosky Audio RC5,,35.0,2025-08-20,2026-08-20
DigiTech RP80V,,40.0,2025-08-20,2026-08-20
Boss ds 1 1982 japan mint,Mint,160.0,2025-08-20,2026-08-20
Nobels ODR-1 Natural Overdrive,,75.0,2025-08-20,2026-08-20
Keeley Aria,,100.0,2025-08-20,2026-08-20
Empress Distortion,,60.0,2025-08-20,2026-08-20
Too Positive,,80.0,2025-08-20,2026-08-20
hermida zendrive2,,760.0,2025-08-20,2026-08-20
carl martin quattro switch,,280.0,2025-08-20,2026-08-20
carl martin octa switch,,180.0,2025-08-20,2026-08-20
nux cerberus,,170.0,2025-08-20,2026-08-20
radial jdx,,110.0,2025-08-20,2026-08-20
mxr stereo chorus,,90.0,2025-08-20,2026-08-20
Mesa Boogie Throttle Box EQ,,220.0,2025-08-20,2026-08-20
Boss PS-5,,85.0,2025-08-20,2026-08-20
Fulltone GT 500,,100.0,2025-08-20,2026-08-20
Jekyll and Hyde,,110.0,2025-08-21,2026-08-21
EHX Synth 9,,140.0,2025-08-21,2026-08-21
Boss DS-1,,35.0,2025-08-21,2026-08-21
TC Electronic Sub N Up,,55.0,2025-08-21,2026-08-21
Boss SD-2,,125.0,2025-08-21,2026-08-21
Trio Band Creator,,75.0,2025-08-21,2026-08-21
Boss DN-2,,70.0,2025-08-21,2026-08-21
MXR M108S Ten band EQ,,100.0,2025-08-21,2026-08-21
Rocktron Metal Planet,,40.0,2025-08-21,2026-08-21
Mooer E7 Synth,,50.0,2025-08-21,2026-08-21
Boss NS-2,,50.0,2025-08-21,2026-08-21
Blackstar Dept. 10 AMPED 1 100-watt Guitar Amplifier Pedal,,285.0,2025-08-21,2026-08-21
LR Baggs Venue,,220.0,2025-08-21,2026-08-21
Plethora X3,,265.0,2025-08-21,2026-08-21
Fulltone Clyde Wah,,100.0,2025-08-21,2026-08-21
Wampler Dracarys,,90.0,2025-08-21,2026-08-21
Maxon CS-9 Pro,,120.0,2025-08-21,2026-08-21
Stomp Under Foot Violet Menace,,145.0,2025-08-21,2026-08-21
EQD Hizumitas,,110.0,2025-08-21,2026-08-21
Strymon Sunset,,185.0,2025-08-21,2026-08-21
Keeley Compressor Plus,,80.0,2025-08-21,2026-08-21
Alexander Jubilee Silver Overdrive,,110.0,2025-08-21,2026-08-21
Digitech Drop Red,,165.0,2025-08-21,2026-08-21
MXR 10 band EQ Black,,100.0,2025-08-21,2026-08-21
Radial Hot British,,80.0,2025-08-21,2026-08-21
BBE Sonic Stomp,,55.0,2025-08-21,2026-08-21
MXR Super Badass,,50.0,2025-08-21,2026-08-21
TC Electronic Infinite Mini,,55.0,2025-08-21,2026-08-21
Ernie Ball Volume,,40.0,2025-08-21,2026-08-21
Boss VE-500,,320.0,2025-08-21,2026-08-21
Digitech Trio Bandcreator,,70.0,2025-08-21,2026-08-21
DIgitech Freqout,,150.0,2025-08-21,2026-08-21
Electro Harmonix HumDebugger,,85.0,2025-08-21,2026-08-21
Fulltone Octafuzz,,110.0,2025-08-21,2026-08-21
VooDoo Lab Pedal Power 2 Plus,,90.0,2025-08-21,2026-08-21
TC Helicon Talk Box Synth,,70.0,2025-08-21,2026-08-21
Digitech TSR-12,,90.0,2025-08-21,2026-08-21
Boss VE-22,,145.0,2025-08-21,2026-08-21
Behringer Feedback Destroyer Pro,,50.0,2025-08-21,2026-08-21
Digitech DigiDelay,,55.0,2025-08-21,2026-08-21
Nux Monterey VIbe,,30.0,2025-08-21,2026-08-21
Electro Harmonix Little BIg Muff,,50.0,2025-08-21,2026-08-21
Dunlop Cry Baby GCB-95,,35.0,2025-08-21,2026-08-21
BBE Sonic Stomp,,55.0,2025-08-21,2026-08-21
PIgtronix Philosopher's Rock,,40.0,2025-08-21,2026-08-21
Nux Atlantic,,90.0,2025-08-21,2026-08-21
EHX Lester K,,125.0,2025-08-21,2026-08-21
Nobels ODR 1 Mini,,50.0,2025-08-21,2026-08-21
Donner ABY box,,25.0,2025-08-21,2026-08-21
Koko Overdrive,,25.0,2025-08-21,2026-08-21
Boss CS-3,,45.0,2025-08-21,2026-08-21
Ibanez TS-9,,60.0,2025-08-21,2026-08-21
Ibanez Mini Tube Screamer,,35.0,2025-08-21,2026-08-21
Boss OS-2,,45.0,2025-08-21,2026-08-21
Singular Sound Beat Buddy,,230.0,2025-08-21,2026-08-21
Fulltone Fulldrive 2 Mosfet,,80.0,2025-08-21,2026-08-21
EHX Micro Pog,,110.0,2025-08-21,2026-08-21
EHX Nano pog,,140.0,2025-08-21,2026-08-21
Tech 21 Richie Kotzen RK5 Fly Rig,,120.0,2025-08-21,2026-08-21
Singular Sound Footswitch,,25.0,2025-08-21,2026-08-21
Lehle Mono Volume,,210.0,2025-08-21,2026-08-21
Strymon Nightsky,,280.0,2025-08-21,2026-08-21
Friedman BE-OD,,100.0,2025-08-21,2026-08-21
EHX Walking On The Moon,,100.0,2025-08-21,2026-08-21
Ernie Ball VP JR,,35.0,2025-08-21,2026-08-21
Vemuram Shanks ODS1,,285.0,2025-08-22,2026-08-22
Nordvang Altitude,,320.0,2025-08-22,2026-08-22
Nordvang Mid Air,,265.0,2025-08-22,2026-08-22
DCW Ridgerunner,,130.0,2025-08-22,2026-08-22
DCW Greenbank,,130.0,2025-08-22,2026-08-22
Ibanez TS9,,300.0,2025-08-22,2026-08-22
BPC MKI Tone Bender,,300.0,2025-08-22,2026-08-22
Fractal VP4,,550.0,2025-08-22,2026-08-22
Dunlop GCB95 W/ Keleey Mod,,130.0,2025-08-22,2026-08-22
ThorpyFX Fallout Cloud,,150.0,2025-08-22,2026-08-22
Fractal EV2,,120.0,2025-08-22,2026-08-22
Hermida Mosferatu,,150.0,2025-08-22,2026-08-22
Mr. Black Eterna,,100.0,2025-08-22,2026-08-22
Farm LDM,,115.0,2025-08-22,2026-08-22
Free The Tone Tri Avatar TA-2H,,250.0,2025-08-22,2026-08-22
Boss SDE 3000D,,225.0,2025-08-22,2026-08-22
Chandler Industries Tube Driver Rack,,250.0,2025-08-22,2026-08-22
Wren & Cuff The White Elk Pink,,110.0,2025-08-22,2026-08-22
Line 6 Pocket Pod,,40.0,2025-08-22,2026-08-22
Keeley 21st anniversary Realizer,,175.0,2025-08-22,2026-08-22
Nokill Pedal Co Basset hound Delay,,100.0,2025-08-22,2026-08-22
Nokill Pedal Co Shiba Fuzz,,70.0,2025-08-22,2026-08-22
"Keeley Super Phat Mod, like new in box",,85.0,2025-08-22,2026-08-22
Wampler Euphoria- gently used,,85.0,2025-08-22,2026-08-22
JHS AT+ like new in box with all accessories,,135.0,2025-08-22,2026-08-22
"Mojo Hand FX Extra Special, like new",,80.0,2025-08-22,2026-08-22
Keeley Mod Boss SD1 w 5 star GE Mod,,140.0,2025-08-22,2026-08-22
EHX Soul Food- gently used,,40.0,2025-08-22,2026-08-22
Helix Stomp,,450.0,2025-08-22,2026-08-22
Ampeg SGT DI,,270.0,2025-08-22,2026-08-22
Digitech Bass synth Wah Bass envelope filter,,160.0,2025-08-22,2026-08-22
Mission SP1 Line6 Helix,,85.0,2025-08-22,2026-08-22
eqd palisades,,125.0,2025-08-22,2026-08-22
Eae limelight v2,,190.0,2025-08-22,2026-08-22
EHX Pog 2005 - 2009 Metal,,275.0,2025-08-22,2026-08-22
H & K Red Box MKII,,35.0,2025-08-22,2026-08-22
rothwell audio switchblade overdrive,,19.0,2025-08-22,2026-08-22
strymon multi switch plus,,50.0,2025-08-22,2026-08-22
dunlop cry baby wah,,40.0,2025-08-22,2026-08-22
dead beat wet dreams chorus,,40.0,2025-08-22,2026-08-22
Xotic SP Compressor,,75.0,2025-08-22,2026-08-22
mxr phase 90 script reissue,,75.0,2025-08-22,2026-08-22
sennheiser ewd1 wireless instrument system w/ rack mount,,200.0,2025-08-22,2026-08-22
chandler stereo digital echo rack mount,,285.0,2025-08-22,2026-08-22
strymon iridium,,250.0,2025-08-22,2026-08-22
Boss ME-90B,,275.0,2025-08-22,2026-08-22
4-Boss OD-3,,70.0,2025-08-22,2026-08-22
12-Boss SY-1,,115.0,2025-08-22,2026-08-22
6-Boss PH-2,,100.0,2025-08-22,2026-08-22
11-Boss GE-7,,80.0,2025-08-22,2026-08-22
8-Boss DD-3,,75.0,2025-08-22,2026-08-22
9-Boss RV-3,,105.0,2025-08-22,2026-08-22
3-Boss PSM-5,,35.0,2025-08-22,2026-08-22
5-Boss DS-1,,40.0,2025-08-22,2026-08-22
7-Boss PH-3,,55.0,2025-08-22,2026-08-22
7-Boss PH-3,,55.0,2025-08-22,2026-08-22
14-Boss TU-3,,55.0,2025-08-22,2026-08-22
boss ir2,,150.0,2025-08-22,2026-08-22
boss rc3,,75.0,2025-08-22,2026-08-22
atomic amplifierbox mk ii,,140.0,2025-08-22,2026-08-22
uafx orion tape echo,,90.0,2025-08-22,2026-08-22
fishman aura spectrum di,,200.0,2025-08-22,2026-08-22
pigtronix class a boost,,35.0,2025-08-22,2026-08-22
88 Boss DS-2 MIJ,,155.0,2025-08-22,2026-08-22
JPTR FX warlow,,130.0,2025-08-22,2026-08-22
Leyland hum along,,130.0,2025-08-22,2026-08-22
keeley modded boss bd-2,,200.0,2025-08-22,2026-08-22
Strymon Big Sky,,320.0,2025-08-22,2026-08-22
Wampler Gearbox - $200,,180.0,2025-08-22,2026-08-22
Strymon Zelzah - $225,,225.0,2025-08-22,2026-08-22
Suhr Alexa - $160,,165.0,2025-08-22,2026-08-22
Keeley Halo Core Purple Plasmatic - $200,,28.0,2025-08-22,2026-08-22
Keeley Zoma - $180,,195.0,2025-08-22,2026-08-22
Eventide Tricerachorus - $200,,180.0,2025-08-22,2026-08-22
Keeley Halo - $225,,200.0,2025-08-22,2026-08-22
Keeley Hydra - $175,,150.0,2025-08-22,2026-08-22
Walrus Audio Mira,,115.0,2025-08-22,2026-08-22
roger mayer spaceship,,160.0,2025-08-22,2026-08-22
laney black country customs ti,,110.0,2025-08-22,2026-08-22
eqd grand orbiter,,120.0,2025-08-22,2026-08-22
xotic effects sl drive,,70.0,2025-08-22,2026-08-22
marshall the guv'nor reissue,,125.0,2025-08-22,2026-08-22
marshall bluesbreaker reissue,,130.0,2025-08-22,2026-08-22
mythos mjolnir wildwood,,140.0,2025-08-22,2026-08-22
pedal pawn texas twang,,160.0,2025-08-22,2026-08-22
ehx lpb-1,,25.0,2025-08-22,2026-08-22
strymon ultraviolet,,170.0,2025-08-22,2026-08-22
xotic effects sl drive,,70.0,2025-08-22,2026-08-22
Thorpyfx tacit blue octave,,250.0,2025-08-22,2026-08-22
wampler germanium tumnus,,240.0,2025-08-22,2026-08-22
Black Volt Amplification FET overdrive,,300.0,2025-08-22,2026-08-22
ehx oceans 11,,100.0,2025-08-22,2026-08-22
boss dd-7,,90.0,2025-08-22,2026-08-22
ibanez de7,,70.0,2025-08-22,2026-08-22
digitech pds 1700,,80.0,2025-08-22,2026-08-22
xotic rc booster,,105.0,2025-08-22,2026-08-22
wampler dual fusion,,90.0,2025-08-22,2026-08-22
xotic ac booster,,90.0,2025-08-22,2026-08-22
boss ch-1,,60.0,2025-08-22,2026-08-22
mxr phase 95,,60.0,2025-08-22,2026-08-22
boss tu-2,,40.0,2025-08-22,2026-08-22
ehx tone corset,,28.0,2025-08-22,2026-08-22
guyatone wr2,,100.0,2025-08-22,2026-08-22
friedman be-od,,30.0,2025-08-22,2026-08-22
amptweaker tight rock,,80.0,2025-08-22,2026-08-22
mxr 10 band eq,,90.0,2025-08-22,2026-08-22
danelectro tuna melt,,30.0,2025-08-22,2026-08-22
vox wah,,40.0,2025-08-22,2026-08-22
boss ml-2,,50.0,2025-08-22,2026-08-22
morley ab switch,,25.0,2025-08-22,2026-08-22
vox satchurator,,50.0,2025-08-22,2026-08-22
mxr analog chorus,,60.0,2025-08-22,2026-08-22
BAT quantum mystic,,125.0,2025-08-22,2026-08-22
dead air wound,,90.0,2025-08-22,2026-08-22
eqd zoar,,90.0,2025-08-22,2026-08-22
jhs sweet tea v3,,200.0,2025-08-22,2026-08-22
j rockett archer,,115.0,2025-08-22,2026-08-22
catalinbread topanga,,110.0,2025-08-22,2026-08-22
digitech bad monkey,,100.0,2025-08-22,2026-08-22
jhs morning glory v4,,125.0,2025-08-22,2026-08-22
analogman prince of tone,,170.0,2025-08-22,2026-08-22
tc ditto looper x2,,85.0,2025-08-22,2026-08-22
digitech drop,,160.0,2025-08-22,2026-08-22
ehx triangle big muff nano,,55.0,2025-08-22,2026-08-22
ehx q-tron micro,,60.0,2025-08-22,2026-08-22
ehx lizard queen small,,25.0,2025-08-22,2026-08-22
animals pedal surfing bear,,55.0,2025-08-22,2026-08-22
proco rat 2,,60.0,2025-08-22,2026-08-22
proco lil rat,,50.0,2025-08-22,2026-08-22
tc spark mini,,25.0,2025-08-22,2026-08-22
Zoom B6,,270.0,2025-08-22,2026-08-22
Storm Boost/Limiter,,80.0,2025-08-22,2026-08-22
Mathews Effects The Architect V2 Foundational Overdrive,,70.0,2025-08-22,2026-08-22
"Pine Box Customs Deep ""Wild Series"" Fuzz",,70.0,2025-08-22,2026-08-22
Fulltone Fat Boost V1,,80.0,2025-08-22,2026-08-22
DOD GFX70 Extreme Distortion,,80.0,2025-08-22,2026-08-22
Pigtronix Gatekeeper Noise Gate,,60.0,2025-08-22,2026-08-22
29 pedals euna,,200.0,2025-08-22,2026-08-22
boss rv-6,,100.0,2025-08-22,2026-08-22
rowin noise gate,,20.0,2025-08-22,2026-08-22
jhs little black amp box,,35.0,2025-08-22,2026-08-22
korg pitchblack,,25.0,2025-08-22,2026-08-22
jhs 3 series reverb,,55.0,2025-08-22,2026-08-22
Voice live play,,150.0,2025-08-22,2026-08-22
West Minster Geneva V2,,115.0,2025-08-22,2026-08-22
70's Maxon Ibanez FS Phaser,,70.0,2025-08-22,2026-08-22
Visual Sound Route 66 V2,,50.0,2025-08-22,2026-08-22
Arion Tuner,,25.0,2025-08-22,2026-08-22
Seymour Duncan Powerstage 200,,340.0,2025-08-22,2026-08-22
Morley George Lynch Tripler,,100.0,2025-08-22,2026-08-22
Jam pedals fuzz phrase si,,160.0,2025-08-22,2026-08-22
Jam pedals booster,,145.0,2025-08-22,2026-08-22
Revv G8,,125.0,2025-08-22,2026-08-22
KSR Eros overdrive,,120.0,2025-08-22,2026-08-22
EH Big Muff,,70.0,2025-08-22,2026-08-22
UA Volt 2 interface,,125.0,2025-08-22,2026-08-22
EQD Plumes,,75.0,2025-08-22,2026-08-22
Boss DS-1,,35.0,2025-08-22,2026-08-22
TC Electronic Afterglow,,25.0,2025-08-22,2026-08-22
MXR Analog Chorus,,60.0,2025-08-22,2026-08-22
Ibanez Soundtank Digital Delay,,35.0,2025-08-22,2026-08-22
Ibanez TS-9,,60.0,2025-08-22,2026-08-22
JHS Reverb,,55.0,2025-08-22,2026-08-22
strymon timeline,,290.0,2025-08-22,2026-08-22
EH canyons,,90.0,2025-08-22,2026-08-22
Surfy industries surfy vibe,,130.0,2025-08-22,2026-08-22
Walrus audio Jupiter fuzz,,90.0,2025-08-22,2026-08-22
Fulltine gt-500,,80.0,2025-08-22,2026-08-22
boss oc-3,,90.0,2025-08-22,2026-08-22
boss cs-3,,45.0,2025-08-22,2026-08-22
Nobels Stereo Chorus,,100.0,2025-08-22,2026-08-22
Rothwell Love Squeeze,,100.0,2025-08-22,2026-08-22
Line 6 Tap Tremolo,,50.0,2025-08-22,2026-08-22
$ 20 less per pedal,,30.0,2025-08-22,2026-08-22
Walrus 385,,90.0,2025-08-22,2026-08-22
Lucky dog big ole box of chicken,,175.0,2025-08-22,2026-08-22
Lucky dog kibble in grits,,160.0,2025-08-22,2026-08-22
Tc electronic tube pilot,,40.0,2025-08-22,2026-08-22
Fulltone Supa Wah mint,Mint,250.0,2025-08-22,2026-08-22
Dunlop Crybaby JR Vans addition great,,70.0,2025-08-22,2026-08-22
Dunlop Dare Devil Fuzz Wah great,,130.0,2025-08-22,2026-08-22
Earthquaker devices plumbed great,,90.0,2025-08-22,2026-08-22
RYRA The Klone purple great,,120.0,2025-08-22,2026-08-22
Way Huge Stone Burner great,,100.0,2025-08-22,2026-08-22
Humanoid Ghoul great,,50.0,2025-08-22,2026-08-22
JHS Bonsai,,150.0,2025-08-22,2026-08-22
ehx crayon,,90.0,2025-08-22,2026-08-22
Wampler Tumnus Mini Overdrive Effect Pedal V1,,100.0,2025-08-22,2026-08-22
Ibanez Analogman RE-J project Range expander,,150.0,2025-08-22,2026-08-22
Basic Audio Scarab Fuzz w/box,,150.0,2025-08-22,2026-08-22
Goodwood Audio ISOLATOR w/box,Good,70.0,2025-08-22,2026-08-22
Ibanez TS9 Bass Tube Screamer,,80.0,2025-08-22,2026-08-22
ThroBak OVERDRIVE BOOST w/box,,175.0,2025-08-22,2026-08-22
Keeley Compressor+ w/box,,80.0,2025-08-22,2026-08-22
Marshall 1959 distortion pedal w/box,,100.0,2025-08-22,2026-08-22
Focusrite Scarlet 2i2,,70.0,2025-08-22,2026-08-22
Lovepedal High Power Tweed Twin 2025 - Gold w/ top mounted jacks w/box,,120.0,2025-08-22,2026-08-22
DISASTER AREA DESIGNS DMC-4 GEN3 - BLACK w/box,,100.0,2025-08-22,2026-08-22
DISASTER AREA DESIGNS DPC-8EZ BYPASS SWITCHER with MIDI w/box,,170.0,2025-08-22,2026-08-22
Boss OD-3 Overdrive Pedal w/box,,70.0,2025-08-22,2026-08-22
JHS AT Andy Timmons Drive V2 Overdrive Pedal - Red w/box,,130.0,2025-08-22,2026-08-22
JHS Bender Vintage-style Fuzz Effect Pedal w/box,,90.0,2025-08-22,2026-08-22
Strymon Riverside Multistage Drive Pedal w/box,,170.0,2025-08-22,2026-08-22
"SPARK 40 in Pearl, comes with Spark Control Foot switch and power cord",,100.0,2025-08-22,2026-08-22
Electro Harmonix Soul Food w/box,,40.0,2025-08-22,2026-08-22
"Dana electro ""Pride of Texas"" Billionaire series",,35.0,2025-08-22,2026-08-22
Electro Harmonix stereo pulsar,,40.0,2025-08-22,2026-08-22
JOYO Vintage Overdrive,,20.0,2025-08-22,2026-08-22
NUX Drive Core,,40.0,2025-08-22,2026-08-22
MXR Dyna Comp,,50.0,2025-08-22,2026-08-22
JOYO Atmosphere,,40.0,2025-08-22,2026-08-22
TC Electronic Corona,,50.0,2025-08-22,2026-08-22
Boss BD-2 Blues Driver Pedal w/box,,60.0,2025-08-22,2026-08-22
Nordvang Skyline,,310.0,2025-08-22,2026-08-22
Manlay Sounds the honk machine,,225.0,2025-08-22,2026-08-22
apollo approved saw dust,,315.0,2025-08-22,2026-08-22
korg synth pedal. fk-1,,400.0,2025-08-22,2026-08-22
ehx deluxe memory man,,425.0,2025-08-22,2026-08-22
2002 fulltone deja vibe,,250.0,2025-08-22,2026-08-22
vintage ehx lill big muff,,130.0,2025-08-22,2026-08-22
neXt chorus,,100.0,2025-08-22,2026-08-22
fulltone clyde wah hand serial and signed,,150.0,2025-08-22,2026-08-22
Oddfellow pedals napolian,,70.0,2025-08-22,2026-08-22
oddfellow pedals the bishop,,80.0,2025-08-22,2026-08-22
oddfellow pedals the caveman,,100.0,2025-08-22,2026-08-22
tc skysurfer reverb,,25.0,2025-08-22,2026-08-22
morley wah volume,,40.0,2025-08-22,2026-08-22
Boss RC-505,,320.0,2025-08-22,2026-08-22
Vermona Filter Lancet,,300.0,2025-08-22,2026-08-22
Headrush MX5,,230.0,2025-08-22,2026-08-22
Tc electronic 2290 dynamic delay,,210.0,2025-08-22,2026-08-22
EP Booster,,75.0,2025-08-22,2026-08-22
Zoom MS-70CDR,,80.0,2025-08-22,2026-08-22
ElectroFaustus Drone King,,140.0,2025-08-22,2026-08-22
Broadcast Copilot Fx,,90.0,2025-08-22,2026-08-22
MXR 10 band graphic eq,,90.0,2025-08-22,2026-08-22
Ehx Ravish sitar,,170.0,2025-08-22,2026-08-22
Tc electronic flashback x4,,100.0,2025-08-22,2026-08-22
Ehx cathedral stereo reverb,,120.0,2025-08-22,2026-08-22
Morley ABY mix,,30.0,2025-08-22,2026-08-22
EHX Silencer,,45.0,2025-08-22,2026-08-22
Providence ADC-4 Anadime Chorus,,140.0,2025-08-22,2026-08-22
Universal Audio Dream ‘65,,250.0,2025-08-22,2026-08-22
Earthquaker Dispatch Master,,143.0,2025-08-22,2026-08-22
Keeley RedDirt,,75.0,2025-08-22,2026-08-22
Guthrie Trapp overdrive,,75.0,2025-08-22,2026-08-22
Keeley compressor 4knob,,85.0,2025-08-22,2026-08-22
Holy Grail reverb,,70.0,2025-08-22,2026-08-22
DigiTech jam man,,70.0,2025-08-22,2026-08-22
TV electronic hall of Fame,,75.0,2025-08-22,2026-08-22
Guyatone MD3,,75.0,2025-08-22,2026-08-22
DigiTech multi chorus,,45.0,2025-08-22,2026-08-22
MXR booster,,60.0,2025-08-22,2026-08-22
MXR super comp,,45.0,2025-08-22,2026-08-22
Keeley compressor 2knob,,60.0,2025-08-22,2026-08-22
Rolls personal monitor amp,,50.0,2025-08-22,2026-08-22
Boss TU-3,,55.0,2025-08-22,2026-08-22
Guyatone MC3,,65.0,2025-08-22,2026-08-22
Keeley GC2,,100.0,2025-08-22,2026-08-22
Keeley Memphis Sun,,90.0,2025-08-22,2026-08-22
Keeley El Rey Dorado,,65.0,2025-08-22,2026-08-22
MXR Ten Band EQ Black,,85.0,2025-08-22,2026-08-22
Orange Terror Stamp,,115.0,2025-08-22,2026-08-22
MXR Stereo Chorus Yellow,,85.0,2025-08-22,2026-08-22
Dunlop FFM2 Mini Fuzzface,,85.0,2025-08-22,2026-08-22
Boss RV-6,,105.0,2025-08-22,2026-08-22
Korg Tuner,,40.0,2025-08-22,2026-08-22
Dunlop Wah,,50.0,2025-08-22,2026-08-22
MXR DC Brick,,60.0,2025-08-22,2026-08-22
Boss BD-2,,65.0,2025-08-22,2026-08-22
Boss DS-1 Black,,60.0,2025-08-22,2026-08-22
ehx holy grail plus,,90.0,2025-08-22,2026-08-22
zoom ms-50g,,70.0,2025-08-22,2026-08-22
fulltone full drive 2,,90.0,2025-08-22,2026-08-22
keeley dark side,,165.0,2025-08-22,2026-08-22
ehx synth 9,,150.0,2025-08-22,2026-08-22
Boss cs-1,,90.0,2025-08-22,2026-08-22
keeley eccos,,120.0,2025-08-22,2026-08-22
keeley electric mudd,,210.0,2025-08-22,2026-08-22
mxr phase 45 vintage,,230.0,2025-08-22,2026-08-22
maestro fuzz,,250.0,2025-08-22,2026-08-22
foxx fuzz wah and vlume,,220.0,2025-08-22,2026-08-22
wem watkins copicat,,450.0,2025-08-22,2026-08-22
menatone o ring,,370.0,2025-08-22,2026-08-22
strymon flint v1,,210.0,2025-08-22,2026-08-22
Origin Effects Cali 76 Blue,,250.0,2025-08-22,2026-08-22
EBS Octa Bass,,130.0,2025-08-22,2026-08-22
Trace Elliot Transit B,,180.0,2025-08-22,2026-08-22
Boss Bass Comp,,130.0,2025-08-22,2026-08-22
Boss Bass Chorus,,70.0,2025-08-22,2026-08-22
Morley Wah,,40.0,2025-08-22,2026-08-22
Zoom G3,,50.0,2025-08-22,2026-08-22
Boss BF-2,,90.0,2025-08-22,2026-08-22
Decimator II,,80.0,2025-08-22,2026-08-22
Decimator II G String,,145.0,2025-08-22,2026-08-22
Boss DD-3,,85.0,2025-08-22,2026-08-22
Strymon Ola,,200.0,2025-08-22,2026-08-22
Boss DS-1,,40.0,2025-08-22,2026-08-22
Boss CH-1,,65.0,2025-08-22,2026-08-22
mad professor dual blue delay,,210.0,2025-08-22,2026-08-22
Vs Audio Platinum,,170.0,2025-08-22,2026-08-22
UA heavenly,,85.0,2025-08-22,2026-08-22
way huge blue hippo,,85.0,2025-08-22,2026-08-22
mxr ten band eq silver,,95.0,2025-08-22,2026-08-22
ibanez big mini tuner,,35.0,2025-08-22,2026-08-22
mooer pitch box,,35.0,2025-08-22,2026-08-22
Duke of tone,,80.0,2025-08-22,2026-08-22
JP dreamscape,,85.0,2025-08-22,2026-08-22
Steve via jemini,,240.0,2025-08-22,2026-08-22
fractal fm3 mark 1 w/ headphone jack,,750.0,2025-08-22,2026-08-22
source audio collider delay + reverb,,225.0,2025-08-22,2026-08-22
jhs pack rat,,160.0,2025-08-22,2026-08-22
supro tremolo,,120.0,2025-08-22,2026-08-22
vick audio tree of life,,130.0,2025-08-22,2026-08-22
keeley halo,,190.0,2025-08-22,2026-08-22
benson germanium boost,,150.0,2025-08-22,2026-08-22
jackson audio bloom,,8.0,2025-08-22,2026-08-22
tv jones classic+ humbucker sized,,75.0,2025-08-22,2026-08-22
TV jones magnatron,,741.0,2025-08-22,2026-08-22
fralin p-90 humbucker size,,90.0,2025-08-22,2026-08-22
buffalo evolution 4 stage overdrive,,185.0,2025-08-22,2026-08-22
mxr distortion +,,19.0,2025-08-22,2026-08-22
marshall drivemaster reissue,,90.0,2025-08-22,2026-08-22
tc alter ego vintage echo v2,,70.0,2025-08-22,2026-08-22
Blammo bad bluff,,115.0,2025-08-22,2026-08-22
pastfx patriarch,,105.0,2025-08-22,2026-08-22
evh 5150 overdrive,,115.0,2025-08-22,2026-08-22
stomp under foot civil war,,130.0,2025-08-22,2026-08-22
mxr flanger evh,,110.0,2025-08-22,2026-08-22
ogre kronomaster delay,,100.0,2025-08-22,2026-08-22
behringer centaur,,175.0,2025-08-22,2026-08-22
keeley d&m drive,,110.0,2025-08-22,2026-08-22
jhs smiley,,90.0,2025-08-22,2026-08-22
jhs crimson,,85.0,2025-08-22,2026-08-22
ehx lbp-3,,85.0,2025-08-22,2026-08-22
wren & cuff the caprid,,200.0,2025-08-22,2026-08-22
buffalo td-x,,215.0,2025-08-22,2026-08-22
Boss CE-3,,80.0,2025-08-22,2026-08-22
Boss DM-3,,150.0,2025-08-22,2026-08-22
Boss FZ-3,,130.0,2025-08-22,2026-08-22
Boss XT-2,,130.0,2025-08-22,2026-08-22
Boss TW-1,,4.0,2025-08-22,2026-08-22
Boss '59 Bassman,,135.0,2025-08-22,2026-08-22
Boss delay dd 20,,110.0,2025-08-22,2026-08-22
golden cello,,120.0,2025-08-22,2026-08-22
Javier Muniz,,8.29,2025-08-22,2026-08-22
MXR Shin Juku,,175.0,2025-08-22,2026-08-22
OCD V1,,130.0,2025-08-22,2026-08-22
mad professor golden cello,,120.0,2025-08-22,2026-08-22
Boss DD20,,19.0,2025-08-22,2026-08-22
Ibanez ad-9,,110.0,2025-08-22,2026-08-22
DigiTech HardWire CM-2 Tube Overdrive,,75.0,2025-08-22,2026-08-22
Boss Ch-1 Super Chorus,,65.0,2025-08-22,2026-08-22
Pigtronix Philosophers Tone,,55.0,2025-08-22,2026-08-22
Nobels ODR-1 mini,,50.0,2025-08-22,2026-08-22
EHX little Big muff,,50.0,2025-08-22,2026-08-22
TC Electronic Body Rez,,50.0,2025-08-22,2026-08-22
Modtone Tremor,,30.0,2025-08-22,2026-08-22
Cali 76 compac deluxe,,240.0,2025-08-22,2026-08-22
Pedal pawn tremelo,,160.0,2025-08-22,2026-08-22
Juliana chorus,,175.0,2025-08-22,2026-08-22
Jhs morning glory,,120.0,2025-08-22,2026-08-22
Jhs Andy timón,,30.0,2025-08-22,2026-08-22
Ep booster,,75.0,2025-08-22,2026-08-22
Manlay Sounds Ronno Bender,,200.0,2025-08-22,2026-08-22
OTB Custom Fuzz by Owen Barry. It's a 1 of 1. Confirmed with Owen. Second owner. Gem of a Fuzz Face type,,400.0,2025-08-22,2026-08-22
Strymon Brig,,180.0,2025-08-22,2026-08-22
Aguilar TLC,,100.0,2025-08-22,2026-08-22
ebs Ultimate Billy Sheehan,,200.0,2025-08-22,2026-08-22
warm audio centavo,,105.0,2025-08-22,2026-08-22
mxr reverb,,110.0,2025-08-22,2026-08-22
god city riffchild,,125.0,2025-08-22,2026-08-22
jhs ross compressor,,145.0,2025-08-22,2026-08-22
ross reissue compressor,,170.0,2025-08-22,2026-08-22
Strymon Bluesky v1,,185.0,2025-08-22,2026-08-22
Strymon Flint v1,,230.0,2025-08-22,2026-08-22
JHS Honeycomb,,135.0,2025-08-22,2026-08-22
Boss metal zone,,50.0,2025-08-22,2026-08-22
Boss ds-1,,40.0,2025-08-22,2026-08-22
Freidman dirty shirley,,90.0,2025-08-22,2026-08-22
BG Harding Treble Boost,,200.0,2025-08-22,2026-08-22
BG Harding Zonk,,250.0,2025-08-22,2026-08-22
JHS Double Barrel v4 with red remote,,240.0,2025-08-22,2026-08-22
Line 6 dl4 MK2,,180.0,2025-08-22,2026-08-22
Boss RV500,,200.0,2025-08-22,2026-08-22
Boss DD500,,18.0,2025-08-22,2026-08-22
Lauren Audio Aerocomet 200.00,,135.0,2025-08-22,2026-08-22
Coppersound Triplegraph 300.00,,290.0,2025-08-22,2026-08-22
Chase Bliss Automatone CXM 1978 800.00,,650.0,2025-08-22,2026-08-22
Origin Revival Drive compact 300.00,,225.0,2025-08-22,2026-08-22
DryBell unit 67 225.00,,190.0,2025-08-22,2026-08-22
Origin DCX Boost 275.00,,220.0,2025-08-22,2026-08-22
Benson Germanium Boost 150.00,,150.0,2025-08-22,2026-08-22
Benson Delay 225.00,,190.0,2025-08-22,2026-08-22
Apollo Approved Buckartie-Boo 350.00,,300.0,2025-08-22,2026-08-22
Arc Effects Big Green 450.00,,6.0,2025-08-22,2026-08-22
Creepy Fingers ShatterBox 300.00,,250.0,2025-08-22,2026-08-22
Soursound hundred dollar boost 200.00,,140.0,2025-08-22,2026-08-22
Soursound hundred dollar boost 200.00,,140.0,2025-08-22,2026-08-22
NOS parts Zonk Machine 550.00,,400.0,2025-08-22,2026-08-22
Red beard Angry Rhubarb 200.00,,160.0,2025-08-22,2026-08-22
Chase Tone Golden Secret Preamp 200.00,,180.0,2025-08-22,2026-08-22
Disruptive Music Tech Enhancifier 300.00,,275.0,2025-08-22,2026-08-22
Zamp 150.00,,120.0,2025-08-22,2026-08-22
Marshall JMP-1,,600.0,2025-08-22,2026-08-22
Rocktron Intellifex,,140.0,2025-08-22,2026-08-22
Marshall valve State 80/80 power amp,,200.0,2025-08-22,2026-08-22
Trace Elliot Transit B,,180.0,2025-08-22,2026-08-22
Darkglass Microtubes X,,130.0,2025-08-22,2026-08-22
Keeley ECCOS,,24.0,2025-08-22,2026-08-22
"EH Bass Clone, w box",,50.0,2025-08-22,2026-08-22
"Mooer Micro Drummer, V1",,30.0,2025-08-22,2026-08-22
Sonicake Octaver,,20.0,2025-08-22,2026-08-22
JHS 3 Series Rotary Chorus,,50.0,2025-08-22,2026-08-22
"MXR M237 brick, new in box, never used",,55.0,2025-08-22,2026-08-22
"TC Electronic SpectraComp Bass Compressor, new in box, never used",,60.0,2025-08-22,2026-08-22
Summer School Electronics Gladys,,20.0,2025-08-22,2026-08-22
keeley red dirt overdrive,,75.0,2025-08-22,2026-08-22
analogman prince of tone,,175.0,2025-08-22,2026-08-22
retro-sonic phaser,,100.0,2025-08-22,2026-08-22
mr black tremolo,,90.0,2025-08-22,2026-08-22
xotic sp compressor,,75.0,2025-08-22,2026-08-22
jhs notaklon,,80.0,2025-08-22,2026-08-22
Fender chorus,,45.0,2025-08-22,2026-08-22
mxr analog chorus,,60.0,2025-08-22,2026-08-22
ehx small stone,,60.0,2025-08-22,2026-08-22
ehx smalll stone nano,,60.0,2025-08-22,2026-08-22
cmatmods signa drive,,28.0,2025-08-22,2026-08-22
malekko trem,,50.0,2025-08-22,2026-08-22
Line 6 HX Effects,,380.0,2025-08-22,2026-08-22
Gamechanger Audio Bigsby,,250.0,2025-08-22,2026-08-22
LR Baggs Voiceprint DI,,240.0,2025-08-22,2026-08-22
OPFXS Did Deep Octaver,,130.0,2025-08-22,2026-08-22
LR Baggs Align Series EQ,,110.0,2025-08-22,2026-08-22
Boss OC-5 Octave,,110.0,2025-08-22,2026-08-22
Tech 21 VT Bass,,180.0,2025-08-22,2026-08-22
Sonic Research Turbo Tuner ST-300 Mini,,110.0,2025-08-22,2026-08-22
Boss FV-500H volume,,50.0,2025-08-22,2026-08-22
Ernie Ball VP JR 25k volume,,35.0,2025-08-22,2026-08-22
TC Electronics Ditto Looper,,40.0,2025-08-22,2026-08-22
Pigdog P73,Excellent Condition,450.0,2025-08-22,2026-08-22
Affected Effects Pink Bunny,Excellent Condition,150.0,2025-08-22,2026-08-22
Browne Amp protein V1,Excellent Condition,265.0,2025-08-22,2026-08-22
Tsakalis Audioworks Six,Excellent Condition,140.0,2025-08-22,2026-08-22
Sinvertek N5+3D Standard Distortion,Very Good Condition,255.0,2025-08-22,2026-08-22
Keeley Retro Super Limited Edition,Excellent Condition,135.0,2025-08-22,2026-08-22
Noel Pi,Excellent Condition,220.0,2025-08-22,2026-08-22
DSM Humboldt Electronics Clear Comp,Excellent Condition,125.0,2025-08-22,2026-08-22
Formula B Pedals Vintage Vibe V1,Excellent Condition,220.0,2025-08-22,2026-08-22
Noel Victoire Blue,Excellent Condition,115.0,2025-08-22,2026-08-22
Earthquaker Devices Life Pedal V3,Excellent Condition,200.0,2025-08-22,2026-08-22
Noel Victoire Infiniti,Excellent Condition,115.0,2025-08-22,2026-08-22
Benson Amps Benson Delay,Excellent Condition,190.0,2025-08-22,2026-08-22
Jupiter Effects Silver Machine,Excellent Condition,115.0,2025-08-22,2026-08-22
Locopedals Sensei Preamp,Excellent Condition,190.0,2025-08-22,2026-08-22
Catalinbread Softfocus Reverb,Excellent Condition,105.0,2025-08-22,2026-08-22
TKOG Oxford Drive V1,Excellent Condition,170.0,2025-08-22,2026-08-22
Ross Phaser very good shape with,Very Good,100.0,2025-08-22,2026-08-22
Tallon Electric Dual Drive,Excellent Condition,170.0,2025-08-22,2026-08-22
JHS Legends of Fuzz Bender,Excellent Condition,100.0,2025-08-22,2026-08-22
Earthquaker Devices Grey Channel,Excellent Condition,170.0,2025-08-22,2026-08-22
Suhr Koko Boost V2,Excellent Condition,90.0,2025-08-22,2026-08-22
Minotaur Sonic Terrors Swamp Lord,Excellent Condition,165.0,2025-08-22,2026-08-22
Suhr Jackrabbit Trem V1,Excellent Condition,90.0,2025-08-22,2026-08-22
Mr. Black Tape X2,Excellent Condition,160.0,2025-08-22,2026-08-22
Rodenberg Steve Lukather Signature OD,Excellent Condition,90.0,2025-08-22,2026-08-22
Mile End Effects MTHRFCKR=RPTR lo-fi delay,Excellent Condition,155.0,2025-08-22,2026-08-22
Pigtronix Infinity 2 Looper,Excellent Condition,90.0,2025-08-22,2026-08-22
Wampler Velvet Fuzz V1,Excellent Condition,85.0,2025-08-22,2026-08-22
Keeley Moon,Excellent Condition,85.0,2025-08-22,2026-08-22
Keeley Compressor Plus,Excellent Condition,85.0,2025-08-22,2026-08-22
voodoo lab sparkle drive,,70.0,2025-08-22,2026-08-22
budda bud-wah,,160.0,2025-08-22,2026-08-22
voodoo lab micro vibe,,110.0,2025-08-22,2026-08-22
mad professor golden cello,,135.0,2025-08-22,2026-08-22
fullltone ocd red,,23.0,2025-08-22,2026-08-22
dunlop cry baby mini wah,,75.0,2025-08-22,2026-08-22
fulltone full drive 3,,100.0,2025-08-22,2026-08-22
fulltone full drive 3,,100.0,2025-08-22,2026-08-22
mxr sugar drive,,65.0,2025-08-22,2026-08-22
mxr 108 fuzz,,65.0,2025-08-22,2026-08-22
korg pitchblack tuner,,40.0,2025-08-22,2026-08-22
boss tu-3,,60.0,2025-08-22,2026-08-22
ehx satisfaction,,35.0,2025-08-22,2026-08-22
boss sd-1,,14.0,2025-08-22,2026-08-22
ehx pulsar,,45.0,2025-08-22,2026-08-22
seymour duncan double back compressor,,65.0,2025-08-22,2026-08-22
ehx soul food,,45.0,2025-08-22,2026-08-22
ehx big muff pi nano,,45.0,2025-08-22,2026-08-22
dod compressor 280,,45.0,2025-08-22,2026-08-22
korg pitchblack tuner,,40.0,2025-08-22,2026-08-22
snark sn-10s tuner,,25.0,2025-08-22,2026-08-22
seymour duncan sfx-02 tweak fuzz,,55.0,2025-08-22,2026-08-22
Great eastern fx focus fuzz,,200.0,2025-08-22,2026-08-22
Strymon Bluesky v2,,280.0,2025-08-22,2026-08-22
Dunlop BFG07 Billy Gibbons Signature Siete Santos Octavio Fuzz,,120.0,2025-08-22,2026-08-22
mythos chupacabra,,115.0,2025-08-22,2026-08-22
dunlop mc404 cae wah,,115.0,2025-08-22,2026-08-22
source audio after shock distortion,,100.0,2025-08-22,2026-08-22
Mythos argo,,125.0,2025-08-22,2026-08-22
strymon brig,,170.0,2025-08-22,2026-08-22
eqd blumes,,65.0,2025-08-22,2026-08-22
neunaber immerse mk2,,190.0,2025-08-22,2026-08-22
chase bliss brothers am,,380.0,2025-08-22,2026-08-22
IO thick air,,280.0,2025-08-22,2026-08-22
vintage q-tron w/ jerry garcia mod,,200.0,2025-08-22,2026-08-22
Accel fx8 command center,,75.0,2025-08-22,2026-08-22
road rage staggered 10 loop true bypass switch,,115.0,2025-08-22,2026-08-22
tc ditto,,50.0,2025-08-22,2026-08-22
johnny hiland bad dog,,170.0,2025-08-22,2026-08-22
johnny hiland bad dog,,170.0,2025-08-22,2026-08-22
wampler plextortion original,,150.0,2025-08-22,2026-08-22
wampler pinnacle original,,75.0,2025-08-22,2026-08-22
wampler triple recstoration original,,140.0,2025-08-22,2026-08-22
wampler analog echo original,,120.0,2025-08-22,2026-08-22
wampler faux tape echo original,,75.0,2025-08-22,2026-08-22
wampler tweed 57 original tone,,120.0,2025-08-22,2026-08-22
wampler black 65 vintage overdrive,,150.0,2025-08-22,2026-08-22
wampler hot wired brent mason od original,,120.0,2025-08-22,2026-08-22
wampler triple wreck original,,150.0,2025-08-22,2026-08-22
wampler paisley deluxe,,145.0,2025-08-22,2026-08-22
wampler paisley,,85.0,2025-08-22,2026-08-22
wampler ecstasy drive original,,120.0,2025-08-22,2026-08-22
wampler tumnus,,115.0,2025-08-22,2026-08-22
wampler tumnus deluxe,,130.0,2025-08-22,2026-08-22
wampler nirvana chorus original,,125.0,2025-08-22,2026-08-22
wampler nirvana chorus modern,,105.0,2025-08-22,2026-08-22
way huge supa puss,,140.0,2025-08-22,2026-08-22
way huge echo puss,,90.0,2025-08-22,2026-08-22
wampler tumnus deluxe spooky,,200.0,2025-08-22,2026-08-22
wampler fearbox andy wood od,,200.0,2025-08-22,2026-08-22
obne black fountain,,200.0,2025-08-22,2026-08-22
obne dark star stereo reverb,,215.0,2025-08-22,2026-08-22
b.g. harding big face,,275.0,2025-08-22,2026-08-22
kingtone blues power,,240.0,2025-08-22,2026-08-22
smallsound bigsound mini,,210.0,2025-08-22,2026-08-22
smallsound bigsound f*ck overdrive,,315.0,2025-08-22,2026-08-22
Isle of Tone Haze 67,,825.0,2025-08-22,2026-08-22
Mercari Sola Sound tone bender professional mkii - mullard oc75,,1100.0,2025-08-22,2026-08-22
greer mini chief,,650.0,2025-08-22,2026-08-22
jam octaurus octave ltd,,375.0,2025-08-22,2026-08-22
jam fuzz phrase ltd,,300.0,2025-08-22,2026-08-22
jam rattler ltd,,300.0,2025-08-22,2026-08-22
suf ram's war dual fuzz 1/5,,300.0,2025-08-22,2026-08-22
Effectrode Blackbird mint cond,Mint,425.0,2025-08-22,2026-08-22
Effectrode Firebottle (excellent cond,Excellent,215.0,2025-08-22,2026-08-22
dunlop FFM3,,95.0,2025-08-22,2026-08-22
2001 PRS Custom 22,,1700.0,2025-08-22,2026-08-22
Creepy fingers Treble boost. 1 of 1,,185.0,2025-08-22,2026-08-22
jack deville mr black high five octave,,130.0,2025-08-22,2026-08-22
massive fx russian fuzz,,160.0,2025-08-22,2026-08-22
Black Volt Overdrive,,285.0,2025-08-22,2026-08-22
Demedash T-120 deluxe echo,,200.0,2025-08-22,2026-08-22
line6 pod express,,90.0,2025-08-22,2026-08-22
deucetone rat,,170.0,2025-08-22,2026-08-22
keeley compressor plus,,80.0,2025-08-22,2026-08-22
fender drive,,25.0,2025-08-22,2026-08-22
boss os-2,,50.0,2025-08-22,2026-08-22
tc spark mini,,35.0,2025-08-22,2026-08-22
Haunting mids,,85.0,2025-08-22,2026-08-22
plexi drive,,75.0,2025-08-22,2026-08-22
Boss RC5,,135.0,2025-08-22,2026-08-22
Headrush Pedalboard,,375.0,2025-08-22,2026-08-22
Dunlop Mini Wah,,60.0,2025-08-22,2026-08-22
I've got a Frost Giant Electronics Eidolon,,190.0,2025-08-22,2026-08-22
Krachwerke Herrscherin V2,Very Good,80.0,2025-08-22,2026-08-22
Boss re-2,,140.0,2025-08-22,2026-08-22
mr black analog chorus & vibrato,,185.0,2025-08-22,2026-08-22
80s tokai delay,,80.0,2025-08-22,2026-08-22
Boss ce-2w,,165.0,2025-08-22,2026-08-22
boss dn2,,75.0,2025-08-22,2026-08-22
boss bd-2,,65.0,2025-08-22,2026-08-22
boss rc-1,,60.0,2025-08-22,2026-08-22
keeley octa psi,,175.0,2025-08-22,2026-08-22
line 6 dl4,,90.0,2025-08-22,2026-08-22
way huge supa puss,,140.0,2025-08-22,2026-08-22
sonicake levitate,,35.0,2025-08-22,2026-08-22
ehx mini q tron,,80.0,2025-08-22,2026-08-22
hochstrasser electronics helping friendly box,,170.0,2025-08-22,2026-08-22
sarno music solutions earth drive,,145.0,2025-08-22,2026-08-22
boss ds1,,40.0,2025-08-22,2026-08-22
ehx holy grail,,75.0,2025-08-22,2026-08-22
fjord fuzz odin,,140.0,2025-08-22,2026-08-22
analogman modded mxr envelope filter,,175.0,2025-08-22,2026-08-22
1980 ibanez ts808,,600.0,2025-08-22,2026-08-22
digitech whammy ii,,300.0,2025-08-22,2026-08-22
suhr eclipse dual overdrive,,170.0,2025-08-22,2026-08-22
darkglass alpha omicron,,145.0,2025-08-22,2026-08-22
fulltone custom shop aby soft touch,,160.0,2025-08-22,2026-08-22
wampler faux echo v2,,100.0,2025-08-22,2026-08-22
Drybell vibe machine v2,,215.0,2025-08-22,2026-08-22
KMA Fuzzly Bear v1 silicon fuzz,,125.0,2025-08-22,2026-08-22
way huge purple platypus,,85.0,2025-08-22,2026-08-22
xotic super clean - 99,,99.0,2025-08-22,2026-08-22
keeley super phat mod,,80.0,2025-08-22,2026-08-22
decibelics reverend - 299,,299.0,2025-08-22,2026-08-22
boss mz-2,,150.0,2025-08-22,2026-08-22
xotic ep booster,,75.0,2025-08-22,2026-08-22
xotic sp compressor,,85.0,2025-08-22,2026-08-22
hardwire rv-7,,235.0,2025-08-22,2026-08-22
boss cs-3,,45.0,2025-08-22,2026-08-22
ehx hot wax,,80.0,2025-08-22,2026-08-22
obne visitor multi modulation,,165.0,2025-08-22,2026-08-22
catalinbread topanga,,110.0,2025-08-22,2026-08-22
ehx nano big muff,,40.0,2025-08-22,2026-08-22
jhs 3 series compressor,,60.0,2025-08-22,2026-08-22
jhs 3 series fuzz,,55.0,2025-08-22,2026-08-22
vintage mxr mx-109 eq,,125.0,2025-08-22,2026-08-22
nux edge delay,,45.0,2025-08-22,2026-08-22
boss oc-5,,100.0,2025-08-22,2026-08-22
hermida multi tap dual echo,,100.0,2025-08-22,2026-08-22
danelectro daddy-o,,50.0,2025-08-22,2026-08-22
quatuum mystic,,125.0,2025-08-22,2026-08-22
dead air wound,,90.0,2025-08-22,2026-08-22
supro delay,,120.0,2025-08-22,2026-08-22
walrus monument v2,,100.0,2025-08-22,2026-08-22
Maxon pac-9 chorus,,130.0,2025-08-22,2026-08-22
Andy Timmons HALO,,175.0,2025-08-22,2026-08-22
Polytune tuner,,50.0,2025-08-22,2026-08-22
Halo Core,,190.0,2025-08-22,2026-08-22
Soldano Super Lead Overdrive,,115.0,2025-08-22,2026-08-22
Red Dirt Overdrive,,75.0,2025-08-22,2026-08-22
ibanez ts808dx,,160.0,2025-08-22,2026-08-22
JHS Pedals The AT+,,130.0,2025-08-22,2026-08-22
strymon big sky mx,,520.0,2025-08-22,2026-08-22
Suhr Riot,,115.0,2025-08-22,2026-08-22
strymon timeline,,280.0,2025-08-22,2026-08-22
JHS Angry Charlie,,110.0,2025-08-22,2026-08-22
strymon sunsent,,160.0,2025-08-22,2026-08-22
strymon el capistan,,190.0,2025-08-22,2026-08-22
boss dd500,,185.0,2025-08-22,2026-08-22
ehx oceans 11,,100.0,2025-08-22,2026-08-22
John pertucci cry baby,,110.0,2025-08-22,2026-08-22
j rockett the dude,,100.0,2025-08-22,2026-08-22
wampler pantheon od and,,115.0,2025-08-22,2026-08-22
strymon dig,,180.0,2025-08-22,2026-08-22
xts modded ge-7,,325.0,2025-08-22,2026-08-22
jimi hendrix fuzz face,,115.0,2025-08-22,2026-08-22
strymon sunset,,175.0,2025-08-22,2026-08-22
boss rc600,,400.0,2025-08-22,2026-08-22
catalinbread talisman,,110.0,2025-08-22,2026-08-22
mooer orange phaser,,30.0,2025-08-22,2026-08-22
way huge aqua puss small,,90.0,2025-08-22,2026-08-22
ehx nano small stone,,60.0,2025-08-22,2026-08-22
xotic xw-1 wah,,160.0,2025-08-22,2026-08-22
mxr flanger,,110.0,2025-08-22,2026-08-22
ehx holy grail neo,,90.0,2025-08-22,2026-08-22
mad professor little green wonder,,80.0,2025-08-22,2026-08-22
teese real mccoy wah,,140.0,2025-08-22,2026-08-22
a/da flanger reissue,,280.0,2025-08-22,2026-08-22
fender smolder acoustic od,,90.0,2025-08-22,2026-08-22
dunlop volume x,,85.0,2025-08-22,2026-08-22
beat buddy mini 2 + singular sound footswitch,,125.0,2025-08-22,2026-08-22
jtc drum and loop pro,,90.0,2025-08-22,2026-08-22
tech21 flyrig 5,,100.0,2025-08-22,2026-08-22
dbx go rack powered di,,100.0,2025-08-22,2026-08-22
bbe sonic stomp mini,,70.0,2025-08-22,2026-08-22
sddrum drum pedal,,125.0,2025-08-22,2026-08-22
Boss ve-8,,225.0,2025-08-22,2026-08-22
tc helicon play acoustic,,200.0,2025-08-22,2026-08-22
boss gt100,,200.0,2025-08-22,2026-08-22
tc spark clean boost,,45.0,2025-08-22,2026-08-22
boss fs-7,,45.0,2025-08-22,2026-08-22
boss dd8,,120.0,2025-08-22,2026-08-22
digitech hardwire cr-7,,100.0,2025-08-22,2026-08-22
digitech turbo flange,,60.0,2025-08-22,2026-08-22
custom shop mjm blues devil,,200.0,2025-08-22,2026-08-22
french made ami sandstone si treble booster,,100.0,2025-08-22,2026-08-22
dominion faceless fuzz bc108,,240.0,2025-08-22,2026-08-22
lofi minds gypsy face hybrid fuzz,,200.0,2025-08-22,2026-08-22
september sound propaganda fuzz,,900.0,2025-08-22,2026-08-22
cunningham amps zonk / tone bender mk1,,425.0,2025-08-22,2026-08-22
jdm pedals elektrika oc42/41 hw tone bender,,205.0,2025-08-22,2026-08-22
jdm pedals elektrika oc77 hw tone bender,,225.0,2025-08-22,2026-08-22
oxfuzz hyrbid fuzz nkt275,,260.0,2025-08-22,2026-08-22
wangs mini 1 head,,140.0,2025-08-22,2026-08-22
moreland magnetics 404,,175.0,2025-08-22,2026-08-22
moreland magnetics 707,,160.0,2025-08-22,2026-08-22
monolith bug jr,,175.0,2025-08-22,2026-08-22
thorpyfx fallout cloud fuzz,,150.0,2025-08-22,2026-08-22
boss dc-2w,,150.0,2025-08-22,2026-08-22
ehx pico pog,,160.0,2025-08-22,2026-08-22
bondi effects squish as compressor,,190.0,2025-08-22,2026-08-22
fender switchboard,,300.0,2025-08-22,2026-08-22
behringer sf300,,30.0,2025-08-22,2026-08-22
Janglebox the Byrds,,140.0,2025-08-22,2026-08-22
Polytune3 mini noir,,55.0,2025-08-22,2026-08-22
lovepedal eternity handwired,,165.0,2025-08-22,2026-08-22
Polytune3 mini noir,,55.0,2025-08-22,2026-08-22
Ehx c9,,145.0,2025-08-22,2026-08-22
Tc ditto looper,,45.0,2025-08-22,2026-08-22
Ehx intelligent harmony machine,,140.0,2025-08-22,2026-08-22
Tc ditto looper,,45.0,2025-08-22,2026-08-22
Lovepedal purple plexi,,125.0,2025-08-22,2026-08-22
Acoustic xciter big bottom,,60.0,2025-08-22,2026-08-22
Bbe sonic stomp mini,,70.0,2025-08-22,2026-08-22
Acoustic xciter big bottom,,60.0,2025-08-22,2026-08-22
Dunlop volume / exp pedal x8,,85.0,2025-08-22,2026-08-22
Behringer hd400,,20.0,2025-08-22,2026-08-22
Dunlop volume / exp pedal x8,,85.0,2025-08-22,2026-08-22
Innogear i229 phantom power,,20.0,2025-08-22,2026-08-22
Boss dd-3t,,90.0,2025-08-22,2026-08-22
Boss Psm-5,,30.0,2025-08-22,2026-08-22
Truetone Jekyll and Hyde,,130.0,2025-08-22,2026-08-22
Digitech digi delay,,60.0,2025-08-22,2026-08-22
Quilter interblock 45,,125.0,2025-08-22,2026-08-22
Boss ns2,,55.0,2025-08-22,2026-08-22
Tc hall of fame mini 2,,70.0,2025-08-22,2026-08-22
Gfi triple switch,,35.0,2025-08-22,2026-08-22
Fulltone true path aby-st,,165.0,2025-08-22,2026-08-22
mosky Loop box,,20.0,2025-08-22,2026-08-22
Mxr Dyna comp script,,170.0,2025-08-22,2026-08-22
mosky Loop box,,20.0,2025-08-22,2026-08-22
Analogman juicer,,155.0,2025-08-22,2026-08-22
Mooer wahter,,60.0,2025-08-22,2026-08-22
Ibanez fl9,,100.0,2025-08-22,2026-08-22
Tc alter ego,,75.0,2025-08-22,2026-08-22
Ehx Ravish sitar,,160.0,2025-08-22,2026-08-22
Wampler ego compressor,,85.0,2025-08-22,2026-08-22
Gfi specular tempus,,250.0,2025-08-22,2026-08-22
Analogman beano boost,,225.0,2025-08-22,2026-08-22
BOSS CH-1 SUPER CHORUS LIKE NEW CONDITION,,60.0,2025-08-22,2026-08-22
BOSS DS-1 DISTORTION LIKE NEW CONDITION,,40.0,2025-08-22,2026-08-22
BOSS SD-1 SUPER OVER DRIVE LIKE NEW CONDITION,,45.0,2025-08-22,2026-08-22
BOSS PH-3 PHASE SHIFTER LIKE NEW CONDITION,,60.0,2025-08-22,2026-08-22
MXR SUPER BADASS DISTORTION LIME NEW CONDITION,,50.0,2025-08-22,2026-08-22
IBANEZ BIG MINI CHROMATIC TUNER,,40.0,2025-08-22,2026-08-22
TECH 21-NYC BLONDE SANS AMP LIKE NEW CONDITION,,110.0,2025-08-22,2026-08-22
EarthQuaker Devices Hoof Hybrid Fuzz V2,,90.0,2025-08-22,2026-08-22
JAM Pedals Delay Llama Extreme,,260.0,2025-08-22,2026-08-22
Line 6 Echo Park Delay,,90.0,2025-08-22,2026-08-22
Asheville Music Tools Analoger ADG-1 Delay,,300.0,2025-08-22,2026-08-22
AnalogMan Envelope Filter,,190.0,2025-08-22,2026-08-22
Browne Amplification Protein Drive,,225.0,2025-08-22,2026-08-22
Red Witch Deluxe Moon Phaser Tremolo,,140.0,2025-08-22,2026-08-22
Fulltone OCD - Overdrive,,125.0,2025-08-22,2026-08-22
Red Witch Binary Star Delay,,125.0,2025-08-22,2026-08-22
Xotic Effects AC-RC Oz Noy Signature,,150.0,2025-08-22,2026-08-22
Wampler Terraform,,125.0,2025-08-22,2026-08-22
Boss TU-2 Tuner,,40.0,2025-08-22,2026-08-22
MXR Reverb M-300,,110.0,2025-08-22,2026-08-22
Nobels ODR-1 OD,,60.0,2025-08-22,2026-08-22
TC Electronics Flashback Delay,,70.0,2025-08-22,2026-08-22
TC Electronics Vortex Mini Flanger,,60.0,2025-08-22,2026-08-22
Ibanez Analog Delay Mini,,75.0,2025-08-22,2026-08-22
Dunlop Crybaby 535Q Wah,,80.0,2025-08-22,2026-08-22
Dunlop Joe Bonamassa mini Fuzzface,,130.0,2025-08-22,2026-08-22
Boss Super Octave OC-3,,80.0,2025-08-22,2026-08-22
Carl Martin Compressor Limiter,,85.0,2025-08-22,2026-08-22
MXR Carbon Copy Delay,,80.0,2025-08-22,2026-08-22
ehx small stone vintage,,140.0,2025-08-22,2026-08-22
mxr envelope filter vintage,,175.0,2025-08-22,2026-08-22
dod od 250 vintage,,150.0,2025-08-22,2026-08-22
boss cs-3,,50.0,2025-08-22,2026-08-22
rockson ds-30,,40.0,2025-08-22,2026-08-22
eventide h9,,275.0,2025-08-22,2026-08-22
empress reverb,,290.0,2025-08-22,2026-08-22
seymour duncan powerstage 170,,16.0,2025-08-22,2026-08-22
digitech polara reverb,,140.0,2025-08-22,2026-08-22
boss da-2,,145.0,2025-08-22,2026-08-22
ehx memory boy,,70.0,2025-08-22,2026-08-22
korg pitchblack,,40.0,2025-08-22,2026-08-22
tc ditto looper,,40.0,2025-08-22,2026-08-22
jet city the flood delay,,45.0,2025-08-22,2026-08-22
boss ac-3,,55.0,2025-08-22,2026-08-22
barber electronics custom,,135.0,2025-08-22,2026-08-22
walrus fundamental ambient,,65.0,2025-08-22,2026-08-22
mad professor royal blue overdrive,,100.0,2025-08-22,2026-08-22
one control honey bee od mini,,140.0,2025-08-22,2026-08-22
way huge swollen pickle mkii,,90.0,2025-08-22,2026-08-22
eqd plumes,,70.0,2025-08-22,2026-08-22
tc afterglow chorus,,35.0,2025-08-22,2026-08-22
ehx neo clone chorus,,45.0,2025-08-22,2026-08-22
tech 21 geddy lee yyz,,135.0,2025-08-22,2026-08-22
radial pro av1,,80.0,2025-08-22,2026-08-22
radial jdi,,150.0,2025-08-22,2026-08-22
boss sd-2,,140.0,2025-08-22,2026-08-22
boss md-2,,50.0,2025-08-22,2026-08-22
wampler cryptid,,135.0,2025-08-22,2026-08-22
boss ds-1,,40.0,2025-08-22,2026-08-22
wampler pantheon,,100.0,2025-08-22,2026-08-22
boss ds-2,,60.0,2025-08-22,2026-08-22
boss sd-2,,140.0,2025-08-22,2026-08-22
boss ge-7,,65.0,2025-08-22,2026-08-22
fulltone clyde deluxe,,135.0,2025-08-22,2026-08-22
boss os-2,,40.0,2025-08-22,2026-08-22
boss jb-2,,140.0,2025-08-22,2026-08-22
boss sd-1,,40.0,2025-08-22,2026-08-22
wampler tape echo,,75.0,2025-08-22,2026-08-22
boss fs-6,,40.0,2025-08-22,2026-08-22
wampler terraform,,150.0,2025-08-22,2026-08-22
beatbuddy mini 2,,75.0,2025-08-22,2026-08-22
boss od-3,,75.0,2025-08-22,2026-08-22
peterson strobo tuner,,85.0,2025-08-22,2026-08-22
radial bigshot aby,,70.0,2025-08-22,2026-08-22
morningstar mc8,,200.0,2025-08-22,2026-08-22
boss od-2,,80.0,2025-08-22,2026-08-22
boss rc-5,,125.0,2025-08-22,2026-08-22
boss dd500,,190.0,2025-08-22,2026-08-22
ehx neo clone,,45.0,2025-08-22,2026-08-22
tc spark booster,,45.0,2025-08-22,2026-08-22
dod flanger 575 performer,,75.0,2025-08-22,2026-08-22
pigtronix bass fat drive,,70.0,2025-08-22,2026-08-22
mxr envelope filter,,175.0,2025-08-22,2026-08-22
dunlop 105q crybaby bass wah,,80.0,2025-08-22,2026-08-22
arion bass distortion,,40.0,2025-08-22,2026-08-22
digitech bp200,,50.0,2025-08-22,2026-08-22
tomsline chorus,,25.0,2025-08-22,2026-08-22
aa audio atr-5 flanger,,25.0,2025-08-22,2026-08-22
darkglass alpha omega,,190.0,2025-08-22,2026-08-22
digitech drop,,160.0,2025-08-22,2026-08-22
benson preamp,,160.0,2025-08-22,2026-08-22
caroline arigato phaser,,140.0,2025-08-22,2026-08-22
mxr rockman,,170.0,2025-08-22,2026-08-22
eqd aurelius,,125.0,2025-08-22,2026-08-22
krs eros,,125.0,2025-08-22,2026-08-22
ksr vesta,,225.0,2025-08-22,2026-08-22
ksr ceres,,240.0,2025-08-22,2026-08-22
fortin meshuggah,,285.0,2025-08-22,2026-08-22
eqd rainbow machine pink,,135.0,2025-08-22,2026-08-22
eqd dispatch master pink,,140.0,2025-08-22,2026-08-22
pasta pedals be-rex,,90.0,2025-08-22,2026-08-22
eqd plumes purple,,75.0,2025-08-22,2026-08-22
peavey decade clone,,120.0,2025-08-22,2026-08-22
hello sailor stryacosaurus,,500.0,2025-08-22,2026-08-22
dr no effects tvl octavia,,215.0,2025-08-22,2026-08-22
dr no effects tvl raven filter and boost,,225.0,2025-08-22,2026-08-22
proco rat,,65.0,2025-08-22,2026-08-22
dunlop cbg 935,,50.0,2025-08-22,2026-08-22
dunlop cbm 95,,65.0,2025-08-22,2026-08-22
boss super distortion sd-1,,45.0,2025-08-22,2026-08-22
ibanez mini tube screamer,,45.0,2025-08-22,2026-08-22
boss dr-800,,215.0,2025-08-22,2026-08-22
ehx 22500,,150.0,2025-08-22,2026-08-22
headrush gigboard,,225.0,2025-08-22,2026-08-22
headrush expression pedal,,80.0,2025-08-22,2026-08-22
mxr a/b box,,40.0,2025-08-22,2026-08-22
boss ds-1,,40.0,2025-08-22,2026-08-22
boss cs-3,,50.0,2025-08-22,2026-08-22
digitech drop,,160.0,2025-08-22,2026-08-22
keeley halo,,180.0,2025-08-22,2026-08-22
keeley hydra,,150.0,2025-08-22,2026-08-22
walrus acs1 v1,,175.0,2025-08-22,2026-08-22
caroline california za,,125.0,2025-08-22,2026-08-22
jhs at+,,130.0,2025-08-22,2026-08-22
jhs kilt v2,,150.0,2025-08-22,2026-08-22
wren & cuff caprid small box custom shop w creamy mod,,150.0,2025-08-22,2026-08-22
steak n eggs,,399.0,2025-08-22,2026-08-22
way huge saucy box hc,,229.0,2025-08-22,2026-08-22
chase bliss billy strings wombtone,,290.0,2025-08-22,2026-08-22
zvex fat fuzz factory,,140.0,2025-08-22,2026-08-22
j. rockett archer,,110.0,2025-08-22,2026-08-22
bk butler tube driver,,240.0,2025-08-22,2026-08-22
noisekick fx gregg's place,,110.0,2025-08-22,2026-08-22
1980 gibson flying v factory black,,4500.0,2025-08-22,2026-08-22
mxr carbon copy bright,,90.0,2025-08-22,2026-08-22
catalinbread fuzzrite,,80.0,2025-08-22,2026-08-22
catalinbread katzenkonig,,100.0,2025-08-22,2026-08-22
fulltone ocd,,100.0,2025-08-22,2026-08-22
catalinbread echorec orange,,135.0,2025-08-22,2026-08-22
tc polytune,,50.0,2025-08-22,2026-08-22
noise fx wah,,75.0,2025-08-22,2026-08-22
mxr distortion +,,50.0,2025-08-22,2026-08-22
mxr classic 108 fuzz,,75.0,2025-08-22,2026-08-22
joyo octave,,20.0,2025-08-22,2026-08-22
mxr evh flanger,,120.0,2025-08-22,2026-08-22
catalinbread zero point flanger,,115.0,2025-08-22,2026-08-22
prs s2 custom 2013,,950.0,2025-08-22,2026-08-22
2013 american fender strat,,1150.0,2025-08-22,2026-08-22
tc hall of fame,,75.0,2025-08-22,2026-08-22
boss ge7,,75.0,2025-08-22,2026-08-22
vintage mxr dyna comp,,100.0,2025-08-22,2026-08-22
keeley noble screamer,,110.0,2025-08-22,2026-08-22
tc dual vintage distortion,,75.0,2025-08-22,2026-08-22
carl martin low gain plexitone,,70.0,2025-08-22,2026-08-22
xotic rc booster,,125.0,2025-08-22,2026-08-22
ibanez ts9,,60.0,2025-08-22,2026-08-22
mxr mini dyna comp,,60.0,2025-08-22,2026-08-22
chunky brogan distortion,,50.0,2025-08-22,2026-08-22
aphex guitar xciter,,85.0,2025-08-22,2026-08-22
amptweaker pressurizer,,175.0,2025-08-22,2026-08-22
black finger compression pedal,,170.0,2025-08-22,2026-08-22
amptweaker tight metal pro 2,,220.0,2025-08-22,2026-08-22
isp decimator,,75.0,2025-08-22,2026-08-22
radial pro-rm preamp,,75.0,2025-08-22,2026-08-22
boss waza tube amp expander,,700.0,2025-08-22,2026-08-22
source audio collider,,225.0,2025-08-22,2026-08-22
Boss ce-5 chorus,,65.0,2025-08-22,2026-08-22
hughes & kettner red box,,40.0,2025-08-22,2026-08-22
Death by audio echo dream delay 2,,180.0,2025-08-22,2026-08-22
strymon iridium,,250.0,2025-08-22,2026-08-22
chase bliss billy strings wombtone,,290.0,2025-08-22,2026-08-22
harby noble tone,,75.0,2025-08-22,2026-08-22
mxr distortion +,,50.0,2025-08-22,2026-08-22
mxr classic distortion,,30.0,2025-08-22,2026-08-22
vox v847 wah,,55.0,2025-08-22,2026-08-22
keeley compressor 4 knob,,85.0,2025-08-22,2026-08-22
mxr talk box,,100.0,2025-08-22,2026-08-22
beetronics nectar distortion,,120.0,2025-08-22,2026-08-22
tc sentry,,80.0,2025-08-22,2026-08-22
peterson strobo stomp hd,,85.0,2025-08-22,2026-08-22
wampler equator,,115.0,2025-08-22,2026-08-22
effectrode blackbird,,425.0,2025-08-22,2026-08-22
mxr blue octave,,125.0,2025-08-22,2026-08-22
mxr carbon copy,,75.0,2025-08-22,2026-08-22
mxr clone looper,,80.0,2025-08-22,2026-08-22
boss ch-1 super chorus,,60.0,2025-08-22,2026-08-22
mxr phase 90,,50.0,2025-08-22,2026-08-22
tc spectra comp,,60.0,2025-08-22,2026-08-22
ehx deluxe bass big muff,,90.0,2025-08-22,2026-08-22
tech 21 bass boost fuzz,,85.0,2025-08-22,2026-08-22
tech 21 bass boost chorus,,120.0,2025-08-22,2026-08-22
keeley bassist limiting amp,,110.0,2025-08-22,2026-08-22
peterson tuner,,60.0,2025-08-22,2026-08-22
mark bass mb mini series,,50.0,2025-08-22,2026-08-22
mxr phase 95,,65.0,2025-08-22,2026-08-22
seymour duncan pickup booster,,70.0,2025-08-22,2026-08-22
ehx little big muff,,50.0,2025-08-22,2026-08-22
oorange terror stamp,,90.0,2025-08-22,2026-08-22
mcgreggor pedals classic fuzz,,30.0,2025-08-22,2026-08-22
jackson audio golden boy black,,80.0,2025-08-22,2026-08-22
walrus fundamental drive,,55.0,2025-08-22,2026-08-22
toad works texas flood classic od,,105.0,2025-08-22,2026-08-22
walrus audio fundamental distortion,,50.0,2025-08-22,2026-08-22
catalinbread naga viper,,80.0,2025-08-22,2026-08-22
catalinbread side arm 70s,,60.0,2025-08-22,2026-08-22
stratus pedal,,140.0,2025-08-22,2026-08-22
mxr phase 90,,50.0,2025-08-22,2026-08-22
all pedal samurai distortion,,110.0,2025-08-22,2026-08-22
digitech jam man express xt,,40.0,2025-08-22,2026-08-22
suhr rufus fuzz,,100.0,2025-08-22,2026-08-22
fender baseman fuzz,,75.0,2025-08-22,2026-08-22
mr black deuce coupe,,130.0,2025-08-22,2026-08-22
mcgreggor pedals crunch,,100.0,2025-08-22,2026-08-22
all pedal devils triad,,205.0,2025-08-22,2026-08-22
mxr carbon copy,,80.0,2025-08-22,2026-08-22
jimi hendrix system octave fuzz,,100.0,2025-08-22,2026-08-22
catalinbread dirty little secret,,85.0,2025-08-22,2026-08-22
fulltone ocd,,115.0,2025-08-22,2026-08-22
mr black bb-74x,,75.0,2025-08-22,2026-08-22
maxon distortion and sustainer,,75.0,2025-08-22,2026-08-22
fuzzlord riff master,,160.0,2025-08-22,2026-08-22
throbak strange master treble boost,,160.0,2025-08-22,2026-08-22
Eventide H9Max,,325.0,2025-08-22,2026-08-22
Fuzz Imp Adventure Fuzz,,80.0,2025-08-22,2026-08-22
Dunlop Mick Ronson Wah,,180.0,2025-08-22,2026-08-22
DevTech Audio DSOTM Fuzz,,160.0,2025-08-22,2026-08-22
uafx orion delay,,85.0,2025-08-22,2026-08-22
friedman golden pearl od clone,,90.0,2025-08-22,2026-08-22
tone city angel wing,,40.0,2025-08-22,2026-08-22
sonicake crybot envelope filter,,25.0,2025-08-22,2026-08-22
tomsline dumbler od,,25.0,2025-08-22,2026-08-22
fender super sonic amp - 500,,560.0,2025-08-22,2026-08-22
quilter mach 3 amp - 800,,800.0,2025-08-22,2026-08-22
voodoo llab pedal power 3 plus - 180,,190.0,2025-08-22,2026-08-22
voodoo lab pedal power 3 - 125,,125.0,2025-08-22,2026-08-22
voodoo lab pedal power 3 - 125,,125.0,2025-08-22,2026-08-22
voodoo lab pedal power x8 - 85,,90.0,2025-08-22,2026-08-22
voodoo lab pedal power x4 - 45,,50.0,2025-08-22,2026-08-22
voodoo lab pedal power x4 - 45,,50.0,2025-08-22,2026-08-22
casio dg-20 - 300,,350.0,2025-08-22,2026-08-22
yamaha vss-30 - 175,,175.0,2025-08-22,2026-08-22
pocket miku - 120,,120.0,2025-08-22,2026-08-22
pocket operator mega man - 120,,110.0,2025-08-22,2026-08-22
jackson audio broken arrow,,100.0,2025-08-22,2026-08-22
spruce effects gale small box,,115.0,2025-08-22,2026-08-22
black country customs monolith,,75.0,2025-08-22,2026-08-22
Side FX Bug Elektrik,,100.0,2025-08-22,2026-08-22
Keeley Retro Super Germanium,,150.0,2025-08-22,2026-08-22
EAE LongSword,,235.0,2025-08-22,2026-08-22
Orange Getaway driver,,90.0,2025-08-22,2026-08-22
Boss OC5,,110.0,2025-08-22,2026-08-22
Ibanex Pentatone,,90.0,2025-08-22,2026-08-22
Ibanex Pentatone,,65.0,2025-08-22,2026-08-22
TC Plethora x1,,100.0,2025-08-22,2026-08-22
dunlop fuzz face mini(little red one),,75.0,2025-08-22,2026-08-22
Eventide H9 Max,,290.0,2025-08-22,2026-08-22
boss fs-7,,45.0,2025-08-22,2026-08-22
boss sd-1,,45.0,2025-08-22,2026-08-22
boss tu-2,,45.0,2025-08-22,2026-08-22
jhs red remote,,30.0,2025-08-22,2026-08-22
jhs red remote,,30.0,2025-08-22,2026-08-22
jhs 3 series fuzz,,65.0,2025-08-22,2026-08-22
jhs 3 series compressor,,55.0,2025-08-22,2026-08-22
chase bliss faves,,45.0,2025-08-22,2026-08-22
digitech drop,,160.0,2025-08-22,2026-08-22
source audio la lady,,90.0,2025-08-22,2026-08-22
truetone onespot cs12,,150.0,2025-08-22,2026-08-22
uafx astra,,170.0,2025-08-22,2026-08-22
king tone the duelist,,240.0,2025-08-22,2026-08-22
strymon el capistan,,190.0,2025-08-22,2026-08-22
jhs vcr,,210.0,2025-08-22,2026-08-22
maxon ad10 analog delay,,100.0,2025-08-22,2026-08-22
solidgoldfx surf rider iii,,120.0,2025-08-22,2026-08-22
greer lightspeed,,185.0,2025-08-22,2026-08-22
sweet sound mojo vibe,,325.0,2025-08-22,2026-08-22
walrus aetos,,90.0,2025-08-22,2026-08-22
morley power wah,,70.0,2025-08-22,2026-08-22
ehx super ego +,,170.0,2025-08-22,2026-08-22
eventide riptide,,160.0,2025-08-22,2026-08-22
catalinbread katzenkonig,,90.0,2025-08-22,2026-08-22
ehx small stone,,50.0,2025-08-22,2026-08-22
boss bd-2,,65.0,2025-08-22,2026-08-22
boss sd-1 modded,,65.0,2025-08-22,2026-08-22
solid gold beta-v bass preamp,,130.0,2025-08-22,2026-08-22
boss oc-2,,135.0,2025-08-22,2026-08-22
dark glass harmonic booster,,140.0,2025-08-22,2026-08-22
caveman audio bc-1,,500.0,2025-08-22,2026-08-22
caveman audio bp-1,,400.0,2025-08-22,2026-08-22
twilight audio electronics thy fuzzwar overlord,,140.0,2025-08-22,2026-08-22
dwarfcraft paraloop,,90.0,2025-08-22,2026-08-22
ua dream,,225.0,2025-08-22,2026-08-22
digitech cabdryvr,,55.0,2025-08-22,2026-08-22
ua anti,,220.0,2025-08-22,2026-08-22
boss md-2,,50.0,2025-08-22,2026-08-22
boss mt-2,,50.0,2025-08-22,2026-08-22
digitech cabdryvr,,55.0,2025-08-22,2026-08-22
boss md-2,,50.0,2025-08-22,2026-08-22
boss mt-2,,50.0,2025-08-22,2026-08-22
fulltone plim soul,,75.0,2025-08-22,2026-08-22
behringer um300,,25.0,2025-08-22,2026-08-22
ua woodrow,,190.0,2025-08-22,2026-08-22
zoom a2,,45.0,2025-08-22,2026-08-22
fender trapper,,80.0,2025-08-22,2026-08-22
pigtronix mothership2,,80.0,2025-08-22,2026-08-22
violetta delay,,85.0,2025-08-22,2026-08-22
ua ruby,,190.0,2025-08-22,2026-08-22
fender frv-1,,175.0,2025-08-22,2026-08-22
shin music clean drive,,300.0,2025-08-22,2026-08-22
shin music dumbloid b btm,,450.0,2025-08-22,2026-08-22
lehle little dual,,130.0,2025-08-22,2026-08-22
kep dynamic overdrive,,80.0,2025-08-22,2026-08-22
strymon deco v2,,290.0,2025-08-22,2026-08-22
strymon multi switch,,50.0,2025-08-22,2026-08-22
mm effects cattle drive fuzz #001,,80.0,2025-08-22,2026-08-22
darkglass hyper minimal hybrid compressor,,175.0,2025-08-22,2026-08-22
tc jauernig electronics dgtm,,110.0,2025-08-22,2026-08-22
keeley compressor pro,,155.0,2025-08-22,2026-08-22
keeley compressor pro,,155.0,2025-08-22,2026-08-22
two notes torpedo cab m+,,140.0,2025-08-22,2026-08-22
two notes torpedo cab m+,,140.0,2025-08-22,2026-08-22
suhr minimix,,90.0,2025-08-22,2026-08-22
henretta engineering chord blaster,,80.0,2025-08-22,2026-08-22
little labs multi z pip,,190.0,2025-08-22,2026-08-22
darkglass electronics microtubes x ultra,,275.0,2025-08-22,2026-08-22
keeley katana v1,,240.0,2025-08-22,2026-08-22
keeley katana v1,,240.0,2025-08-22,2026-08-22
radial big shot mix effects loop mixer,,60.0,2025-08-22,2026-08-22
pigtronix philosphers tone,,65.0,2025-08-22,2026-08-22
chase bliss spectre,,650.0,2025-08-22,2026-08-22
obne dark light dual reverb,,385.0,2025-08-22,2026-08-22
mxr reverb,,110.0,2025-08-22,2026-08-22
sansamp bass driver di,,160.0,2025-08-22,2026-08-22
zoom ms 70cdr,,80.0,2025-08-22,2026-08-22
jhs emperor v2,,135.0,2025-08-22,2026-08-22
fjord fuzz loke,,175.0,2025-08-22,2026-08-22
strymon deco,,215.0,2025-08-22,2026-08-22
tone king ironman ii mini,,240.0,2025-08-22,2026-08-22
ehx nano clone,,35.0,2025-08-22,2026-08-22
danelectro fab flanger,,25.0,2025-08-22,2026-08-22
two notes le bass,,175.0,2025-08-22,2026-08-22
mantic vitriol,,140.0,2025-08-22,2026-08-22
maxon 808,,70.0,2025-08-22,2026-08-22
tc hall of fame reverb,,75.0,2025-08-22,2026-08-22
amplitube x time,,140.0,2025-08-22,2026-08-22
mooer black truck,,130.0,2025-08-22,2026-08-22
joyo d seed 2 delay,,35.0,2025-08-22,2026-08-22
joyo uzi,,30.0,2025-08-22,2026-08-22
korg pitchblack tuner,,35.0,2025-08-22,2026-08-22
mooer baby tuner,,35.0,2025-08-22,2026-08-22
demon fx 33 clone,,40.0,2025-08-22,2026-08-22
mxr smart gate,,55.0,2025-08-22,2026-08-22
mxr noise gate / line driver,,65.0,2025-08-22,2026-08-22
empress tremolo,,100.0,2025-08-22,2026-08-22
dunlop echoplex,,85.0,2025-08-22,2026-08-22
prs horse meat,,120.0,2025-08-22,2026-08-22
bbe green screamer v2,,60.0,2025-08-22,2026-08-22
tone king iron man ii mini,,260.0,2025-08-22,2026-08-22
fulltone ocd v1.7,,110.0,2025-08-22,2026-08-22
mxr m82 bass envelope filter,,90.0,2025-08-22,2026-08-22
way huge camel toe,,270.0,2025-08-22,2026-08-22
soldano slo pedal,,120.0,2025-08-22,2026-08-22
revv tilt od,,135.0,2025-08-22,2026-08-22
revv northern mauler,,130.0,2025-08-22,2026-08-22
killling floor treble booster,,165.0,2025-08-22,2026-08-22
nobels del-mini,,70.0,2025-08-22,2026-08-22
walrus arp-87,,110.0,2025-08-22,2026-08-22
walrus julia kamakura,,200.0,2025-08-22,2026-08-22
nobels odr-1 mini,,45.0,2025-08-22,2026-08-22
behringer fuzz bender,,60.0,2025-08-22,2026-08-22
strymon flint v2,,280.0,2025-08-22,2026-08-22
strymon timeline,,280.0,2025-08-22,2026-08-22
king tone duellist,,240.0,2025-08-22,2026-08-22
tc polytune 3,,45.0,2025-08-22,2026-08-22
r2r electric mki / zonk,,450.0,2025-08-22,2026-08-22
r weaver fx midnight vibe,,335.0,2025-08-22,2026-08-22
prescription electronics experience octave,,550.0,2025-08-22,2026-08-22
berkos fx third stone,,340.0,2025-08-22,2026-08-22
Eqd Disaster transport,,90.0,2025-08-22,2026-08-22
proco turbo rat,,115.0,2025-08-22,2026-08-22
boss sd-1,,40.0,2025-08-22,2026-08-22
fulltone plimsoul,,75.0,2025-08-22,2026-08-22
eqd arrows,,60.0,2025-08-22,2026-08-22
vemuram butter machine,,275.0,2025-08-22,2026-08-22
ehx screaming bird,,50.0,2025-08-22,2026-08-22
amptweaker tight metal,,100.0,2025-08-22,2026-08-22
boss sd-1w,,90.0,2025-08-22,2026-08-22
analogman prince of tone,,175.0,2025-08-22,2026-08-22
boss bd-2w,,115.0,2025-08-22,2026-08-22
ehx holy grail,,70.0,2025-08-22,2026-08-22
mesa boogie throttle box,,220.0,2025-08-22,2026-08-22
walrus audio iron horse v2,,75.0,2025-08-22,2026-08-22
fulltone mas malo,,100.0,2025-08-22,2026-08-22
amptweaker tight rock,,80.0,2025-08-22,2026-08-22
mxr m108 10 band eq,,80.0,2025-08-22,2026-08-22
fender full moon distortion,,70.0,2025-08-22,2026-08-22
mxr evh 5150 od,,120.0,2025-08-22,2026-08-22
mxr duke of tone,,80.0,2025-08-22,2026-08-22
walrus audio eras,,105.0,2025-08-22,2026-08-22
dod 280 compressor,,75.0,2025-08-22,2026-08-22
westminster effects 1689 od,,75.0,2025-08-22,2026-08-22
nobels odr-s,,240.0,2025-08-22,2026-08-22
mythos envy pro nv9,,115.0,2025-08-22,2026-08-22
ua orion tape echo,,80.0,2025-08-22,2026-08-22
1980 Ibanez ts808 jrc 4558d,,700.0,2025-08-22,2026-08-22
proco deucetone,,160.0,2025-08-22,2026-08-22
source audio c4,,160.0,2025-08-22,2026-08-22
engl ep02 digital delay,,80.0,2025-08-22,2026-08-22
aguilar octaamizer,,100.0,2025-08-22,2026-08-22
aguilar filter twin,,115.0,2025-08-22,2026-08-22
wampler sovereign,,85.0,2025-08-22,2026-08-22
motu m4 analog/digital interface,,175.0,2025-08-22,2026-08-22
jackson audio golden boy,,120.0,2025-08-22,2026-08-22
engl ironball 20 se,,875.0,2025-08-22,2026-08-22
third man plasma coil,,220.0,2025-08-22,2026-08-22
j rockett archer ikon,,110.0,2025-08-22,2026-08-22
digitech freqout,,150.0,2025-08-22,2026-08-22
Boss DD-6,,80.0,2025-08-22,2026-08-22
Wampler Tumnus Deluxe,,125.0,2025-08-22,2026-08-22
Proco Rat 2,,65.0,2025-08-22,2026-08-22
Riveter Electric Deluxe Memory Man Preamp,,120.0,2025-08-22,2026-08-22
"Deco v1 - VG condition, comes",,200.0,2025-08-22,2026-08-22
Suhr Jack Rabbit -,Good Condition,110.0,2025-08-22,2026-08-22
Way Huge Weirdling -,Excellent Condition,120.0,2025-08-22,2026-08-22
Strymon El Cap V2,,300.0,2025-08-22,2026-08-22
Strymon Flint V2,,260.0,2025-08-22,2026-08-22
Walrus Audio Qi Etherealizer,,300.0,2025-08-22,2026-08-22
Klon KTR 2010 Diodes,,480.0,2025-08-22,2026-08-22
Roger Mayer Voodoo Boost,,225.0,2025-08-22,2026-08-22
Rimrock Lil Mo Klone,,110.0,2025-08-22,2026-08-22
Lovepedal COT,,150.0,2025-08-22,2026-08-22
Keeley Halo,,180.0,2025-08-22,2026-08-22
Kernom Ridge,,185.0,2025-08-22,2026-08-22
Karma MTN-10,,150.0,2025-08-22,2026-08-22
"Wampler Catacombs, mint w/box",Mint,220.0,2025-08-22,2026-08-22
Pedal Pal Fx Pal 800v3 gold overdrive mint,Mint,175.0,2025-08-22,2026-08-22
"Pedal pawn Texas twang, mint w box",Mint,175.0,2025-08-22,2026-08-22
"Analogman Beano boost, Bart with bypass pot",,200.0,2025-08-22,2026-08-22
H.B.E Germania pedal with 3q and hi-fi/lo-fi switches. One of the best treble boosters made,,100.0,2025-08-22,2026-08-22
Waza craft ds1w mint,Mint,90.0,2025-08-22,2026-08-22
Ibanez ts9 mint,Mint,65.0,2025-08-22,2026-08-22
"Ibanez tube screamer tamura mod, mint with all packing",Mint,200.0,2025-08-22,2026-08-22
"Gas fx Drive thru, incredible handwired gainster circuit with ge/si switch $150",,100.0,2025-08-22,2026-08-22
Boss TU-3 - $75,,60.0,2025-08-22,2026-08-22
DOD od/pre 250 - $150,,150.0,2025-08-22,2026-08-22
Jackson Audio Silvertone 1484 - $150,,150.0,2025-08-22,2026-08-22
Geckoplex EP-5 V1 - $275,,275.0,2025-08-22,2026-08-22
Joyo power supply - $80,,80.0,2025-08-22,2026-08-22
The Octaland by Kingtone - $199,,200.0,2025-08-22,2026-08-22
1981 Prototype - $150,,150.0,2025-08-22,2026-08-22
JHS overdrive preamp - $125,,125.0,2025-08-22,2026-08-22
MXR Custom Shop Shin-Juku Drive- $150,,150.0,2025-08-22,2026-08-22
Universal Audio LA 610 MKIl tube channel strip,,875.0,2025-08-22,2026-08-22
Audiosprockets Tondedexter II,,450.0,2025-08-22,2026-08-22
Fractal Axe Fx III Mark II Turbo,,1800.0,2025-08-22,2026-08-22
Seymour Duncan Antiquity Bridge,,100.0,2025-08-22,2026-08-22
Eventide Blackhole,,170.0,2025-08-22,2026-08-22
Ethos TWE-1 $180 - mint,Mint,220.0,2025-08-22,2026-08-22
Strymon Zelzah,,235.0,2025-08-22,2026-08-22
Keeley Halo,,185.0,2025-08-22,2026-08-22
Keeley Hydra,,155.0,2025-08-22,2026-08-22
Eventide Tricerachorus,,185.0,2025-08-22,2026-08-22
Suhr Eclipse,,170.0,2025-08-22,2026-08-22
MXR Chorus,,60.0,2025-08-22,2026-08-22
r2r supa fuzz mkii professional oc75 v2,,450.0,2025-08-22,2026-08-22
wolf devices supa fuzz mk2,,285.0,2025-08-22,2026-08-22
jdm elektrika le mullard red dot oc42,,225.0,2025-08-22,2026-08-22
spaceman sputnik iii,,185.0,2025-08-22,2026-08-22
beetronics wannabee,,190.0,2025-08-22,2026-08-22
warm audio warmdrive,,90.0,2025-08-22,2026-08-22
voodoo lab giggity,,105.0,2025-08-22,2026-08-22
wampler ego,,110.0,2025-08-22,2026-08-22
friedman ir-x,,320.0,2025-08-22,2026-08-22
boss ds-1,,40.0,2025-08-22,2026-08-22
fender pugilsit,,50.0,2025-08-22,2026-08-22
radial ice cube ic-1,,50.0,2025-08-22,2026-08-22
tc bodyrez,,55.0,2025-08-22,2026-08-22
MXR Carbon Copy,,70.0,2025-08-22,2026-08-22
keeley compressor,,70.0,2025-08-22,2026-08-22
strymon el cap v1,,190.0,2025-08-22,2026-08-22
jhs andy timmons AT,,120.0,2025-08-22,2026-08-22
fulltone fatboost,,80.0,2025-08-22,2026-08-22
boss dd20,,115.0,2025-08-22,2026-08-22
fulltone clyde deluxe 2003,,160.0,2025-08-22,2026-08-22
Klon KTR,,425.0,2025-08-22,2026-08-22
paul cohrane timmy v1 pcb not breadboard,,300.0,2025-08-22,2026-08-22
peterson strobostomp vs-s,,60.0,2025-08-22,2026-08-22
ehx small clone 4600,,65.0,2025-08-22,2026-08-22
wampler velvet fuzz,,85.0,2025-08-22,2026-08-22
wampler pinnacle,,90.0,2025-08-22,2026-08-22
wampler euphoria,,80.0,2025-08-22,2026-08-22
wampler hotwired,,120.0,2025-08-22,2026-08-22
wampler lelviathan,,100.0,2025-08-22,2026-08-22
wampler catapulp,,110.0,2025-08-22,2026-08-22
tc helicon voicelive 3,,320.0,2025-08-22,2026-08-22
boss ns2,,55.0,2025-08-22,2026-08-22
morley bad horsie wah,,55.0,2025-08-22,2026-08-22
boss sy-200,,200.0,2025-08-22,2026-08-22
quilter superblock us,,210.0,2025-08-22,2026-08-22
quilter superblock uk,,210.0,2025-08-22,2026-08-22
mxr phase 100,,90.0,2025-08-22,2026-08-22
dod envelope filter,,70.0,2025-08-22,2026-08-22
dod supra distortion,,30.0,2025-08-22,2026-08-22
boss ml-2,,50.0,2025-08-22,2026-08-22
boss ds-1,,40.0,2025-08-22,2026-08-22
ibanez fl-9 80s,,85.0,2025-08-22,2026-08-22
ibanez dl-10 80s,,75.0,2025-08-22,2026-08-22
70s slm the sweeper,,170.0,2025-08-22,2026-08-22
boss ce-3 mij,,80.0,2025-08-22,2026-08-22
lr baggs delay,,115.0,2025-08-22,2026-08-22
mad professor deep blue delay,,120.0,2025-08-22,2026-08-22
xotic ep booster,,75.0,2025-08-22,2026-08-22
fishman aura reverb,,180.0,2025-08-22,2026-08-22
keeley mod plus ts808,,200.0,2025-08-22,2026-08-22
zoom multistomp ms70cdr,,75.0,2025-08-22,2026-08-22
digitech timebender,,185.0,2025-08-22,2026-08-22
eqd astral destiny,,135.0,2025-08-22,2026-08-22
proco rat,,70.0,2025-08-22,2026-08-22
eventide modfactor,,170.0,2025-08-22,2026-08-22
akai headrush e2,,100.0,2025-08-22,2026-08-22
walrus audio lore,,185.0,2025-08-22,2026-08-22
walrus audio fable,,190.0,2025-08-22,2026-08-22
ehx hog 2,,300.0,2025-08-22,2026-08-22
eventide space,,260.0,2025-08-22,2026-08-22
keeley loomer,,225.0,2025-08-22,2026-08-22
dod fx64 ice box,,50.0,2025-08-22,2026-08-22
dod fx 60 stereo chorus,,60.0,2025-08-22,2026-08-22
dod phaser,,45.0,2025-08-22,2026-08-22
ibanez analog delay,,90.0,2025-08-22,2026-08-22
zonk clone,,80.0,2025-08-22,2026-08-22
silver fox - JHS The VCR Ryan Adams clone,,80.0,2025-08-22,2026-08-22
dirty haggard audio mid band,,75.0,2025-08-22,2026-08-22
de Lisle ABY Isolated Amp Selector Switch Pedal,,100.0,2025-08-22,2026-08-22
monster piece fuzz,,125.0,2025-08-22,2026-08-22
bmf ge spot,,125.0,2025-08-22,2026-08-22
dusty electronics Octomotron Fuzz,,80.0,2025-08-22,2026-08-22
memphis attacks trigger,,90.0,2025-08-22,2026-08-22
amp11 green 808,,100.0,2025-08-22,2026-08-22
daredevil drive,,100.0,2025-08-22,2026-08-22
otis lovebeams,,190.0,2025-08-22,2026-08-22
xotic robotalk,,110.0,2025-08-22,2026-08-22
bogner ecstasy blue,,100.0,2025-08-22,2026-08-22
mooer red kid,,50.0,2025-08-22,2026-08-22
mini mod flanger,,35.0,2025-08-22,2026-08-22
boss ch-1,,60.0,2025-08-22,2026-08-22
eqd sunn lifemetal octave distortion / overdrive,,285.0,2025-08-22,2026-08-22
dunlop eric clapton limited edition gold wah,,190.0,2025-08-22,2026-08-22
ehx metal muff,,45.0,2025-08-22,2026-08-22
flamma loop and drums,,55.0,2025-08-22,2026-08-22
ehx double anniversary big muff,,375.0,2025-08-22,2026-08-22
zcat reverb ti,,80.0,2025-08-22,2026-08-22
seymour duncan shapeshifter v1,,70.0,2025-08-22,2026-08-22
Kingsley Constable JCM 800 version,,450.0,2025-08-22,2026-08-22
Browne Protein V3,,237.0,2025-08-22,2026-08-22
Vemuram Jan Ray,,280.0,2025-08-22,2026-08-22
jptrfx glow in the dark Fernweh multi echo,,140.0,2025-08-22,2026-08-22
jptrfx jive reel saturator,,120.0,2025-08-22,2026-08-22
jptrfx super weirdo glitch modulation unit,,140.0,2025-08-22,2026-08-22
jptrfx silver machine fuzz -,,130.0,2025-08-22,2026-08-22
waterford electric box co. critter model iii -,,85.0,2025-08-22,2026-08-22
fuzzimp creature gated fuzz,,80.0,2025-08-22,2026-08-22
idiotbox effects dark waves echo chorus,,75.0,2025-08-22,2026-08-22
Spaceman sputnik iii germanium fuzz,,190.0,2025-08-22,2026-08-22
audio surplus effects ok doomer fuzz,,120.0,2025-08-22,2026-08-22
catalinbread coriolis effect,,105.0,2025-08-22,2026-08-22
catalinbread echorec,,130.0,2025-08-22,2026-08-22
analog noir effects zonk / mki -,,165.0,2025-08-22,2026-08-22
philly fuzz infidel,,290.0,2025-08-22,2026-08-22
philly fuzz heretic,,275.0,2025-08-22,2026-08-22
philly fuzz 1816 prototype,,225.0,2025-08-22,2026-08-22
dod phasor 201,,50.0,2025-08-22,2026-08-22
fuzzimp sender fuzz,,60.0,2025-08-22,2026-08-22
tc sub n up,,60.0,2025-08-22,2026-08-22
2023 fender cs 1961 roasted strat heavy relic - $3399,,3100.0,2025-08-22,2026-08-22
2024 fender cs 70th annie strat heavy relic - $3499,,3200.0,2025-08-22,2026-08-22
2023 fender cs ltd hot shot nashville tele relic - $2999,,2600.0,2025-08-22,2026-08-22
hilbish design amp head,,800.0,2025-08-22,2026-08-22
cosmic echo lo-fi cosmic repeater,,70.0,2025-08-22,2026-08-22
mattoverse passenger fuzz,,75.0,2025-08-22,2026-08-22
keeley synth-1,,100.0,2025-08-22,2026-08-22
eqd tentacle,,70.0,2025-08-22,2026-08-22
dusky electronics soniashnyk,,150.0,2025-08-22,2026-08-22
quatum mystic big box,,115.0,2025-08-22,2026-08-22
boss vb-2,,360.0,2025-08-22,2026-08-22
boss oc-2,,140.0,2025-08-22,2026-08-22
tc fashback,,80.0,2025-08-22,2026-08-22
Analogue Man Bob Boost,,140.0,2025-08-22,2026-08-22
LPD sixty8 deluxe,,140.0,2025-08-22,2026-08-22
TC electronics bonafide buffer,,25.0,2025-08-22,2026-08-22
Henretta Engineering Orange Whip,,70.0,2025-08-22,2026-08-22
mxr duke of tone,,80.0,2025-08-22,2026-08-22
.Digitech trio+,,180.0,2025-08-22,2026-08-22
TC electronics polytune,,45.0,2025-08-22,2026-08-22
xotic ep booster,,75.0,2025-08-22,2026-08-22
Analogue Man Beano boost,,210.0,2025-08-22,2026-08-22
JHS double barrel iced tea,,210.0,2025-08-22,2026-08-22
xotic ep booster,,70.0,2025-08-22,2026-08-22
creation audio labs holy fire,,85.0,2025-08-22,2026-08-22
tech 21 sansamp dla,,100.0,2025-08-22,2026-08-22
fulltone clyde deluxe wah,,140.0,2025-08-22,2026-08-22
fulltone ocd v1.7,,110.0,2025-08-22,2026-08-22
bogner blue od,,90.0,2025-08-22,2026-08-22
friedman be-od,,90.0,2025-08-22,2026-08-22
analogman kot v4 no high gain,,650.0,2025-08-22,2026-08-22
science mother,,200.0,2025-08-22,2026-08-22
ua ox stomp,,210.0,2025-08-22,2026-08-22
cornerstone nucleo,,370.0,2025-08-22,2026-08-22
pigtronix infinity 2 looper,,90.0,2025-08-22,2026-08-22
keeley zoma,,175.0,2025-08-22,2026-08-22
ibanez dl10,,75.0,2025-08-22,2026-08-22
boss ch1,,65.0,2025-08-22,2026-08-22
jhs panther cub v1.5 2014,,140.0,2025-08-22,2026-08-22
ehx the worm,,65.0,2025-08-22,2026-08-22
jhs moonshine,,90.0,2025-08-22,2026-08-22
behringer octave divider,,55.0,2025-08-22,2026-08-22
boss rv-5,,85.0,2025-08-22,2026-08-22
tc skysurfer,,30.0,2025-08-22,2026-08-22
behringer b-tron iii,,70.0,2025-08-22,2026-08-22
catalinbread royal albert hall,,100.0,2025-08-22,2026-08-22
lekato cp-206 power supply,,40.0,2025-08-22,2026-08-22
ehx silencer,,40.0,2025-08-22,2026-08-22
movall mp100 blues drive,,25.0,2025-08-22,2026-08-22
proco rat,,70.0,2025-08-22,2026-08-22
mxr dc brick,,55.0,2025-08-22,2026-08-22
solidgoldfx if 6 was 9,,100.0,2025-08-22,2026-08-22
tre audio overdrive,,60.0,2025-08-22,2026-08-22
catalinbread sft,,100.0,2025-08-22,2026-08-22
pigtronix cosmosis,,90.0,2025-08-22,2026-08-22
fulltone full drive 1,,85.0,2025-08-22,2026-08-22
catalinbread dirt little secret,,80.0,2025-08-22,2026-08-22
fulltone uk octafuzz 2,,110.0,2025-08-22,2026-08-22
steel panther 1987,,140.0,2025-08-22,2026-08-22
fulltone hi mu,,140.0,2025-08-22,2026-08-22
silvertone / jackson twin twelve,,150.0,2025-08-22,2026-08-22
x sonic airstep spark footswitch,,70.0,2025-08-22,2026-08-22
mxr m-108 eq,,85.0,2025-08-22,2026-08-22
horizon devices precision drive,,150.0,2025-08-22,2026-08-22
walrus audio julia,,120.0,2025-08-22,2026-08-22
stone deaf warp drive,,155.0,2025-08-22,2026-08-22
stratus all in one stomp,,140.0,2025-08-22,2026-08-22
digitech vx400,,125.0,2025-08-22,2026-08-22
tc voicelive play,,150.0,2025-08-22,2026-08-22
zoom ms 200 d+,,75.0,2025-08-22,2026-08-22
ghost note audio red stripe gold,,100.0,2025-08-22,2026-08-22
catalinbread belle epoch ep3,,100.0,2025-08-22,2026-08-22
truetone cs12,,150.0,2025-08-22,2026-08-22
whirlwind commander 2,,175.0,2025-08-22,2026-08-22
foxrox captain coconut 1,,850.0,2025-08-22,2026-08-22
ernie ball vp jr 250k passive volume pedal,,45.0,2025-08-22,2026-08-22
Cornish G-2 tm,,605.0,2025-08-22,2026-08-22
keeley halo,,175.0,2025-08-22,2026-08-22
shins music clean drive,,290.0,2025-08-22,2026-08-22
shins dumbloid b,,400.0,2025-08-22,2026-08-22
two rock 3x10 speaker cab open back,,850.0,2025-08-22,2026-08-22
twilight audio electronics thy fuzzwar overlord,,140.0,2025-08-22,2026-08-22
dwarfcraft paraloop,,90.0,2025-08-22,2026-08-22
ua dream,,225.0,2025-08-22,2026-08-22
digitech cabdryvr,,55.0,2025-08-22,2026-08-22
ua anti,,220.0,2025-08-22,2026-08-22
boss md-2,,50.0,2025-08-22,2026-08-22
boss mt-2,,50.0,2025-08-22,2026-08-22
digitech cabdryvr,,55.0,2025-08-22,2026-08-22
boss md-2,,50.0,2025-08-22,2026-08-22
boss mt-2,,50.0,2025-08-22,2026-08-22
fulltone plim soul,,75.0,2025-08-22,2026-08-22
behringer um300,,25.0,2025-08-22,2026-08-22
ua woodrow,,190.0,2025-08-22,2026-08-22
zoom a2,,45.0,2025-08-22,2026-08-22
fender trapper,,80.0,2025-08-22,2026-08-22
pigtronix mothership2,,80.0,2025-08-22,2026-08-22
violetta delay,,85.0,2025-08-22,2026-08-22
ua ruby,,190.0,2025-08-22,2026-08-22
fender frv-1,,175.0,2025-08-22,2026-08-22
shin music clean drive,,300.0,2025-08-22,2026-08-22
shin music dumbloid b btm,,450.0,2025-08-22,2026-08-22
lehle little dual,,130.0,2025-08-22,2026-08-22
kep dynamic overdrive,,80.0,2025-08-22,2026-08-22
strymon deco v2,,290.0,2025-08-22,2026-08-22
strymon multi switch,,50.0,2025-08-22,2026-08-22
mm effects cattle drive fuzz #001,,80.0,2025-08-22,2026-08-22
darkglass hyper minimal hybrid compressor,,175.0,2025-08-22,2026-08-22
tc jauernig electronics dgtm,,110.0,2025-08-22,2026-08-22
keeley compressor pro,,155.0,2025-08-22,2026-08-22
keeley compressor pro,,155.0,2025-08-22,2026-08-22
two notes torpedo cab m+,,140.0,2025-08-22,2026-08-22
two notes torpedo cab m+,,140.0,2025-08-22,2026-08-22
suhr minimix,,90.0,2025-08-22,2026-08-22
henretta engineering chord blaster,,80.0,2025-08-22,2026-08-22
little labs multi z pip,,190.0,2025-08-22,2026-08-22
darkglass electronics microtubes x ultra,,275.0,2025-08-22,2026-08-22
keeley katana v1,,240.0,2025-08-22,2026-08-22
keeley katana v1,,240.0,2025-08-22,2026-08-22
radial big shot mix effects loop mixer,,60.0,2025-08-22,2026-08-22
pigtronix philosphers tone,,65.0,2025-08-22,2026-08-22
chase bliss spectre,,650.0,2025-08-22,2026-08-22
obne dark light dual reverb,,385.0,2025-08-22,2026-08-22
mxr reverb,,110.0,2025-08-22,2026-08-22
sansamp bass driver di,,160.0,2025-08-22,2026-08-22
zoom ms 70cdr,,80.0,2025-08-22,2026-08-22
strymon deco,,215.0,2025-08-22,2026-08-22
tone king ironman ii mini,,240.0,2025-08-22,2026-08-22
vongon ultrasheer,,350.0,2025-08-22,2026-08-22
ehx nano clone,,35.0,2025-08-22,2026-08-22
danelectro fab flanger,,25.0,2025-08-22,2026-08-22
two notes le bass,,175.0,2025-08-22,2026-08-22
mantic vitriol,,140.0,2025-08-22,2026-08-22
maxon 808,,70.0,2025-08-22,2026-08-22
tc hall of fame reverb,,75.0,2025-08-22,2026-08-22
amplitube x time,,140.0,2025-08-22,2026-08-22
mooer black truck,,130.0,2025-08-22,2026-08-22
joyo d seed 2 delay,,35.0,2025-08-22,2026-08-22
joyo uzi,,30.0,2025-08-22,2026-08-22
korg pitchblack tuner,,35.0,2025-08-22,2026-08-22
mooer baby tuner,,35.0,2025-08-22,2026-08-22
demon fx 33 clone,,40.0,2025-08-22,2026-08-22
mxr smart gate,,55.0,2025-08-22,2026-08-22
mxr noise gate / line driver,,65.0,2025-08-22,2026-08-22
empress tremolo,,100.0,2025-08-22,2026-08-22
dunlop echoplex,,85.0,2025-08-22,2026-08-22
prs horse meat,,120.0,2025-08-22,2026-08-22
bbe green screamer v2,,60.0,2025-08-22,2026-08-22
tone king iron man ii mini,,260.0,2025-08-22,2026-08-22
fulltone ocd v1.7,,110.0,2025-08-22,2026-08-22
mxr m82 bass envelope filter,,90.0,2025-08-22,2026-08-22
way huge camel toe,,270.0,2025-08-22,2026-08-22
soldano slo pedal,,120.0,2025-08-22,2026-08-22
revv tilt od,,135.0,2025-08-22,2026-08-22
revv northern mauler,,130.0,2025-08-22,2026-08-22
killling floor treble booster,,165.0,2025-08-22,2026-08-22
nobels del-mini,,70.0,2025-08-22,2026-08-22
walrus arp-87,,110.0,2025-08-22,2026-08-22
walrus julia kamakura,,200.0,2025-08-22,2026-08-22
nobels odr-1 mini,,45.0,2025-08-22,2026-08-22
behringer fuzz bender,,60.0,2025-08-22,2026-08-22
strymon flint v2,,280.0,2025-08-22,2026-08-22
strymon timeline,,280.0,2025-08-22,2026-08-22
king tone duellist,,240.0,2025-08-22,2026-08-22
tc polytune 3,,45.0,2025-08-22,2026-08-22
r2r electric mki / zonk,,450.0,2025-08-22,2026-08-22
r weaver fx midnight vibe,,335.0,2025-08-22,2026-08-22
prescription electronics experience octave,,550.0,2025-08-22,2026-08-22
berkos fx third stone,,340.0,2025-08-22,2026-08-22
Eqd Disaster transport,,90.0,2025-08-22,2026-08-22
proco turbo rat,,115.0,2025-08-22,2026-08-22
boss sd-1,,40.0,2025-08-22,2026-08-22
fulltone plimsoul,,75.0,2025-08-22,2026-08-22
eqd arrows,,60.0,2025-08-22,2026-08-22
vemuram butter machine,,275.0,2025-08-22,2026-08-22
ehx screaming bird,,50.0,2025-08-22,2026-08-22
amptweaker tight metal,,100.0,2025-08-22,2026-08-22
boss sd-1w,,90.0,2025-08-22,2026-08-22
analogman prince of tone,,175.0,2025-08-22,2026-08-22
boss bd-2w,,115.0,2025-08-22,2026-08-22
ehx holy grail,,70.0,2025-08-22,2026-08-22
mesa boogie throttle box,,220.0,2025-08-22,2026-08-22
walrus audio iron horse v2,,75.0,2025-08-22,2026-08-22
fulltone mas malo,,100.0,2025-08-22,2026-08-22
amptweaker tight rock,,80.0,2025-08-22,2026-08-22
mxr m108 10 band eq,,80.0,2025-08-22,2026-08-22
fender full moon distortion,,70.0,2025-08-22,2026-08-22
mxr evh 5150 od,,120.0,2025-08-22,2026-08-22
mxr duke of tone,,80.0,2025-08-22,2026-08-22
walrus audio eras,,105.0,2025-08-22,2026-08-22
dod 280 compressor,,75.0,2025-08-22,2026-08-22
westminster effects 1689 od,,75.0,2025-08-22,2026-08-22
nobels odr-s,,240.0,2025-08-22,2026-08-22
mythos envy pro nv9,,115.0,2025-08-22,2026-08-22
ua orion tape echo,,80.0,2025-08-22,2026-08-22
1980 Ibanez ts808 jrc 4558d,,700.0,2025-08-22,2026-08-22
proco deucetone,,160.0,2025-08-22,2026-08-22
source audio c4,,160.0,2025-08-22,2026-08-22
engl ep02 digital delay,,80.0,2025-08-22,2026-08-22
aguilar octaamizer,,100.0,2025-08-22,2026-08-22
aguilar filter twin,,115.0,2025-08-22,2026-08-22
wampler sovereign,,85.0,2025-08-22,2026-08-22
motu m4 analog/digital interface,,175.0,2025-08-22,2026-08-22
jackson audio golden boy,,120.0,2025-08-22,2026-08-22
engl ironball 20 se,,875.0,2025-08-22,2026-08-22
third man plasma coil,,220.0,2025-08-22,2026-08-22
j rockett archer ikon,,110.0,2025-08-22,2026-08-22
digitech freqout,,150.0,2025-08-22,2026-08-22
Boss DD-6,,80.0,2025-08-22,2026-08-22
Wampler Tumnus Deluxe,,125.0,2025-08-22,2026-08-22
Proco Rat 2,,65.0,2025-08-22,2026-08-22
R weaver Mightnight Vibe,,275.0,2025-08-22,2026-08-22
Riveter Electric Deluxe Memory Man Preamp,,120.0,2025-08-22,2026-08-22
"Deco v1 - VG condition, comes",,200.0,2025-08-22,2026-08-22
Suhr Jack Rabbit -,Good Condition,110.0,2025-08-22,2026-08-22
Way Huge Weirdling -,Excellent Condition,120.0,2025-08-22,2026-08-22
Strymon El Cap V2,,300.0,2025-08-22,2026-08-22
Strymon Flint V2,,260.0,2025-08-22,2026-08-22
Walrus Audio Qi Etherealizer,,300.0,2025-08-22,2026-08-22
Klon KTR 2010 Diodes,,480.0,2025-08-22,2026-08-22
Roger Mayer Voodoo Boost,,225.0,2025-08-22,2026-08-22
Rimrock Lil Mo Klone,,110.0,2025-08-22,2026-08-22
Lovepedal COT,,150.0,2025-08-22,2026-08-22
Keeley Halo,,180.0,2025-08-22,2026-08-22
Kernom Ridge,,185.0,2025-08-22,2026-08-22
Karma MTN-10,,150.0,2025-08-22,2026-08-22
"Wampler Catacombs, mint w/box $250",Mint,220.0,2025-08-22,2026-08-22
Pedal Pal Fx Pal 800v3 gold overdrive mint $225,Mint,175.0,2025-08-22,2026-08-22
"Pedal pawn Texas twang, mint w box $225",Mint,175.0,2025-08-22,2026-08-22
"Analogman Beano boost, Bart with bypass pot $200",,200.0,2025-08-22,2026-08-22
Ibanez ts9 mint $75,Mint,65.0,2025-08-22,2026-08-22
"Ibanez tube screamer tamura mod, mint with all packing $275",Mint,200.0,2025-08-22,2026-08-22
Boss TU-3 - $75,,60.0,2025-08-22,2026-08-22
DOD od/pre 250 - $150,,150.0,2025-08-22,2026-08-22
Jackson Audio Silvertone 1484 - $150,,150.0,2025-08-22,2026-08-22
Geckoplex EP-5 V1 - $275,,275.0,2025-08-22,2026-08-22
Joyo power supply - $80,,80.0,2025-08-22,2026-08-22
The Octaland by Kingtone - $199,,200.0,2025-08-22,2026-08-22
1981 Prototype - $150,,150.0,2025-08-22,2026-08-22
JHS overdrive preamp - $125,,125.0,2025-08-22,2026-08-22
MXR Custom Shop Shin-Juku Drive- $150,,150.0,2025-08-22,2026-08-22
Universal Audio LA 610 MKIl tube channel strip,,875.0,2025-08-22,2026-08-22
Audiosprockets Tondedexter II,,450.0,2025-08-22,2026-08-22
Fractal Axe Fx III Mark II Turbo,,1800.0,2025-08-22,2026-08-22
Seymour Duncan Antiquity Bridge,,100.0,2025-08-22,2026-08-22
Eventide Blackhole,,170.0,2025-08-22,2026-08-22
Bombastortion $500,,300.0,2025-08-22,2026-08-22
MXR Phase 95 $60 - xcellent,,50.0,2025-08-22,2026-08-22
Ibanez Mini Flanger $60 - xcellent,,55.0,2025-08-22,2026-08-22
TC Flashback Mini 1 $30,,30.0,2025-08-22,2026-08-22
TC Flashback Mini 2,,45.0,2025-08-22,2026-08-22
TC Flashback Mini 2,,45.0,2025-08-22,2026-08-22
AnalogMan EQ $280 All mods w/ green led - mint,Mint,270.0,2025-08-22,2026-08-22
Wampler Belle $90 - mint,Mint,90.0,2025-08-22,2026-08-22
Ethos TWE-1 $180 - mint,Mint,220.0,2025-08-22,2026-08-22
Strymon Zelzah,,235.0,2025-08-22,2026-08-22
Keeley Halo,,185.0,2025-08-22,2026-08-22
Keeley Hydra,,155.0,2025-08-22,2026-08-22
Eventide Tricerachorus,,185.0,2025-08-22,2026-08-22
Suhr Eclipse,,170.0,2025-08-22,2026-08-22
MXR Chorus,,60.0,2025-08-22,2026-08-22
r2r supa fuzz mkii professional oc75 v2,,450.0,2025-08-22,2026-08-22
wolf devices supa fuzz mk2,,285.0,2025-08-22,2026-08-22
jdm elektrika le mullard red dot oc42,,225.0,2025-08-22,2026-08-22
spaceman sputnik iii,,185.0,2025-08-22,2026-08-22
beetronics wannabee,,190.0,2025-08-22,2026-08-22
warm audio warmdrive,,90.0,2025-08-22,2026-08-22
voodoo lab giggity,,105.0,2025-08-22,2026-08-22
wampler ego,,110.0,2025-08-22,2026-08-22
friedman ir-x,,320.0,2025-08-22,2026-08-22
boss ds-1,,40.0,2025-08-22,2026-08-22
fender pugilsit,,50.0,2025-08-22,2026-08-22
radial ice cube ic-1,,50.0,2025-08-22,2026-08-22
tc bodyrez,,55.0,2025-08-22,2026-08-22
MXR Carbon Copy,,70.0,2025-08-22,2026-08-22
keeley compressor,,70.0,2025-08-22,2026-08-22
strymon el cap v1,,190.0,2025-08-22,2026-08-22
jhs andy timmons AT,,120.0,2025-08-22,2026-08-22
fulltone fatboost,,80.0,2025-08-22,2026-08-22
boss dd20,,115.0,2025-08-22,2026-08-22
fulltone clyde deluxe 2003,,160.0,2025-08-22,2026-08-22
Klon KTR,,425.0,2025-08-22,2026-08-22
paul cohrane timmy v1 pcb not breadboard,,300.0,2025-08-22,2026-08-22
peterson strobostomp vs-s,,60.0,2025-08-22,2026-08-22
ehx small clone 4600,,65.0,2025-08-22,2026-08-22
wampler velvet fuzz,,85.0,2025-08-22,2026-08-22
wampler pinnacle,,90.0,2025-08-22,2026-08-22
wampler euphoria,,80.0,2025-08-22,2026-08-22
wampler hotwired,,120.0,2025-08-22,2026-08-22
wampler lelviathan,,100.0,2025-08-22,2026-08-22
tc helicon voicelive 3,,320.0,2025-08-22,2026-08-22
boss ns2,,55.0,2025-08-22,2026-08-22
morley bad horsie wah,,55.0,2025-08-22,2026-08-22
boss sy-200,,200.0,2025-08-22,2026-08-22
quilter superblock us,,210.0,2025-08-22,2026-08-22
quilter superblock uk,,210.0,2025-08-22,2026-08-22
mxr phase 100,,90.0,2025-08-22,2026-08-22
dod envelope filter,,70.0,2025-08-22,2026-08-22
dod supra distortion,,30.0,2025-08-22,2026-08-22
boss ml-2,,50.0,2025-08-22,2026-08-22
boss ds-1,,40.0,2025-08-22,2026-08-22
ibanez fl-9 80s,,85.0,2025-08-22,2026-08-22
ibanez dl-10 80s,,75.0,2025-08-22,2026-08-22
70s slm the sweeper,,170.0,2025-08-22,2026-08-22
boss ce-3 mij,,80.0,2025-08-22,2026-08-22
lr baggs delay,,115.0,2025-08-22,2026-08-22
mad professor deep blue delay,,120.0,2025-08-22,2026-08-22
xotic ep booster,,75.0,2025-08-22,2026-08-22
fishman aura reverb,,180.0,2025-08-22,2026-08-22
keeley mod plus ts808,,200.0,2025-08-22,2026-08-22
zoom multistomp ms70cdr,,75.0,2025-08-22,2026-08-22
digitech timebender,,185.0,2025-08-22,2026-08-22
eqd astral destiny,,135.0,2025-08-22,2026-08-22
proco rat,,70.0,2025-08-22,2026-08-22
eventide modfactor,,170.0,2025-08-22,2026-08-22
akai headrush e2,,100.0,2025-08-22,2026-08-22
walrus audio lore,,185.0,2025-08-22,2026-08-22
walrus audio fable,,190.0,2025-08-22,2026-08-22
ehx hog 2,,300.0,2025-08-22,2026-08-22
eventide space,,260.0,2025-08-22,2026-08-22
keeley loomer,,225.0,2025-08-22,2026-08-22
dod fx64 ice box,,50.0,2025-08-22,2026-08-22
dod fx 60 stereo chorus,,60.0,2025-08-22,2026-08-22
dod phaser,,45.0,2025-08-22,2026-08-22
ibanez analog delay,,90.0,2025-08-22,2026-08-22
zonk clone,,80.0,2025-08-22,2026-08-22
silver fox - JHS The VCR Ryan Adams clone,,80.0,2025-08-22,2026-08-22
dirty haggard audio mid band,,75.0,2025-08-22,2026-08-22
de Lisle ABY Isolated Amp Selector Switch Pedal,,100.0,2025-08-22,2026-08-22
monster piece fuzz,,125.0,2025-08-22,2026-08-22
bmf ge spot,,125.0,2025-08-22,2026-08-22
dusty electronics Octomotron Fuzz,,80.0,2025-08-22,2026-08-22
memphis attacks trigger,,90.0,2025-08-22,2026-08-22
amp11 green 808,,100.0,2025-08-22,2026-08-22
daredevil drive,,100.0,2025-08-22,2026-08-22
otis lovebeams,,190.0,2025-08-22,2026-08-22
xotic robotalk,,110.0,2025-08-22,2026-08-22
bogner ecstasy blue,,100.0,2025-08-22,2026-08-22
mooer red kid,,50.0,2025-08-22,2026-08-22
mini mod flanger,,35.0,2025-08-22,2026-08-22
boss ch-1,,60.0,2025-08-22,2026-08-22
eqd sunn lifemetal octave distortion / overdrive,,285.0,2025-08-22,2026-08-22
dunlop eric clapton limited edition gold wah,,190.0,2025-08-22,2026-08-22
ehx metal muff,,45.0,2025-08-22,2026-08-22
flamma loop and drums,,55.0,2025-08-22,2026-08-22
ehx double anniversary big muff,,375.0,2025-08-22,2026-08-22
zcat reverb ti,,80.0,2025-08-22,2026-08-22
seymour duncan shapeshifter v1,,70.0,2025-08-22,2026-08-22
Kingsley Constable JCM 800 version,,450.0,2025-08-22,2026-08-22
Browne Protein V3,,237.0,2025-08-22,2026-08-22
Vemuram Jan Ray,,280.0,2025-08-22,2026-08-22
jptrfx glow in the dark Fernweh multi echo,,140.0,2025-08-22,2026-08-22
jptrfx jive reel saturator,,120.0,2025-08-22,2026-08-22
jptrfx super weirdo glitch modulation unit,,140.0,2025-08-22,2026-08-22
jptrfx silver machine fuzz -,,130.0,2025-08-22,2026-08-22
waterford electric box co. critter model iii -,,85.0,2025-08-22,2026-08-22
fuzzimp creature gated fuzz,,80.0,2025-08-22,2026-08-22
idiotbox effects dark waves echo chorus,,75.0,2025-08-22,2026-08-22
Spaceman sputnik iii germanium fuzz,,190.0,2025-08-22,2026-08-22
audio surplus effects ok doomer fuzz,,120.0,2025-08-22,2026-08-22
catalinbread coriolis effect,,105.0,2025-08-22,2026-08-22
catalinbread echorec,,130.0,2025-08-22,2026-08-22
analog noir effects zonk / mki -,,165.0,2025-08-22,2026-08-22
philly fuzz infidel,,290.0,2025-08-22,2026-08-22
philly fuzz heretic,,275.0,2025-08-22,2026-08-22
philly fuzz 1816 prototype,,225.0,2025-08-22,2026-08-22
dod phasor 201,,50.0,2025-08-22,2026-08-22
fuzzimp sender fuzz,,60.0,2025-08-22,2026-08-22
tc sub n up,,60.0,2025-08-22,2026-08-22
2023 fender cs 1961 roasted strat heavy relic - $3399,,3100.0,2025-08-22,2026-08-22
2024 fender cs 70th annie strat heavy relic - $3499,,3200.0,2025-08-22,2026-08-22
2023 fender cs ltd hot shot nashville tele relic - $2999,,2600.0,2025-08-22,2026-08-22
hilbish design amp head,,800.0,2025-08-22,2026-08-22
cosmic echo lo-fi cosmic repeater,,70.0,2025-08-22,2026-08-22
mattoverse passenger fuzz,,75.0,2025-08-22,2026-08-22
keeley synth-1,,100.0,2025-08-22,2026-08-22
eqd tentacle,,70.0,2025-08-22,2026-08-22
dusky electronics soniashnyk,,150.0,2025-08-22,2026-08-22
quatum mystic big box,,115.0,2025-08-22,2026-08-22
boss vb-2,,360.0,2025-08-22,2026-08-22
boss oc-2,,140.0,2025-08-22,2026-08-22
tc fashback,,80.0,2025-08-22,2026-08-22
Analogue Man Bob Boost,,140.0,2025-08-22,2026-08-22
LPD sixty8 deluxe,,140.0,2025-08-22,2026-08-22
TC electronics bonafide buffer,,25.0,2025-08-22,2026-08-22
Henretta Engineering Orange Whip,,70.0,2025-08-22,2026-08-22
mxr duke of tone,,80.0,2025-08-22,2026-08-22
.Digitech trio+,,180.0,2025-08-22,2026-08-22
TC electronics polytune,,45.0,2025-08-22,2026-08-22
xotic ep booster,,75.0,2025-08-22,2026-08-22
Analogue Man Beano boost,,210.0,2025-08-22,2026-08-22
JHS double barrel iced tea,,210.0,2025-08-22,2026-08-22
xotic ep booster,,70.0,2025-08-22,2026-08-22
creation audio labs holy fire,,85.0,2025-08-22,2026-08-22
tech 21 sansamp dla,,100.0,2025-08-22,2026-08-22
fulltone clyde deluxe wah,,140.0,2025-08-22,2026-08-22
fulltone ocd v1.7,,110.0,2025-08-22,2026-08-22
bogner blue od,,90.0,2025-08-22,2026-08-22
friedman be-od,,90.0,2025-08-22,2026-08-22
analogman kot v4 no high gain,,650.0,2025-08-22,2026-08-22
science mother,,200.0,2025-08-22,2026-08-22
ua ox stomp,,210.0,2025-08-22,2026-08-22
cornerstone nucleo,,370.0,2025-08-22,2026-08-22
pigtronix infinity 2 looper,,90.0,2025-08-22,2026-08-22
keeley zoma,,175.0,2025-08-22,2026-08-22
ehx bass micro synth,,210.0,2025-08-22,2026-08-22
aguilar tone hammer di / preamp v2,,225.0,2025-08-22,2026-08-22
dunlop x8 volume pedal,,75.0,2025-08-22,2026-08-22
tc heliconn h1,,75.0,2025-08-22,2026-08-22
dunlop jimi hendrix jdf2,,110.0,2025-08-22,2026-08-22
msl the night witcher fuzz and phaser,,175.0,2025-08-22,2026-08-22
boss dd-20 giga delay,,115.0,2025-08-22,2026-08-22
nobels ab-1 switcher,,70.0,2025-08-22,2026-08-22
tc electronic arena reverb,,80.0,2025-08-22,2026-08-22
way huge swollen pickle mkii,,85.0,2025-08-22,2026-08-22
ibanez dl10,,75.0,2025-08-22,2026-08-22
jhs panther cub v1.5 2014,,140.0,2025-08-22,2026-08-22
jhs moonshine,,90.0,2025-08-22,2026-08-22
boss rv-5,,85.0,2025-08-22,2026-08-22
behringer b-tron iii,,70.0,2025-08-22,2026-08-22
boss ch1,,65.0,2025-08-22,2026-08-22
ehx the worm,,65.0,2025-08-22,2026-08-22
behringer octave divider,,55.0,2025-08-22,2026-08-22
tc skysurfer,,30.0,2025-08-22,2026-08-22
fiberglass heil talk box,,450.0,2025-08-22,2026-08-22
boss core 1000,,370.0,2025-08-22,2026-08-22
ehx mono synth,,85.0,2025-08-22,2026-08-22
ehx small stone phaser,,60.0,2025-08-22,2026-08-22
boss os-2,,55.0,2025-08-22,2026-08-22
boss ns-2,,50.0,2025-08-22,2026-08-22
ibanez ts9,,65.0,2025-08-22,2026-08-22
proco rat 2,,75.0,2025-08-22,2026-08-22
idiot box blower box,,80.0,2025-08-22,2026-08-22
maxon od-808,,75.0,2025-08-22,2026-08-22
keeley compressor 4 knob,,85.0,2025-08-22,2026-08-22
keeley tone station white,,165.0,2025-08-22,2026-08-22
fulltone ocd,,100.0,2025-08-22,2026-08-22
tc helicon play acoustic,,175.0,2025-08-22,2026-08-22
mxr 10 band eq,,85.0,2025-08-22,2026-08-22
vertex ultra phonix,,85.0,2025-08-22,2026-08-22
mxr cae wah,,100.0,2025-08-22,2026-08-22
keeley halo,,175.0,2025-08-22,2026-08-22
tc mimiq,,70.0,2025-08-22,2026-08-22
strymon cloudburst,,200.0,2025-08-22,2026-08-22
behringer to800,,25.0,2025-08-22,2026-08-22
pigtronix octava micro,,65.0,2025-08-22,2026-08-22
behringer nr300,,25.0,2025-08-22,2026-08-22
visual sound route 66,,55.0,2025-08-22,2026-08-22
behringer cs400,,25.0,2025-08-22,2026-08-22
behringer tu300,,20.0,2025-08-22,2026-08-22
ibanez ts mini,,40.0,2025-08-22,2026-08-22
digitech jam man express,,40.0,2025-08-22,2026-08-22
catalinbread royal albert hall,,100.0,2025-08-22,2026-08-22
lekato cp-206 power supply,,40.0,2025-08-22,2026-08-22
ehx silencer,,40.0,2025-08-22,2026-08-22
movall mp100 blues drive,,25.0,2025-08-22,2026-08-22
proco rat,,70.0,2025-08-22,2026-08-22
mxr dc brick,,55.0,2025-08-22,2026-08-22
solidgoldfx if 6 was 9,,100.0,2025-08-22,2026-08-22
tre audio overdrive,,60.0,2025-08-22,2026-08-22
catalinbread sft,,100.0,2025-08-22,2026-08-22
pigtronix cosmosis,,90.0,2025-08-22,2026-08-22
fulltone full drive 1,,85.0,2025-08-22,2026-08-22
catalinbread dirt little secret,,80.0,2025-08-22,2026-08-22
fulltone uk octafuzz 2,,110.0,2025-08-22,2026-08-22
steel panther 1987,,140.0,2025-08-22,2026-08-22
fulltone hi mu,,140.0,2025-08-22,2026-08-22
silvertone / jackson twin twelve,,150.0,2025-08-22,2026-08-22
x sonic airstep spark footswitch,,70.0,2025-08-22,2026-08-22
mxr m-108 eq,,85.0,2025-08-22,2026-08-22
horizon devices precision drive,,150.0,2025-08-22,2026-08-22
walrus audio julia,,120.0,2025-08-22,2026-08-22
stone deaf warp drive,,155.0,2025-08-22,2026-08-22
stratus all in one stomp,,140.0,2025-08-22,2026-08-22
digitech vx400,,125.0,2025-08-22,2026-08-22
tc voicelive play,,150.0,2025-08-22,2026-08-22
zoom ms 200 d+,,75.0,2025-08-22,2026-08-22
ghost note audio red stripe gold,,100.0,2025-08-22,2026-08-22
thomas organ cry baby 95-910511,,115.0,2025-08-22,2026-08-22
mission volume vm pro,,85.0,2025-08-22,2026-08-22
mxr phase 100 vintage,,140.0,2025-08-22,2026-08-22
mxr distortion + vintage,,85.0,2025-08-22,2026-08-22
xotic ep booster,,75.0,2025-08-22,2026-08-22
lehle blue abc,,150.0,2025-08-22,2026-08-22
source audio zio,,125.0,2025-08-22,2026-08-22
boss od-2,,80.0,2025-08-22,2026-08-22
lehle dual ab red,,100.0,2025-08-22,2026-08-22
carl martin plexitone,,90.0,2025-08-22,2026-08-22
carl martin plexitone,,90.0,2025-08-22,2026-08-22
lovepedal tchula gold,,90.0,2025-08-22,2026-08-22
cmatmods deeelay,,75.0,2025-08-22,2026-08-22
japanese girl amt wawa,,90.0,2025-08-22,2026-08-22
maxon compressor black,,75.0,2025-08-22,2026-08-22
maxon od808 vintage,,700.0,2025-08-22,2026-08-22
carl martin quattro,,270.0,2025-08-22,2026-08-22
boss tu2,,45.0,2025-08-22,2026-08-22
klon klone,,50.0,2025-08-22,2026-08-22
tc polytune,,50.0,2025-08-22,2026-08-22
ernie ball vp jr,,50.0,2025-08-22,2026-08-22
boss dd-3,,75.0,2025-08-22,2026-08-22
keeley caverns,,110.0,2025-08-22,2026-08-22
boss ac-3,,60.0,2025-08-22,2026-08-22
nux analog chorus,,30.0,2025-08-22,2026-08-22
digitech turbo flange stereo flanger,,60.0,2025-08-22,2026-08-22
mxr phase 100,,85.0,2025-08-22,2026-08-22
tc flashback,,75.0,2025-08-22,2026-08-22
mla peacock overdrive germanium,,100.0,2025-08-22,2026-08-22
mla peacock overdrive filmore edition,,125.0,2025-08-22,2026-08-22
boss ge-7,,90.0,2025-08-22,2026-08-22
origin effects halcyon gold,,200.0,2025-08-22,2026-08-22
polytune tuner,,55.0,2025-08-22,2026-08-22
pigtronix mothership 2,,80.0,2025-08-22,2026-08-22
pigtronix resotron tracking filter,,75.0,2025-08-22,2026-08-22
bogner ecstasy blue,,110.0,2025-08-22,2026-08-22
tc alter ego x4,,100.0,2025-08-22,2026-08-22
morley dj ashba skeleton wah,,80.0,2025-08-22,2026-08-22
mxr raijin,,80.0,2025-08-22,2026-08-22
tc trinity 2 reverb,,90.0,2025-08-22,2026-08-22
j rockett alan holdsworth boost,,280.0,2025-08-22,2026-08-22
tc plethora x5,,320.0,2025-08-22,2026-08-22
blackstar ht-drive,,50.0,2025-08-22,2026-08-22
tc blood moon phaser,,30.0,2025-08-22,2026-08-22
tc cinders,,25.0,2025-08-22,2026-08-22
tc rusty fuzz,,30.0,2025-08-22,2026-08-22
pigtronix disnortion micro,,45.0,2025-08-22,2026-08-22
pigtronix philosphers tone germanium gold micro,,60.0,2025-08-22,2026-08-22
ehx green russian big muff pi reissue,,70.0,2025-08-22,2026-08-22
wammpler ratsbane,,75.0,2025-08-22,2026-08-22
ehx oceans 11,,100.0,2025-08-22,2026-08-22
tc corona chorus,,55.0,2025-08-22,2026-08-22
pigtronix infinity looper w/ extra switch,,140.0,2025-08-22,2026-08-22
digitech ex-7,,135.0,2025-08-22,2026-08-22
vintage marshall shredmaster,,150.0,2025-08-22,2026-08-22
ehx soul food,,45.0,2025-08-22,2026-08-22
Boss RC-5,,140.0,2025-08-22,2026-08-22
keeley halo,,175.0,2025-08-22,2026-08-22
truetone cs6,,105.0,2025-08-22,2026-08-22
peterson strobo tuner,,80.0,2025-08-22,2026-08-22
jhs 3 series rotary chorus,,65.0,2025-08-22,2026-08-22
mooer air p10,,50.0,2025-08-22,2026-08-22
proco rat,,70.0,2025-08-22,2026-08-22
boss od-20 drive zone,,80.0,2025-08-22,2026-08-22
j rockett majestic,,85.0,2025-08-22,2026-08-22
boss mij ce-3,,85.0,2025-08-22,2026-08-22
dod fx65,,75.0,2025-08-22,2026-08-22
dunlop crybaby gcb95n,,45.0,2025-08-22,2026-08-22
boss ds-1,,40.0,2025-08-22,2026-08-22
dunlop crybaby gcb95,,45.0,2025-08-22,2026-08-22
boss bd-2,,65.0,2025-08-22,2026-08-22
mxr bass compressor,,115.0,2025-08-22,2026-08-22
mxr bass chorus deluxe,,100.0,2025-08-22,2026-08-22
mooer drummer x2,,70.0,2025-08-22,2026-08-22
boss ch-1,,60.0,2025-08-22,2026-08-22
morley ab switch,,40.0,2025-08-22,2026-08-22
fender aby pedal,,30.0,2025-08-22,2026-08-22
ernie ball volume pedal,,60.0,2025-08-22,2026-08-22
strich super muff,,25.0,2025-08-22,2026-08-22
boss bass overdrive,,60.0,2025-08-22,2026-08-22
boss bass overdrive,,60.0,2025-08-22,2026-08-22
ehx q-tron,,65.0,2025-08-22,2026-08-22
boss ch-1,,60.0,2025-08-22,2026-08-22
ehx bass big muff,,60.0,2025-08-22,2026-08-22
jackson broken arrow,,100.0,2025-08-22,2026-08-22
t rex bloody mary overdrive,,75.0,2025-08-22,2026-08-22
big muff pi carpet muncher version,,70.0,2025-08-22,2026-08-22
jhs moonshine,,90.0,2025-08-22,2026-08-22
walrus audio mira,,115.0,2025-08-22,2026-08-22
walrus audio eras kamakura edition,,110.0,2025-08-22,2026-08-22
sentry noise gate,,90.0,2025-08-22,2026-08-22
tech 21 xxl,,75.0,2025-08-22,2026-08-22
dod od 250 vintage,,150.0,2025-08-22,2026-08-22
keeley caverns,,110.0,2025-08-22,2026-08-22
marshall guvnor plus,,55.0,2025-08-22,2026-08-22
tc flashback,,65.0,2025-08-22,2026-08-22
big muff pi,,65.0,2025-08-22,2026-08-22
boss bd-2,,65.0,2025-08-22,2026-08-22
mooer e lady,,35.0,2025-08-22,2026-08-22
quilter 101 reverb head,,300.0,2025-08-22,2026-08-22
block dock 10tc,,250.0,2025-08-22,2026-08-22
aviator mach 3 head,,575.0,2025-08-22,2026-08-22
walrus audio acs1 mkii,,300.0,2025-08-22,2026-08-22
line 6 hx stomp w/ pedalnetics footswitch,,480.0,2025-08-22,2026-08-22
walrus audio canvas 15,,210.0,2025-08-22,2026-08-22
empress compressor mkii,,200.0,2025-08-22,2026-08-22
boss dd-500,,185.0,2025-08-22,2026-08-22
benson germanium boost,,145.0,2025-08-22,2026-08-22
eae limelight v2,,190.0,2025-08-22,2026-08-22
onedar old blue v2,,120.0,2025-08-22,2026-08-22
1981 drv,,160.0,2025-08-22,2026-08-22
walrus stereo di 2025,,160.0,2025-08-22,2026-08-22
walrus stereo di previous model,,160.0,2025-08-22,2026-08-22
boss tu-3w,,100.0,2025-08-22,2026-08-22
pedaltrain classic 2 w/ hard case,,110.0,2025-08-22,2026-08-22
boss gx-10,,275.0,2025-08-22,2026-08-22
ampero stage 2,,475.0,2025-08-22,2026-08-22
catalinbread belle epoch ep3,,100.0,2025-08-22,2026-08-22
truetone cs6,,115.0,2025-08-22,2026-08-22
whirlwind commander 2,,175.0,2025-08-22,2026-08-22
foxrox captain coconut 1,,1000.0,2025-08-22,2026-08-22
Cornish G-2 tm,,605.0,2025-08-22,2026-08-22
keeley halo,,175.0,2025-08-22,2026-08-22
shins music clean drive,,290.0,2025-08-22,2026-08-22
shins dumbloid b,,400.0,2025-08-22,2026-08-22
two rock 3x10 speaker cab open back,,850.0,2025-08-22,2026-08-22
kingsley troubadour,,450.0,2025-08-22,2026-08-22
colorsound sustainer,,375.0,2025-08-22,2026-08-22
fulltone deja vibe mdv-3,,240.0,2025-08-22,2026-08-22
dennis cornell fuzz face 90s,,400.0,2025-08-22,2026-08-22
voodoo lab giggity,,105.0,2025-08-22,2026-08-22
voodoo lab giggity,,105.0,2025-08-22,2026-08-22
wampler tape echo,,75.0,2025-08-22,2026-08-22
suhr woodshed comp,,130.0,2025-08-22,2026-08-22
wampler ego,,110.0,2025-08-22,2026-08-22
fender pugilist,,50.0,2025-08-22,2026-08-22
korg pitchblack,,35.0,2025-08-22,2026-08-22
gator cases psu,,40.0,2025-08-22,2026-08-22
friedman ir-x,,320.0,2025-08-22,2026-08-22
boss ds-1,,40.0,2025-08-22,2026-08-22
fender pugilsit,,50.0,2025-08-22,2026-08-22
radial ice cube ic-1,,50.0,2025-08-22,2026-08-22
tc bodyrez,,55.0,2025-08-22,2026-08-22
Collision devices black hole symetry,,250.0,2025-08-22,2026-08-22
JHS Notaklon,,80.0,2025-08-22,2026-08-22
TC Hall of fame v1,,70.0,2025-08-22,2026-08-22
1 Spot cs6,,100.0,2025-08-22,2026-08-22
JHS Charlie Brown V?,,100.0,2025-08-22,2026-08-22
Yoke -5 Switcher,,70.0,2025-08-22,2026-08-22
Fishman Aura,,90.0,2025-08-22,2026-08-22
Eventide Time Factor,,160.0,2025-08-22,2026-08-22
TC Flashback V1,,65.0,2025-08-22,2026-08-22
ibanez tubescreamer mini,,40.0,2025-08-22,2026-08-22
hudson broadcast dual switch,,200.0,2025-08-22,2026-08-22
proco rat 2,,70.0,2025-08-22,2026-08-22
Maestro MFZ-1,,300.0,2025-08-22,2026-08-22
boss ds-1,,40.0,2025-08-22,2026-08-22
boss bd-2,,65.0,2025-08-22,2026-08-22
visual sound comp 66,,40.0,2025-08-22,2026-08-22
Banshee rocktron,,90.0,2025-08-22,2026-08-22
boss dd-7,,80.0,2025-08-22,2026-08-22
mxr rockman x100,,175.0,2025-08-22,2026-08-22
eqd plumes,,70.0,2025-08-22,2026-08-22
poison noise light pollution,,100.0,2025-08-22,2026-08-22
boss sd-2,,135.0,2025-08-22,2026-08-22
mxr phase 90,,85.0,2025-08-22,2026-08-22
boss ge-7,,85.0,2025-08-22,2026-08-22
behringer uv300,,25.0,2025-08-22,2026-08-22
koogoo booster,,25.0,2025-08-22,2026-08-22
boss bd-2,,65.0,2025-08-22,2026-08-22
mxr m104 distortion +,,55.0,2025-08-22,2026-08-22
EHX big muff,,60.0,2025-08-22,2026-08-22
toms line firecream afm-3,,25.0,2025-08-22,2026-08-22
boss tu-2,,50.0,2025-08-22,2026-08-22
tone city angel wing,,35.0,2025-08-22,2026-08-22
boss aw-3,,70.0,2025-08-22,2026-08-22
mxr m267 octavio,,70.0,2025-08-22,2026-08-22
mxr jh8m,,90.0,2025-08-22,2026-08-22
wampler germanium tumnus deluxe,,315.0,2025-08-22,2026-08-22
Cornish TB-83x battery free,,340.0,2025-08-22,2026-08-22
lehle p split iii,,120.0,2025-08-22,2026-08-22
sabbadius funky vibe fillmore east 2021,,475.0,2025-08-22,2026-08-22
2014 Fender American Standard Tele,,850.0,2025-08-22,2026-08-22
DOD Rubberneck Analog Delay,,165.0,2025-08-22,2026-08-22
Skreddy Hybrid Overdrive,,125.0,2025-08-22,2026-08-22
CustomTones Inc. Ethos Overdrive Pedal,,475.0,2025-08-22,2026-08-22
JHS packRat,,165.0,2025-08-22,2026-08-22
EHX String 9,,160.0,2025-08-22,2026-08-22
EHX Synth 9,,140.0,2025-08-22,2026-08-22
MXR Script Phase 90 reissue one with led and dc,,75.0,2025-08-22,2026-08-22
Fuzz Imp Sender V,,85.0,2025-08-22,2026-08-22
Black Arts LSTR,,110.0,2025-08-22,2026-08-22
boss oc-3,,80.0,2025-08-22,2026-08-22
boss dd-7,,80.0,2025-08-22,2026-08-22
cry baby bass,,70.0,2025-08-22,2026-08-22
cry baby 535q,,70.0,2025-08-22,2026-08-22
rockman soloist,,120.0,2025-08-22,2026-08-22
boss ce-5,,70.0,2025-08-22,2026-08-22
mxr bass envelope filter,,90.0,2025-08-22,2026-08-22
fender acoustic od,,90.0,2025-08-22,2026-08-22
boss tu-3,,60.0,2025-08-22,2026-08-22
boss ac-3,,60.0,2025-08-22,2026-08-22
boss cs-3,,50.0,2025-08-22,2026-08-22
ibanez ts9,,65.0,2025-08-22,2026-08-22
ernie ball vp jr,,50.0,2025-08-22,2026-08-22
Stu Mac Ghost Drive,,85.0,2025-08-22,2026-08-22
J Rocket original silver Archer,,110.0,2025-08-22,2026-08-22
Strymon Timeline,,300.0,2025-08-22,2026-08-22
Lovepedal Kalamazoo original Silver,,125.0,2025-08-22,2026-08-22
Lovepedal Eternity Burst Hand-wired,,160.0,2025-08-22,2026-08-22
Strymon Timeline,,300.0,2025-08-22,2026-08-22
EHX Deluxe Memory Man 1990's,,550.0,2025-08-22,2026-08-22
Analog-man Mini Chorus,,220.0,2025-08-22,2026-08-22
chroma console,,335.0,2025-08-22,2026-08-22
ap broadcast,,190.0,2025-08-22,2026-08-22
petty john royal dlx,,320.0,2025-08-22,2026-08-22
Shin-Ei Big1,,400.0,2025-08-22,2026-08-22
"Rimrock Mythical Overdrive. Standard spec, 1N34/OA126",,100.0,2025-08-22,2026-08-22
Kingsley Harlot V3,,480.0,2025-08-22,2026-08-22
Paul C. Audio Tim V3,,150.0,2025-08-22,2026-08-22
Paul C. Audio Timmy V3. 15th anniversary,,160.0,2025-08-22,2026-08-22
Menatone Simplexity,,160.0,2025-08-22,2026-08-22
Greer Lightspeed,,190.0,2025-08-22,2026-08-22
Vintage MXR Distortion+ circa 1982,,100.0,2025-08-22,2026-08-22
randall rg 100es,,775.0,2025-08-22,2026-08-22
randall rg 100es,,775.0,2025-08-22,2026-08-22
marshall 1960a 4x12 g12-85's,,850.0,2025-08-22,2026-08-22
randall rg412 4x12,,250.0,2025-08-22,2026-08-22
suhr woodshed compressor - 160,,130.0,2025-08-22,2026-08-22
strymon riverside - 250,,185.0,2025-08-22,2026-08-22
wampler ratsbane - 85,,80.0,2025-08-22,2026-08-22
suhr koji comp - 125,,100.0,2025-08-22,2026-08-22
wampler euphoria v2 - 135,,100.0,2025-08-22,2026-08-22
wampler pinnacle deluxe v2 - 150,,115.0,2025-08-22,2026-08-22
bluetube preamp,,90.0,2025-08-22,2026-08-22
ehx v256 vocoder,,150.0,2025-08-22,2026-08-22
art preamp,,35.0,2025-08-22,2026-08-22
audiobuddy preamp,,35.0,2025-08-22,2026-08-22
behringer acoustic di pedal,,25.0,2025-08-22,2026-08-22
behringer ultra g di,,25.0,2025-08-22,2026-08-22
solidgoldfx electroman delay,,90.0,2025-08-22,2026-08-22
dod fx 25b envelope filter,,70.0,2025-08-22,2026-08-22
zvex fuzz factory vexter,,125.0,2025-08-22,2026-08-22
boss rc 20xl,,90.0,2025-08-22,2026-08-22
dunlop gcb95,,40.0,2025-08-22,2026-08-22
morley ab switcher,,50.0,2025-08-22,2026-08-22
ehx holy grail v1,,50.0,2025-08-22,2026-08-22
tc ditto looper,,45.0,2025-08-22,2026-08-22
boss tu2,,45.0,2025-08-22,2026-08-22
mod tone funk filter,,25.0,2025-08-22,2026-08-22
dunlop jh-2s,,90.0,2025-08-22,2026-08-22
boss eh-2,,70.0,2025-08-22,2026-08-22
ehx holy grail neo,,85.0,2025-08-22,2026-08-22
mooer ana echo,,35.0,2025-08-22,2026-08-22
dod ab box 270,,25.0,2025-08-22,2026-08-22
behringer nr300,,25.0,2025-08-22,2026-08-22
behringer us600,,65.0,2025-08-22,2026-08-22
loop switcher,,50.0,2025-08-22,2026-08-22
digitech df-7,,90.0,2025-08-22,2026-08-22
dod fx56,,70.0,2025-08-22,2026-08-22
proco rat,,70.0,2025-08-22,2026-08-22
boss dm-2,,200.0,2025-08-22,2026-08-22
dod fx50b,,45.0,2025-08-22,2026-08-22
walrus audio jupiter,,75.0,2025-08-22,2026-08-22
amptweaker big rock pro,,190.0,2025-08-22,2026-08-22
walrus audio luminary v2,,155.0,2025-08-22,2026-08-22
walrus audio messner x,,120.0,2025-08-22,2026-08-22
source audio nemesis,,140.0,2025-08-22,2026-08-22
catalinbread rah,,100.0,2025-08-22,2026-08-22
catalinbread cb30,,105.0,2025-08-22,2026-08-22
walrus mira,,110.0,2025-08-22,2026-08-22
walrus mira,,110.0,2025-08-22,2026-08-22
two notes opus,,175.0,2025-08-22,2026-08-22
wampler tumnus deluxe,,130.0,2025-08-22,2026-08-22
walrus audio phoenix,,140.0,2025-08-22,2026-08-22
isp decimator ii,,75.0,2025-08-22,2026-08-22
keeley caverns v2,,115.0,2025-08-22,2026-08-22
isp theta,,200.0,2025-08-22,2026-08-22
source audio collider,,215.0,2025-08-22,2026-08-22
boss es-8,,380.0,2025-08-22,2026-08-22
tc ditto looper,,45.0,2025-08-22,2026-08-22
boss sd-1w,,85.0,2025-08-22,2026-08-22
soldano slo,,120.0,2025-08-22,2026-08-22
boss bd-2w,,110.0,2025-08-22,2026-08-22
boss ls-2,,70.0,2025-08-22,2026-08-22
ibanez ts808,,100.0,2025-08-22,2026-08-22
onespot cs12,,140.0,2025-08-22,2026-08-22
boss ge-7,,80.0,2025-08-22,2026-08-22
boss dd-8,,110.0,2025-08-22,2026-08-22
strymon flint v2,,250.0,2025-08-22,2026-08-22
boss volume pedal,,60.0,2025-08-22,2026-08-22
boss ns-2,,55.0,2025-08-22,2026-08-22
boss ac-3,,60.0,2025-08-22,2026-08-22
boss ch1,,65.0,2025-08-22,2026-08-22
boss tu-3,,60.0,2025-08-22,2026-08-22
boss cs-3,,50.0,2025-08-22,2026-08-22
line 6 hx stomp,,450.0,2025-08-22,2026-08-22
dsm humboldt simplifier mkii,,260.0,2025-08-22,2026-08-22
octonaut hyperdrive,,120.0,2025-08-22,2026-08-22
boss metal zone,,55.0,2025-08-22,2026-08-22
boss metal zone,,55.0,2025-08-22,2026-08-22
boss metal zone,,55.0,2025-08-22,2026-08-22
boss metal zone,,55.0,2025-08-22,2026-08-22
wampler pinnacle deluxe,,120.0,2025-08-22,2026-08-22
radial headbone vt,,180.0,2025-08-22,2026-08-22
ehx big muff,,70.0,2025-08-22,2026-08-22
strymon el capistan,,200.0,2025-08-22,2026-08-22
strymon big sky,,320.0,2025-08-22,2026-08-22
boss ns-2,,60.0,2025-08-22,2026-08-22
boss dd-3,,80.0,2025-08-22,2026-08-22
ehx holy grail nano,,70.0,2025-08-22,2026-08-22
MXR tremolo,,100.0,2025-08-22,2026-08-22
ehx holy grail reverb v1,,70.0,2025-08-22,2026-08-22
boss rv-2,,100.0,2025-08-22,2026-08-22
morley ab box,,20.0,2025-08-22,2026-08-22
tone city golden plexi,,35.0,2025-08-22,2026-08-22
tone city golden plexi,,35.0,2025-08-22,2026-08-22
tone city black tea,,40.0,2025-08-22,2026-08-22
tone city black tea,,40.0,2025-08-22,2026-08-22
tone city black tea,,40.0,2025-08-22,2026-08-22
mooer jet engine,,40.0,2025-08-22,2026-08-22
ibanez chorus mini,,65.0,2025-08-22,2026-08-22
boss dd-200,,175.0,2025-08-22,2026-08-22
ernie ball volume pedal,,45.0,2025-08-22,2026-08-22
boss dc-2w,,150.0,2025-08-22,2026-08-22
ernie ball volume pedal,,45.0,2025-08-22,2026-08-22
boss md-200,,160.0,2025-08-22,2026-08-22
ibanez tube screamer mini,,40.0,2025-08-22,2026-08-22
yamaha mg10xu 10 channel mixer,,140.0,2025-08-22,2026-08-22
nux ndl-2 jtc drum loop,,40.0,2025-08-22,2026-08-22
boss od-200,,155.0,2025-08-22,2026-08-22
mooer soul shiver,,35.0,2025-08-22,2026-08-22
boss rc-10r,,175.0,2025-08-22,2026-08-22
mooer triangolo tremolo,,35.0,2025-08-22,2026-08-22
boss te-2,,100.0,2025-08-22,2026-08-22
mxr m199 tap tempo,,25.0,2025-08-22,2026-08-22
singularsound beat buddy mini 2,,75.0,2025-08-22,2026-08-22
peterson strobe clip tuner,,40.0,2025-08-22,2026-08-22
boss ga-fc,,90.0,2025-08-22,2026-08-22
truetone pure tone buffer,,45.0,2025-08-22,2026-08-22
ik multimedia irig pro duo interface,,85.0,2025-08-22,2026-08-22
rolls pm351 personal monitor,,60.0,2025-08-22,2026-08-22
jhs whitey tighty,,80.0,2025-08-22,2026-08-22
tc electronic pipeline tremolo,,65.0,2025-08-22,2026-08-22
keeley halo,,175.0,2025-08-22,2026-08-22
keeley neutrino,,75.0,2025-08-22,2026-08-22
boss pocket gt,,85.0,2025-08-22,2026-08-22
boss ms-3,,240.0,2025-08-22,2026-08-22
fomo virtual jeff pro,,200.0,2025-08-22,2026-08-22
Blackstone MOSFET Overdrive,,175.0,2025-08-22,2026-08-22
Skreddy Screwdriver Mini Deluxe,,170.0,2025-08-22,2026-08-22
Mad Professor Royal Blue Overdrive,,100.0,2025-08-22,2026-08-22
Menatone Hindenburg Mini,,90.0,2025-08-22,2026-08-22
Menatone Mojo Red Snapper,,210.0,2025-08-22,2026-08-22
line 6 helix w / rockboard case,,320.0,2025-08-22,2026-08-22
beatbuddy w/ footswitch,,200.0,2025-08-22,2026-08-22
line 6 space chorus,,65.0,2025-08-22,2026-08-22
t rex the sweeper,,70.0,2025-08-22,2026-08-22
mxr bass octave deluxe,,80.0,2025-08-22,2026-08-22
ebs bass iq envelope filter,,90.0,2025-08-22,2026-08-22
malekko ekko 616 analog delay,,110.0,2025-08-22,2026-08-22
digitech luxe,,100.0,2025-08-22,2026-08-22
lovepedal eternity kanji,,135.0,2025-08-22,2026-08-22
moog moogerfooger bass murf,,480.0,2025-08-22,2026-08-22
mooer groove loop,,50.0,2025-08-22,2026-08-22
ehx bassballs,,45.0,2025-08-22,2026-08-22
29 pedals flwr,,185.0,2025-08-22,2026-08-22
shure wireless system,,150.0,2025-08-22,2026-08-22
walrus deep six,,90.0,2025-08-22,2026-08-22
walrus deep six,,90.0,2025-08-22,2026-08-22
canvas power 8,,175.0,2025-08-22,2026-08-22
canvas power 8,,175.0,2025-08-22,2026-08-22
chase bliss mood,,225.0,2025-08-22,2026-08-22
walrus canvas clock,,200.0,2025-08-22,2026-08-22
cooper fx: generation loss,,240.0,2025-08-22,2026-08-22
lehle volume pedal,,200.0,2025-08-22,2026-08-22
walrus sloer floral edition,,245.0,2025-08-22,2026-08-22
lr baggs venue,,210.0,2025-08-22,2026-08-22
walrus audio meraki,,490.0,2025-08-22,2026-08-22
cmc widi thru6 bt,,35.0,2025-08-22,2026-08-22
dr z z brake lite,,185.0,2025-08-22,2026-08-22
boss rv-6,,100.0,2025-08-22,2026-08-22
digitech trio plus,,180.0,2025-08-22,2026-08-22
boss ch-1,,70.0,2025-08-22,2026-08-22
fulltone ocd,,110.0,2025-08-22,2026-08-22
dunlop cry baby wah,,45.0,2025-08-22,2026-08-22
digitech fs3x,,25.0,2025-08-22,2026-08-22
bogner ecstasy red mini,,90.0,2025-08-22,2026-08-22
boss mij nf-1,,65.0,2025-08-22,2026-08-22
boss mij ce-3,,80.0,2025-08-22,2026-08-22
boss mij ds-1,,110.0,2025-08-22,2026-08-22
boss mij ds-1,,110.0,2025-08-22,2026-08-22
boss mij oc-2,,130.0,2025-08-22,2026-08-22
boss mij hm-2,,110.0,2025-08-22,2026-08-22
boss mij ft-2,,190.0,2025-08-22,2026-08-22
boss tu-2,,45.0,2025-08-22,2026-08-22
boss dd-7,,85.0,2025-08-22,2026-08-22
boss md-2,,50.0,2025-08-22,2026-08-22
boss dc-3,,185.0,2025-08-22,2026-08-22
boss bc-2,,90.0,2025-08-22,2026-08-22
boss ch-1,,70.0,2025-08-22,2026-08-22
boss rc20xl,,85.0,2025-08-22,2026-08-22
ditto looper,,45.0,2025-08-22,2026-08-22
digitech rp90,,45.0,2025-08-22,2026-08-22
boss fs-5u,,25.0,2025-08-22,2026-08-22
recovery effects endless summer,,150.0,2025-08-22,2026-08-22
voodoo lab microvibe,,115.0,2025-08-22,2026-08-22
dunlop kinnatone modded cry baby wah,,75.0,2025-08-22,2026-08-22
vick audio mount pleasant,,90.0,2025-08-22,2026-08-22
mxr jail guitar doors od,,160.0,2025-08-22,2026-08-22
peterson strobo stomp gold,,100.0,2025-08-22,2026-08-22
crowther hot cake,,200.0,2025-08-22,2026-08-22
fryer deluxe brian may treble boost,,275.0,2025-08-22,2026-08-22
mxr m251 fod drive,,90.0,2025-08-22,2026-08-22
keeley el rey dorado,,70.0,2025-08-22,2026-08-22
tc quintessence,,85.0,2025-08-22,2026-08-22
catalinbread sts-88,,90.0,2025-08-22,2026-08-22
mr black double chorus,,110.0,2025-08-22,2026-08-22
mooer trelicopter,,30.0,2025-08-22,2026-08-22
way huge blue hippo mkiii,,90.0,2025-08-22,2026-08-22
tc 3rd dimension,,25.0,2025-08-22,2026-08-22
boss ds-2 mij,,150.0,2025-08-22,2026-08-22
Digitech Bass Synth Wah,,175.0,2025-08-22,2026-08-22
boss tu-15,,30.0,2025-08-22,2026-08-22
boss aw-3,,65.0,2025-08-22,2026-08-22
boss cs-3,,50.0,2025-08-22,2026-08-22
boss os-2,,50.0,2025-08-22,2026-08-22
boss sd-1,,45.0,2025-08-22,2026-08-22
boss eq 20,,90.0,2025-08-22,2026-08-22
boss ph-3,,70.0,2025-08-22,2026-08-22
boss bcb-60 pedalboard,,80.0,2025-08-22,2026-08-22
dazatronyx optical tremolo,,110.0,2025-08-22,2026-08-22
ehx small stone v2 vintage,,135.0,2025-08-22,2026-08-22
pigtronix dual expression pedal,,90.0,2025-08-22,2026-08-22
voodoo lab x8,,110.0,2025-08-22,2026-08-22
thomas organ wah w/ true bypass and sabbadius inductor,,100.0,2025-08-22,2026-08-22
sabbadius funky vibe 68,,400.0,2025-08-22,2026-08-22
hudson broadcast dual footswitch,,200.0,2025-08-22,2026-08-22
cunningham octave fuzz,,400.0,2025-08-22,2026-08-22
dreadbox nymphes,,350.0,2025-08-22,2026-08-22
hamiltone king tone consoul,,2200.0,2025-08-22,2026-08-22
novation ultranova,,290.0,2025-08-22,2026-08-22
supro comet,,625.0,2025-08-22,2026-08-22
supro hampton,,475.0,2025-08-22,2026-08-22
morley bad horsie,,65.0,2025-08-22,2026-08-22
morley maverick mini wah,,65.0,2025-08-22,2026-08-22
lpd pedals 68 deluxe,,150.0,2025-08-22,2026-08-22
1 vs audio royal flush plus,,160.0,2025-08-22,2026-08-22
1 tsakalis audio room 40,,200.0,2025-08-22,2026-08-22
browne amps carbon v2,,150.0,2025-08-22,2026-08-22
eqd bows,,150.0,2025-08-22,2026-08-22
tc infinite sample sustain,,90.0,2025-08-22,2026-08-22
mxr cs hybrid fuzz,,85.0,2025-08-22,2026-08-22
wampler pinnacle deluxe v2,,120.0,2025-08-22,2026-08-22
mxr distortion plus block logo 70s,,100.0,2025-08-22,2026-08-22
fjord fuzz bifrost,,200.0,2025-08-22,2026-08-22
ramble fx twin bender v2,,210.0,2025-08-22,2026-08-22
tc flashback delay,,65.0,2025-08-22,2026-08-22
joyo noise gate,,25.0,2025-08-22,2026-08-22
joyo analog delay,,25.0,2025-08-22,2026-08-22
toms hardware dumbler,,25.0,2025-08-22,2026-08-22
korg tuner small green,,25.0,2025-08-22,2026-08-22
joyo classic flanger,,25.0,2025-08-22,2026-08-22
mosky xp booster,,25.0,2025-08-22,2026-08-22
twintone pi fuzz,,25.0,2025-08-22,2026-08-22
joyo jabin tai chi,,35.0,2025-08-22,2026-08-22
ec auto wah,,25.0,2025-08-22,2026-08-22
morley lead wah,,90.0,2025-08-22,2026-08-22
boss bass overdrive,,60.0,2025-08-22,2026-08-22
darkglass alpha omega,,200.0,2025-08-22,2026-08-22
boss bass overdrive,,60.0,2025-08-22,2026-08-22
boss ev-30,,80.0,2025-08-22,2026-08-22
ehx q-tron,,65.0,2025-08-22,2026-08-22
boss ch-1,,60.0,2025-08-22,2026-08-22
ehx bass big muff,,60.0,2025-08-22,2026-08-22
empress compressor,,190.0,2025-08-22,2026-08-22
walrus canvas di,,90.0,2025-08-22,2026-08-22
midi maestro controller,,170.0,2025-08-22,2026-08-22
hx stomp purple,,455.0,2025-08-22,2026-08-22
mxr micro brick,,55.0,2025-08-22,2026-08-22
wiz pedal mini d,,90.0,2025-08-22,2026-08-22
x23 klone,,80.0,2025-08-22,2026-08-22
x23 strawberry red,,89.0,2025-08-22,2026-08-22
x23 honeybee squeezer,,139.0,2025-08-22,2026-08-22
tc dual wreck preamp,,90.0,2025-08-22,2026-08-22
jhs good vibrations,Good,140.0,2025-08-22,2026-08-22
jptrfx warlow,,130.0,2025-08-22,2026-08-22
stone deaf fx warp drive para eq,,150.0,2025-08-22,2026-08-22
eventide knife drop,,225.0,2025-08-22,2026-08-22
revv d20 head,,585.0,2025-08-22,2026-08-22
wren and cuff white elk,,100.0,2025-08-22,2026-08-22
reuss wah,,155.0,2025-08-22,2026-08-22
boss ps3,,195.0,2025-08-22,2026-08-22
midi maestro,,165.0,2025-08-22,2026-08-22
ehx superego plus,,170.0,2025-08-22,2026-08-22
ehx ravish sitar,,165.0,2025-08-22,2026-08-22
fishman platinum preamp,,100.0,2025-08-22,2026-08-22
fishman fc-1 triple play,,135.0,2025-08-22,2026-08-22
source audio soleman multi switch,,110.0,2025-08-22,2026-08-22
zoom a3 acoustic preamp,,110.0,2025-08-22,2026-08-22
beat buddy,,200.0,2025-08-22,2026-08-22
game changer audio plus sustain pedal,,250.0,2025-08-22,2026-08-22
source audio dual expression pedal,,65.0,2025-08-22,2026-08-22
fulltone full drive 2,,70.0,2025-08-22,2026-08-22
fulltone distortion pro,,75.0,2025-08-22,2026-08-22
fulltone fat boost,,75.0,2025-08-22,2026-08-22
morley little aligator volume,,40.0,2025-08-22,2026-08-22
boss slicer,,115.0,2025-08-22,2026-08-22
mission engineering expression pedal,,85.0,2025-08-22,2026-08-22
the murder one triple killswitch,,25.0,2025-08-22,2026-08-22
ehx deep freeze,,130.0,2025-08-22,2026-08-22
jhs haunting mids,,75.0,2025-08-22,2026-08-22
joyo volume / wah,,35.0,2025-08-22,2026-08-22
seymour duncan pickup booster,,40.0,2025-08-22,2026-08-22
boss tr-2,,60.0,2025-08-22,2026-08-22
Nobels ODR-1 30th anniversary,,190.0,2025-08-22,2026-08-22
boss tu-3,,55.0,2025-08-22,2026-08-22
lovepedal les lius,,135.0,2025-08-22,2026-08-22
lovepedal vibe,,85.0,2025-08-22,2026-08-22
lovepedal lil china,,140.0,2025-08-22,2026-08-22
mad professor bluebird od,,150.0,2025-08-22,2026-08-22
ibanez ad-9 analogman mod,,170.0,2025-08-22,2026-08-22
fulltone ocd v4,,120.0,2025-08-22,2026-08-22
mad professor golden cello,,125.0,2025-08-22,2026-08-22
cmatmods tremoglo,,100.0,2025-08-22,2026-08-22
cmatmods deeelay,,75.0,2025-08-22,2026-08-22
catalinbread callisto,,110.0,2025-08-22,2026-08-22
catalinbread sft,,100.0,2025-08-22,2026-08-22
catalinbread formula no5,,120.0,2025-08-22,2026-08-22
simble overdrive,,130.0,2025-08-22,2026-08-22
boss tu-2,,45.0,2025-08-22,2026-08-22
cmatmods signa comp,,65.0,2025-08-22,2026-08-22
beat buddy orignal,,200.0,2025-08-22,2026-08-22
boss rv-500,,190.0,2025-08-22,2026-08-22
eqd zoar,,90.0,2025-08-22,2026-08-22
dba echo dream 2,,175.0,2025-08-22,2026-08-22
ua dream 65,,220.0,2025-08-22,2026-08-22
boss ph-2,,90.0,2025-08-22,2026-08-22
guyatone tz2 fuzz,,85.0,2025-08-22,2026-08-22
boss dd-7,,85.0,2025-08-22,2026-08-22
boss aw-3,,70.0,2025-08-22,2026-08-22
ehx bassballs russian,,90.0,2025-08-22,2026-08-22
fulltone bass drive,,150.0,2025-08-22,2026-08-22
dunlop cbm105q mini bass wah,,80.0,2025-08-22,2026-08-22
zvex wooly mammoth custom paint 20/20,,275.0,2025-08-22,2026-08-22
ehx bass clone chorus,,50.0,2025-08-22,2026-08-22
ehx memory toy,,45.0,2025-08-22,2026-08-22
friedman be-od,,100.0,2025-08-22,2026-08-22
pedal pawn texas twang,,175.0,2025-08-22,2026-08-22
bogner la grange,,180.0,2025-08-22,2026-08-22
behringer xenyx802usb mixer,,65.0,2025-08-22,2026-08-22
analogman high gain white dot nkt 275 sun face,,900.0,2025-08-22,2026-08-22
surfy bear compact spring reverb orange,,255.0,2025-08-22,2026-08-22
jhs at drive,,105.0,2025-08-22,2026-08-22
catalinbread formula f56,,85.0,2025-08-22,2026-08-22
jhs pack rat,,160.0,2025-08-22,2026-08-22
catalinbread dirty little secret,,70.0,2025-08-22,2026-08-22
master effects eq from hell,,160.0,2025-08-22,2026-08-22
arc effects klon klone v2,,125.0,2025-08-22,2026-08-22
keeley super phat mod,,80.0,2025-08-22,2026-08-22
digitech tr-7 tremolo,,130.0,2025-08-22,2026-08-22
keeley mod ds-1 seeing eye switch,,105.0,2025-08-22,2026-08-22
keeley mod bd-2,,225.0,2025-08-22,2026-08-22
thd hot plate 8 ohm,,275.0,2025-08-22,2026-08-22
digitech rv-7,,230.0,2025-08-22,2026-08-22
boss sde-3000 evh dual delay,,350.0,2025-08-22,2026-08-22
pedal pawn germanium fuzz,,215.0,2025-08-22,2026-08-22
boss tu-2,,45.0,2025-08-22,2026-08-22
big shot mix effects loop mixer,,60.0,2025-08-22,2026-08-22
whirlwind ab selector,,40.0,2025-08-22,2026-08-22
ernie ball vp jr,,50.0,2025-08-22,2026-08-22
mxr 6 band eq,,65.0,2025-08-22,2026-08-22
custom flying fish si fuzz face,,120.0,2025-08-22,2026-08-22
henretta engineering h bomb delay,,80.0,2025-08-22,2026-08-22
collector effector si fuzz,,175.0,2025-08-22,2026-08-22
j drawbridge audio rangemaster fuzz,,200.0,2025-08-22,2026-08-22
jam pedals fuzz phrase custom cv70003 germanium,,425.0,2025-08-22,2026-08-22
moreland magnetics 405 custom,,175.0,2025-08-22,2026-08-22
jdm pedals fuzz 292 early model,,100.0,2025-08-22,2026-08-22
shoe pedals robert fuzz,,140.0,2025-08-22,2026-08-22
dominion the faceless fuzz cv7003,,425.0,2025-08-22,2026-08-22
analogman sun face ti uk,,450.0,2025-08-22,2026-08-22
analogman sun face bc 108,,200.0,2025-08-22,2026-08-22
dominion the faceless fuzz bc 130,,425.0,2025-08-22,2026-08-22
kaisertronics si fuzz,,150.0,2025-08-22,2026-08-22
dominion faceless fuzz hybrid oxfuzz inspired,,350.0,2025-08-22,2026-08-22
oxfuzz hybrid,,290.0,2025-08-22,2026-08-22
oxfuzz si bc 108b,,275.0,2025-08-22,2026-08-22
meris enzo x,,440.0,2025-08-22,2026-08-22
strymon big sky,,300.0,2025-08-22,2026-08-22
strymon night sky,,290.0,2025-08-22,2026-08-22
boss dd-500,,185.0,2025-08-22,2026-08-22
boss ps-2,,115.0,2025-08-22,2026-08-22
kemper player w/ lvl ii upgrade,,700.0,2025-08-22,2026-08-22
kemper power cabinet,,500.0,2025-08-22,2026-08-22
mission expression pedal,,110.0,2025-08-22,2026-08-22
mxr bass octave deluxe,,85.0,2025-08-22,2026-08-22
mxr bass envelope filter,,80.0,2025-08-22,2026-08-22
boss ft-2,,185.0,2025-08-22,2026-08-22
pigtronix envelope phaser,,140.0,2025-08-22,2026-08-22
aphex punch factory,,80.0,2025-08-22,2026-08-22
boss tu-2,,45.0,2025-08-22,2026-08-22
strymon cloudburst,,190.0,2025-08-22,2026-08-22
wampler paisley,,85.0,2025-08-22,2026-08-22
truetone jekyll & hyde,,120.0,2025-08-22,2026-08-22
wampler pinnacle original,,90.0,2025-08-22,2026-08-22
t rex yellow drive,,65.0,2025-08-22,2026-08-22
ernie ball expression overdrive,,60.0,2025-08-22,2026-08-22
t rex crunch frog,,65.0,2025-08-22,2026-08-22
mooer cruncher,,30.0,2025-08-22,2026-08-22
soundtank classic metal,,40.0,2025-08-22,2026-08-22
line 6 stomp xl,,450.0,2025-08-22,2026-08-22
positive grid spark mini,,140.0,2025-08-22,2026-08-22
nobels odr-1 90's,,1333.0,2025-08-22,2026-08-22
unopened xts mod ge-7,,333.0,2025-08-22,2026-08-22
2024 gibson les paul custom shop r4 gold top,,3400.0,2025-08-22,2026-08-22
cornish ng-3 tm,,485.0,2025-08-22,2026-08-22
dumbloid b sss,,475.0,2025-08-22,2026-08-22
boss rc500 looper,,225.0,2025-08-22,2026-08-22
j rockett monkeyman,,100.0,2025-08-22,2026-08-22
obne expression ramper hk,,60.0,2025-08-22,2026-08-22
mythos lark,,220.0,2025-08-22,2026-08-22
dunlop mini fuzz face blue,,70.0,2025-08-22,2026-08-22
dan o wah,,65.0,2025-08-22,2026-08-22
keeley dark side,,150.0,2025-08-22,2026-08-22
79 mxr distortion  +,,110.0,2025-08-22,2026-08-22
keeley roto sonic,,150.0,2025-08-22,2026-08-22
ross distortion,,130.0,2025-08-22,2026-08-22
boss dm-3,,160.0,2025-08-22,2026-08-22
mxr uni vibe,,75.0,2025-08-22,2026-08-22
evh flanger,,110.0,2025-08-22,2026-08-22
j rockett archer icon,,150.0,2025-08-22,2026-08-22
boss rt-20,,275.0,2025-08-22,2026-08-22
1982 ibanez ts9,,300.0,2025-08-22,2026-08-22
vintage foxx wah,,250.0,2025-08-22,2026-08-22
mxr phase 45 vintage,,200.0,2025-08-22,2026-08-22
boss dc-2,,215.0,2025-08-22,2026-08-22
regal fuzz wah diddy,,225.0,2025-08-22,2026-08-22
dunlop uni vibe w/ expression pedal,,260.0,2025-08-22,2026-08-22
ehx #1 echo,,50.0,2025-08-22,2026-08-22
korg pme 40x,,50.0,2025-08-22,2026-08-22
mxr phase 90,,50.0,2025-08-22,2026-08-22
guptech - bouzmaster,,70.0,2025-08-22,2026-08-22
guptech - vej4 distortion,,70.0,2025-08-22,2026-08-22
digitech whammy v4,,140.0,2025-08-22,2026-08-22
sinvertek n5+3d,,285.0,2025-08-22,2026-08-22
arthur sounds - as-100 pedal,,213.0,2025-08-22,2026-08-22
demonfx freedmon be-odx plus,,35.0,2025-08-22,2026-08-22
29 pedals euna,,210.0,2025-08-22,2026-08-22
one control minimal series black loop,,45.0,2025-08-22,2026-08-22
chroma console,,335.0,2025-08-22,2026-08-22
boss vb-2w,,180.0,2025-08-22,2026-08-22
greer lightspeed exclusive coal,,185.0,2025-08-22,2026-08-22
greer soma 63,,130.0,2025-08-22,2026-08-22
origin effects deluxe 55,,250.0,2025-08-22,2026-08-22
origin effects m-eq driver,,215.0,2025-08-22,2026-08-22
dod looking glass,,90.0,2025-08-22,2026-08-22
flux effects liquid tremolo,,215.0,2025-08-22,2026-08-22
"analogman king of tone v4 4 jack high gain red side, 3 way toggle",,700.0,2025-08-22,2026-08-22
reeves electro red dot sound,,475.0,2025-08-22,2026-08-22
reeves electro facet ff,,485.0,2025-08-22,2026-08-22
eae prismatic wall,,320.0,2025-08-22,2026-08-22
29 pedals euna,,210.0,2025-08-22,2026-08-22
asheville music tools adg-1 se starry night,,310.0,2025-08-22,2026-08-22
asheville music tools aph-12,,300.0,2025-08-22,2026-08-22
drolo stretch weaver,,325.0,2025-08-22,2026-08-22
jhs unicorn v2,,120.0,2025-08-22,2026-08-22
mooer 005,,50.0,2025-08-22,2026-08-22
mooer eq7,,25.0,2025-08-22,2026-08-22
mooer ninety orange,,25.0,2025-08-22,2026-08-22
end music co eq7,,25.0,2025-08-22,2026-08-22
ibanez ts9,,65.0,2025-08-22,2026-08-22
ibanez ts9,,65.0,2025-08-22,2026-08-22
ibanez ts9,,65.0,2025-08-22,2026-08-22
ibanez ts808,,90.0,2025-08-22,2026-08-22
ibanez ts808,,90.0,2025-08-22,2026-08-22
ibanez ts808,,90.0,2025-08-22,2026-08-22
ibanez ts808,,90.0,2025-08-22,2026-08-22
ibanez ts808,,90.0,2025-08-22,2026-08-22
ibanez ts808,,90.0,2025-08-22,2026-08-22
maxon distortion master ds-830,,110.0,2025-08-22,2026-08-22
ibanez ts9 keeley / aman mod,,350.0,2025-08-22,2026-08-22
boss sd-1,,45.0,2025-08-22,2026-08-22
way huge sto,,75.0,2025-08-22,2026-08-22
cusack screamer,,100.0,2025-08-22,2026-08-22
greer lightspeed,,185.0,2025-08-22,2026-08-22
decibelics golden horse mini,,225.0,2025-08-22,2026-08-22
Boss ME-90B,,260.0,2025-08-22,2026-08-22
Line 6 POD Express Bass,,100.0,2025-08-22,2026-08-22
Mooer Red Truck,,130.0,2025-08-22,2026-08-22
M-Vave Tank-B,,40.0,2025-08-22,2026-08-22
NuX Cerebus,,170.0,2025-08-22,2026-08-22
Tech 21 Bass Fly Rig V2,,185.0,2025-08-22,2026-08-22
Zoom B1 Four,,60.0,2025-08-22,2026-08-22
Fender Mustang Micro,,55.0,2025-08-22,2026-08-22
Mooer Prime P1,,65.0,2025-08-22,2026-08-22
NuX Mighty Plug,,40.0,2025-08-22,2026-08-22
Palmer Pocket Bass Amp,,100.0,2025-08-22,2026-08-22
Phil Jones Bass Bighead HA-2 Pro,,200.0,2025-08-22,2026-08-22
Electro-Harmonix POG 2,,210.0,2025-08-22,2026-08-22
Electro-Harmonix Superego Plus,,175.0,2025-08-22,2026-08-22
Iset Analog Flanger,,25.0,2025-08-22,2026-08-22
M-Vave DIG Reverb,,25.0,2025-08-22,2026-08-22
one control loop switcher xenagama,,70.0,2025-08-22,2026-08-22
poison noises the crook,,80.0,2025-08-22,2026-08-22
line 6 echo park,,90.0,2025-08-22,2026-08-22
echoplex delay,,110.0,2025-08-22,2026-08-22
voodoo lab pedal power x8,,120.0,2025-08-22,2026-08-22
mooer pure boost,,25.0,2025-08-22,2026-08-22
nux sixtyfive overdrive,,30.0,2025-08-22,2026-08-22
boss sd-1 monte alums mod,,60.0,2025-08-22,2026-08-22
bondi del mar overdrive mkii,,200.0,2025-08-22,2026-08-22
fargen sonic edge j&j overdrive,,75.0,2025-08-22,2026-08-22
wampler terraform,,150.0,2025-08-22,2026-08-22
EHX Bender Royale,,100.0,2025-08-22,2026-08-22
Mosky Silver Horse,,25.0,2025-08-22,2026-08-22
Hagerman Neoklon,,70.0,2025-08-22,2026-08-22
Mosky Golden Horse,,25.0,2025-08-22,2026-08-22
Hagerman Tubeklon,,120.0,2025-08-22,2026-08-22
Keeley Suns,,60.0,2025-08-22,2026-08-22
Morley 20/20 Volume,,70.0,2025-08-22,2026-08-22
Joyo Tauren,,30.0,2025-08-22,2026-08-22
Mythos Mjolnir Germanium,,150.0,2025-08-22,2026-08-22
Crybaby 535q*,,65.0,2025-08-22,2026-08-22
JHS Notadumble,,125.0,2025-08-22,2026-08-22
JHS Notaklon,,80.0,2025-08-22,2026-08-22
JHS Notaklon,,110.0,2025-08-22,2026-08-22
Wampler Tumnus Mini*,,90.0,2025-08-22,2026-08-22
Mythos Mjolnir 1N34A,,210.0,2025-08-22,2026-08-22
JHS Series 3 Oil Can Delay,,85.0,2025-08-22,2026-08-22
Walrus Sloer,,200.0,2025-08-22,2026-08-22
Keeley Manis,,130.0,2025-08-22,2026-08-22
Walrus Qi Etherializer,,310.0,2025-08-22,2026-08-22
Keeley Manis,,150.0,2025-08-22,2026-08-22
Crowther Hotcake,,215.0,2025-08-22,2026-08-22
Boss JB-2,,135.0,2025-08-22,2026-08-22
Walrus Canvas 15,,200.0,2025-08-22,2026-08-22
Keeley Moon,,85.0,2025-08-22,2026-08-22
Wampler Tumnus Deluxe Germanium *,,325.0,2025-08-22,2026-08-22
Keeley Oxblood,,100.0,2025-08-22,2026-08-22
Keeley Octopsi,,175.0,2025-08-22,2026-08-22
Xotic Super Sweet,,70.0,2025-08-22,2026-08-22
Supercool Pedals Thneed,,130.0,2025-08-22,2026-08-22
EQD Hizumitas*,,105.0,2025-08-22,2026-08-22
Harby Centauri,,80.0,2025-08-22,2026-08-22
Digitech Bad Monkey*,,85.0,2025-08-22,2026-08-22
Greer Lightspeed,,185.0,2025-08-22,2026-08-22
Boss RT-2,,160.0,2025-08-22,2026-08-22
JHS/Ross Fuzz,,130.0,2025-08-22,2026-08-22
Proco Rat 2,,120.0,2025-08-22,2026-08-22
TC Electronics SCF Gold,,75.0,2025-08-22,2026-08-22
Wampler Tumnus Deluxe,,120.0,2025-08-22,2026-08-22
"Walrus Voyager Mk1,*",,90.0,2025-08-22,2026-08-22
Walrus Voyager Mk2,,155.0,2025-08-22,2026-08-22
Acorn Epstein,,90.0,2025-08-22,2026-08-22
Acorn Circuit,,90.0,2025-08-22,2026-08-22
Acorn Another Fucking Klon Clone,,160.0,2025-08-22,2026-08-22
Fulltone OCD V2*,,100.0,2025-08-22,2026-08-22
Fulltone OCD V1.4*,,115.0,2025-08-22,2026-08-22
EHX Big Muff Black Russian*,,175.0,2025-08-22,2026-08-22
Behringer Centaur,,135.0,2025-08-22,2026-08-22
Behringer Centaur,,145.0,2025-08-22,2026-08-22
Warm Audio Centavo,,105.0,2025-08-22,2026-08-22
Warm Audio Centavo,,120.0,2025-08-22,2026-08-22
Ceriatone Centura,,175.0,2025-08-22,2026-08-22
Mythos Mjolnir Joey Landreth,,170.0,2025-08-22,2026-08-22
Boss Bass Synth SYB-5,,105.0,2025-08-22,2026-08-22
EBS multi comp,,90.0,2025-08-22,2026-08-22
MXR envelope filter,,150.0,2025-08-22,2026-08-22
TC electronics Spectra Drive bass preamp,,125.0,2025-08-22,2026-08-22
Caline Tantrum,,25.0,2025-08-22,2026-08-22
VSN Harmonizer,,25.0,2025-08-22,2026-08-22
Behringer Bass eq,,25.0,2025-08-22,2026-08-22
Vox Stomplab,,40.0,2025-08-22,2026-08-22
TC electronics  Rush,,25.0,2025-08-22,2026-08-22
VSN noisegate,,25.0,2025-08-22,2026-08-22
Metal Muff EHX,,45.0,2025-08-22,2026-08-22
Donner yellow fall delay,,25.0,2025-08-22,2026-08-22
Ec reverb,,25.0,2025-08-22,2026-08-22
pedaltrain classic jr - 100,,85.0,2025-08-22,2026-08-22
pirate midi bridge6 foot controller - 200,,175.0,2025-08-22,2026-08-22
walrus audio canvas stereo dual line isolater / di box - 180,,160.0,2025-08-22,2026-08-22
tonex one - 150,,110.0,2025-08-22,2026-08-22
wampler ego compressr v2 - 120,,110.0,2025-08-22,2026-08-22
disaster area designs dpc.micro 3 - 120,,110.0,2025-08-22,2026-08-22
erupter ultimate fuzz tone - 100,,75.0,2025-08-22,2026-08-22
pigtronix octava micro v2 - 80,,70.0,2025-08-22,2026-08-22
boss oc-3 80,,80.0,2025-08-22,2026-08-22
hotone soul press ii - 80,,70.0,2025-08-22,2026-08-22
cioks dc7 power supply - 220,,190.0,2025-08-22,2026-08-22
fractal vp4 - 600,,575.0,2025-08-22,2026-08-22
chase bliss am overdrive - 375,,375.0,2025-08-22,2026-08-22
cioks crux power conventer - 60,,50.0,2025-08-22,2026-08-22
d'addario xpnd noise isolater - 20,,25.0,2025-08-22,2026-08-22
seymour duncan studio bass compressor,,90.0,2025-08-22,2026-08-22
red panda context,,185.0,2025-08-22,2026-08-22
mxr m238,,100.0,2025-08-22,2026-08-22
cry baby bass mini,,80.0,2025-08-22,2026-08-22
sonic research st-200,,100.0,2025-08-22,2026-08-22
zio analog bass preamp,,165.0,2025-08-22,2026-08-22
source audio mercury flanger,,85.0,2025-08-22,2026-08-22
lehle rmi basswitch clean boost,,125.0,2025-08-22,2026-08-22
source audio aftershock,,110.0,2025-08-22,2026-08-22
daddario tuner,,40.0,2025-08-22,2026-08-22
Empty Head Effects the lover,,150.0,2025-08-22,2026-08-22
Hermida Audio Dover Drive,,165.0,2025-08-22,2026-08-22
Chase Tone Fuzz Fella BC 108c version,,110.0,2025-08-22,2026-08-22
JHS #75 Throwback Overdrive / Preamp,,160.0,2025-08-22,2026-08-22
Ibanez Sonic Distortion Mod,,130.0,2025-08-22,2026-08-22
Chase Tone Secret Preamp,,155.0,2025-08-22,2026-08-22
Big Ears Whac-A Boost,,175.0,2025-08-22,2026-08-22
Jam Pedals Dynassor Compressor,,125.0,2025-08-22,2026-08-22
Xotic RC Booster V2,,110.0,2025-08-22,2026-08-22
Acorn “Epstein Did(‘nt) Kill Himself Fuzz,,90.0,2025-08-22,2026-08-22
Electron Brothers Brass Knuckle High Voltage All Tube Overdrive,,175.0,2025-08-22,2026-08-22
Summer School Electronics Report Card,,300.0,2025-08-22,2026-08-22
Electric Audio Experiments Dude Incredible,,250.0,2025-08-22,2026-08-22
Landgraff Mo’D,,800.0,2025-08-22,2026-08-22
JHS/Electroharmonix Lizard Queen,,240.0,2025-08-22,2026-08-22
Thorpy Electric Lightning,,360.0,2025-08-22,2026-08-22
Revival Drive Custom Hot Rod Edition,,260.0,2025-08-22,2026-08-22
Thorpy Effects Hanami Fuzz,,280.0,2025-08-22,2026-08-22
Chase Bliss Mood MKII,,400.0,2025-08-22,2026-08-22
VL Effects OD Bullitt One Big Block Pro,,375.0,2025-08-22,2026-08-22
Origin Effects Compact Series Cali 76 Stacked Edition,,235.0,2025-08-22,2026-08-22
Korg Miku Stomp,,465.0,2025-08-22,2026-08-22
mxr limiter,,140.0,2025-08-22,2026-08-22
ibanez ad9,,90.0,2025-08-22,2026-08-22
ibanez cs9,,100.0,2025-08-22,2026-08-22
digitech jam man,,75.0,2025-08-22,2026-08-22
digitech rp500,,115.0,2025-08-22,2026-08-22
tc helicon voicelive 2,,310.0,2025-08-22,2026-08-22
boss rt-20,,230.0,2025-08-22,2026-08-22
mxr micro flanger,,65.0,2025-08-22,2026-08-22
crybaby wah,,45.0,2025-08-22,2026-08-22
tc hof mini 2,,65.0,2025-08-22,2026-08-22
tone city dry martini overdrive,,35.0,2025-08-22,2026-08-22
tone city black tea distortion,,35.0,2025-08-22,2026-08-22
tone city angel wing chorus,,35.0,2025-08-22,2026-08-22
tone city golden plexi 2 distortion,,40.0,2025-08-22,2026-08-22
tone city sweat cream overdrive,,40.0,2025-08-22,2026-08-22
tone city kafir lime,,30.0,2025-08-22,2026-08-22
tone city matcha cream fuzz,,35.0,2025-08-22,2026-08-22
tone city comp engine compressor,,30.0,2025-08-22,2026-08-22
nobels del-mini delay,,70.0,2025-08-22,2026-08-22
ehx holy grail,,80.0,2025-08-22,2026-08-22
way huge red llama,,150.0,2025-08-22,2026-08-22
custom audio electronics boost / line driver,,65.0,2025-08-22,2026-08-22
chicago stompworks legitimate beef,,45.0,2025-08-22,2026-08-22
walrus julia v2 gold ltd edition,,120.0,2025-08-22,2026-08-22
walrus lilian phaser,,100.0,2025-08-22,2026-08-22
walrus canvas tuner,,90.0,2025-08-22,2026-08-22
walrus arp 87,,110.0,2025-08-22,2026-08-22
walrus fathom reverb,,110.0,2025-08-22,2026-08-22
suhr koko boost original 2 button,,135.0,2025-08-22,2026-08-22
lehle volume pedal,,200.0,2025-08-22,2026-08-22
jackson audio bloom v2,,200.0,2025-08-22,2026-08-22
3 monkeys mototeddy jose,,400.0,2025-08-22,2026-08-22
fat Jimmy Amps vintage series 5f6-a w/ NOS parts,,320.0,2025-08-22,2026-08-22
prs mccarty archtop ii 1998,,3600.0,2025-08-22,2026-08-22
wampler pinnacle deluxe v2,,120.0,2025-08-22,2026-08-22
boss dd-2 long chip,,165.0,2025-08-22,2026-08-22
joe gagan faux boomer wah,,160.0,2025-08-22,2026-08-22
xvive golden brownie,,50.0,2025-08-22,2026-08-22
groove tubes soul o 45,,1000.0,2025-08-22,2026-08-22
80's fender super champ,,1000.0,2025-08-22,2026-08-22
mojotone canyon 1x12 cab unloaded,,225.0,2025-08-22,2026-08-22
boss pw-2,,130.0,2025-08-22,2026-08-22
danelectro cool cat vibe,,65.0,2025-08-22,2026-08-22
boss feedbacker booster,,190.0,2025-08-22,2026-08-22
pro tone compressor,,70.0,2025-08-22,2026-08-22
nobels odr-1 new,,70.0,2025-08-22,2026-08-22
Fat Jimmy Amps vintage series 5f6-a w/ NOS parts,,1700.0,2025-08-22,2026-08-22
2024 Gibson CS 57 LP Custom 9lbs,,4200.0,2025-08-22,2026-08-22
strymon midnight big sky,,460.0,2025-08-22,2026-08-22
suhr discovery delay,,385.0,2025-08-22,2026-08-22
prescription electronics cob,,750.0,2025-08-22,2026-08-22
jackson belle starr,,85.0,2025-08-22,2026-08-22
jhs charlie brown v3 hand stamped,,150.0,2025-08-22,2026-08-22
catalinbread calisto mk ii,,110.0,2025-08-22,2026-08-22
catalinbread calisto mk ii,,110.0,2025-08-22,2026-08-22
catalibread valcoder trem,,75.0,2025-08-22,2026-08-22
jhs legend of fuzz berkeley,,90.0,2025-08-22,2026-08-22
zvex fuzz factory vexter,,120.0,2025-08-22,2026-08-22
beetronics zzombee filtremulator,,200.0,2025-08-22,2026-08-22
jackson amp mode,,60.0,2025-08-22,2026-08-22
jhs volture,,55.0,2025-08-22,2026-08-22
fuzz imp amity,,140.0,2025-08-22,2026-08-22
fulltone choralflange,,200.0,2025-08-22,2026-08-22
fuzz imp furia,,120.0,2025-08-22,2026-08-22
Strymon Flint v1,,235.0,2025-08-22,2026-08-22
Absolutely Analog Green Russian,,120.0,2025-08-22,2026-08-22
gizmotron 2.0,,120.0,2025-08-22,2026-08-22
gizmotron 2.0,,120.0,2025-08-22,2026-08-22
gizmotron 2.0,,120.0,2025-08-22,2026-08-22
ik axe i/o,,100.0,2025-08-22,2026-08-22
pedaltrain classic jr,,70.0,2025-08-22,2026-08-22
pirate midi bridge6 foot controller,,175.0,2025-08-22,2026-08-22
tonex one,,110.0,2025-08-22,2026-08-22
cioks dc7 power supply,,190.0,2025-08-22,2026-08-22
wampler ego compressr v2,,110.0,2025-08-22,2026-08-22
walrus audio canvas stereo dual line isolater / di box,,160.0,2025-08-22,2026-08-22
disaster area designs dpc.micro 3,,110.0,2025-08-22,2026-08-22
fractal vp4,,575.0,2025-08-22,2026-08-22
erupter ultimate fuzz tone,,75.0,2025-08-22,2026-08-22
chase bliss am overdrive,,375.0,2025-08-22,2026-08-22
pigtronix octava micro v2,,70.0,2025-08-22,2026-08-22
boss oc-3,,80.0,2025-08-22,2026-08-22
hotone soul press ii,,70.0,2025-08-22,2026-08-22
cioks crux power conventer,,50.0,2025-08-22,2026-08-22
d'addario xpnd noise isolater,,25.0,2025-08-22,2026-08-22
tc flashback,,75.0,2025-08-22,2026-08-22
morley volume plus,,70.0,2025-08-22,2026-08-22
tc corona chorus mini,,45.0,2025-08-22,2026-08-22
tc flashback mini,,50.0,2025-08-22,2026-08-22
ibanez mini chorus,,60.0,2025-08-22,2026-08-22
tone city angel wing,,35.0,2025-08-22,2026-08-22
palmer purifier,,20.0,2025-08-22,2026-08-22
favorite switch,,25.0,2025-08-22,2026-08-22
line 6 dl4 mkii,,160.0,2025-08-22,2026-08-22
jhs 424 gain stage,,190.0,2025-08-22,2026-08-22
boss dimension c waza,,150.0,2025-08-22,2026-08-22
stone deaf ep-1,,110.0,2025-08-22,2026-08-22
neunaber neuron,,125.0,2025-08-22,2026-08-22
kingsley juggler v3,,750.0,2025-08-22,2026-08-22
voodoo lab pedal power 2 plus,,80.0,2025-08-22,2026-08-22
walrus meraki stereo analog delay,,530.0,2025-08-22,2026-08-22
ehx deluxe memory man big box,,600.0,2025-08-22,2026-08-22
tc hall of fame,,70.0,2025-08-22,2026-08-22
tc hall of fame,,70.0,2025-08-22,2026-08-22
diamond memory lane jr,,170.0,2025-08-22,2026-08-22
ehx micro pog,,120.0,2025-08-22,2026-08-22
analogman king of tone v4,,675.0,2025-08-22,2026-08-22
analogman nkt275 white dot sun face,,1000.0,2025-08-22,2026-08-22
marshall drivemaster reissue,,80.0,2025-08-22,2026-08-22
marshall bluesbreaker reissue,,135.0,2025-08-22,2026-08-22
death by audio fuzz war,,105.0,2025-08-22,2026-08-22
friedman be-od,,90.0,2025-08-22,2026-08-22
catalinbread sts-88,,90.0,2025-08-22,2026-08-22
jimi hendrix fuzz face silicon,,110.0,2025-08-22,2026-08-22
catalinbread soft focus,,120.0,2025-08-22,2026-08-22
ibanez ts9,,70.0,2025-08-22,2026-08-22
catalinbread dreamcoat,,90.0,2025-08-22,2026-08-22
catalinbread bi cycle,,90.0,2025-08-22,2026-08-22
black mountain volume pedal,,100.0,2025-08-22,2026-08-22
mxr evh phase 90,,70.0,2025-08-22,2026-08-22
singular sound beat buddy mini 2,,90.0,2025-08-22,2026-08-22
line 6 pod express ultra compact,,85.0,2025-08-22,2026-08-22
all pedal love machine fuzz,,110.0,2025-08-22,2026-08-22
horizon devices precision drive,,150.0,2025-08-22,2026-08-22
boss fs-7,,45.0,2025-08-22,2026-08-22
boss sd-1,,45.0,2025-08-22,2026-08-22
lekato looper,,25.0,2025-08-22,2026-08-22
tonechain tc-1 tap tempo,,60.0,2025-08-22,2026-08-22
sonic fire distortion,,25.0,2025-08-22,2026-08-22
interplanetary blues drive,,25.0,2025-08-22,2026-08-22
marshall pedl-90010,,25.0,2025-08-22,2026-08-22
twin pedal twin looper,,35.0,2025-08-22,2026-08-22
twin pedal looper,,35.0,2025-08-22,2026-08-22
twin pedal looper,,35.0,2025-08-22,2026-08-22
m-vave mini efx,,25.0,2025-08-22,2026-08-22
movall interplanetary blues drive,,25.0,2025-08-22,2026-08-22
gokko plexi boy,,25.0,2025-08-22,2026-08-22
dunlop hendrix fuzz face,,105.0,2025-08-22,2026-08-22
jam expression pedal,,50.0,2025-08-22,2026-08-22
jam delay llama xtreme,,265.0,2025-08-22,2026-08-22
mu tron micro tron iv,,230.0,2025-08-22,2026-08-22
fulltone octafuzz,,110.0,2025-08-22,2026-08-22
mxr carbon copy,,70.0,2025-08-22,2026-08-22
origin effect cali76 bass,,260.0,2025-08-22,2026-08-22
ehx q tron +,,110.0,2025-08-22,2026-08-22
cornerstone gladio sc,,155.0,2025-08-22,2026-08-22
dr scientist dusk,,125.0,2025-08-22,2026-08-22
jackson audio new wave chorus,,175.0,2025-08-22,2026-08-22
london fuzz,,175.0,2025-08-22,2026-08-22
nyle compressor,,140.0,2025-08-22,2026-08-22
decibelics golden horse,,265.0,2025-08-22,2026-08-22
hudson broadcast,,210.0,2025-08-22,2026-08-22
ebs unichorus,,150.0,2025-08-22,2026-08-22
crybaby bass mini,,90.0,2025-08-22,2026-08-22
swart atomic boost,,130.0,2025-08-22,2026-08-22
aguilar grape phaser,,100.0,2025-08-22,2026-08-22
digitech expression factory,,135.0,2025-08-22,2026-08-22
roland ev-5,,40.0,2025-08-22,2026-08-22
zvex wooly  mammoth,,40.0,2025-08-22,2026-08-22
walrus audio red,,90.0,2025-08-22,2026-08-22
fulltone ocd v2,,105.0,2025-08-22,2026-08-22
mxr evh phase 90,,70.0,2025-08-22,2026-08-22
walrus audio fable,,185.0,2025-08-22,2026-08-22
mad professor 1,,90.0,2025-08-22,2026-08-22
fulltone ocd ge,,150.0,2025-08-22,2026-08-22
eqd bellows,,135.0,2025-08-22,2026-08-22
kink russian plague,,135.0,2025-08-22,2026-08-22
fulltone plimsoul mkii,,170.0,2025-08-22,2026-08-22
menatone red snapper ptp,,175.0,2025-08-22,2026-08-22
amptweaker tight metal,,100.0,2025-08-22,2026-08-22
mxr yjm308s,,150.0,2025-08-22,2026-08-22
analogman modded maxon sd-9,,190.0,2025-08-22,2026-08-22
thorpyfx the boneyard,,380.0,2025-08-22,2026-08-22
ramble fx twin bender -- v1 or v2?,,205.0,2025-08-22,2026-08-22
mxr bad ass distortion,,55.0,2025-08-22,2026-08-22
mooer pitch box,,35.0,2025-08-22,2026-08-22
digitech whammy iv,,130.0,2025-08-22,2026-08-22
digitech drop,,150.0,2025-08-22,2026-08-22
ehx b9,,130.0,2025-08-22,2026-08-22
boss dd-3t,,90.0,2025-08-22,2026-08-22
ehx pog mini,,125.0,2025-08-22,2026-08-22
keeley compressor,,90.0,2025-08-22,2026-08-22
strymon zuma,,200.0,2025-08-22,2026-08-22
boss ds-1,,40.0,2025-08-22,2026-08-22
tc polytune,,45.0,2025-08-22,2026-08-22
boss ch-1,,65.0,2025-08-22,2026-08-22
boss metal zone,,55.0,2025-08-22,2026-08-22
ehx big muff pi,,50.0,2025-08-22,2026-08-22
ehx soul food,,45.0,2025-08-22,2026-08-22
vox wah,,55.0,2025-08-22,2026-08-22
xotic sl drive,,65.0,2025-08-22,2026-08-22
uafx heavenly,,90.0,2025-08-22,2026-08-22
boss dd-8,,125.0,2025-08-22,2026-08-22
j rockett the dude,,110.0,2025-08-22,2026-08-22
boss ds-1,,40.0,2025-08-22,2026-08-22
mxr analog chorus,,50.0,2025-08-22,2026-08-22
fender flanger,,50.0,2025-08-22,2026-08-22
fender tonemaster pro,,1100.0,2025-08-22,2026-08-22
mission audio expression pedal,,90.0,2025-08-22,2026-08-22
ehx synth 9,,130.0,2025-08-22,2026-08-22
ehx slapback echo,,45.0,2025-08-22,2026-08-22
padded gator carrying case,,60.0,2025-08-22,2026-08-22
KMA Fuzzly Bear v1 silicon fuzz,,125.0,2025-08-22,2026-08-22
tc crescendo,,35.0,2025-08-22,2026-08-22
homestead ripple creek,,160.0,2025-08-22,2026-08-22
voodoo lab sparkle drive,,65.0,2025-08-22,2026-08-22
kma fuzzly bear 2,,150.0,2025-08-22,2026-08-22
way huge conspiracy theory,,85.0,2025-08-22,2026-08-22
catalinbread dirty little secret,,75.0,2025-08-22,2026-08-22
way huge overrated special,,150.0,2025-08-22,2026-08-22
homestead the preacher,,200.0,2025-08-22,2026-08-22
homestead the undertaker,,275.0,2025-08-22,2026-08-22
tc flashback x4,,130.0,2025-08-22,2026-08-22
boss dd-200,,175.0,2025-08-22,2026-08-22
boss md-200,,160.0,2025-08-22,2026-08-22
ehx pog 2,,220.0,2025-08-22,2026-08-22
boomerang 3 phrase sampler,,260.0,2025-08-22,2026-08-22
strymon mobius missing knob,,250.0,2025-08-22,2026-08-22
strymon big sky,,300.0,2025-08-22,2026-08-22
jhs double barrel,,240.0,2025-08-22,2026-08-22
walrus audio jupiter fuzz,,105.0,2025-08-22,2026-08-22
mission engineering volume pedal,,120.0,2025-08-22,2026-08-22
goodwood audio interface,Good,115.0,2025-08-22,2026-08-22
voodoo lab pedal power 2 plus,,115.0,2025-08-22,2026-08-22
voodoo lab pedal power 2 plus,,115.0,2025-08-22,2026-08-22
wampler ego compressor,,100.0,2025-08-22,2026-08-22
qtron +,,110.0,2025-08-22,2026-08-22
zvex double rock,,200.0,2025-08-22,2026-08-22
polytune2 noir,,60.0,2025-08-22,2026-08-22
boss ch-1,,70.0,2025-08-22,2026-08-22
boss rc-1,,65.0,2025-08-22,2026-08-22
boss oc-3,,85.0,2025-08-22,2026-08-22
ehx humdebugger,,85.0,2025-08-22,2026-08-22
sonicake vexpress,,25.0,2025-08-22,2026-08-22
bbe boosta grande,,35.0,2025-08-22,2026-08-22
kingsley bard v3,,275.0,2025-08-22,2026-08-22
kingsley page,,350.0,2025-08-22,2026-08-22
keeley compressor pro seafoam,,270.0,2025-08-22,2026-08-22
fulltone clyde deluxe,,150.0,2025-08-22,2026-08-22
1981 drv white,,160.0,2025-08-22,2026-08-22
boss ge-7 xts mod,,300.0,2025-08-22,2026-08-22
ehx small stone phaser,,130.0,2025-08-22,2026-08-22
nobels odr-1 gold,,185.0,2025-08-22,2026-08-22
boss ce-2,,200.0,2025-08-22,2026-08-22
ibanez ts808 keeley mod,,200.0,2025-08-22,2026-08-22
ibanez overdrive,,240.0,2025-08-22,2026-08-22
fulltone ocd,,115.0,2025-08-22,2026-08-22
mxr phase 90 vintage block,,110.0,2025-08-22,2026-08-22
boss bf-2 flanger,,115.0,2025-08-22,2026-08-22
pce aluminum falcon,,250.0,2025-08-22,2026-08-22
"analogman sunface bart/rca hybrid with led, sundial, top jacks, and dc",,285.0,2025-08-22,2026-08-22
analogman beano boost with on/off and dc jack,,225.0,2025-08-22,2026-08-22
BD-2w WAZA Blues Driver,,110.0,2025-08-22,2026-08-22
CS-2 Compression Sustainer,,110.0,2025-08-22,2026-08-22
DM-2w WAZA Delay,,100.0,2025-08-22,2026-08-22
DD-8 Digital Delay,,120.0,2025-08-22,2026-08-22
EH-2 Enhancer,,70.0,2025-08-22,2026-08-22
BF-2 Flanger,,110.0,2025-08-22,2026-08-22
FZ-1w WAZA Fuzz,,115.0,2025-08-22,2026-08-22
MO-2 Multi Overtone,,80.0,2025-08-22,2026-08-22
NF-1 Noise Fate,,65.0,2025-08-22,2026-08-22
OC-5 Octave,,110.0,2025-08-22,2026-08-22
OD-3 OverDrive,,75.0,2025-08-22,2026-08-22
PH-1r Phaser MIJ,,115.0,2025-08-22,2026-08-22
PS-5 Super Shifter,,90.0,2025-08-22,2026-08-22
SL-2 Slicer,,110.0,2025-08-22,2026-08-22
"SD-1 50-Anniversary Edition, and",,70.0,2025-08-22,2026-08-22
Boss DC-2 Digital Space -D,,210.0,2025-08-22,2026-08-22
NS-2 Noise Supressor,,60.0,2025-08-22,2026-08-22
TR-2 Tremolo,,60.0,2025-08-22,2026-08-22
darkglass vintage micro tubes,,135.0,2025-08-22,2026-08-22
darkglass x7,,190.0,2025-08-22,2026-08-22
dingwall / darkglass distortion,,140.0,2025-08-22,2026-08-22
source audio eq2,,190.0,2025-08-22,2026-08-22
proco rat kinnatone modded,,150.0,2025-08-22,2026-08-22
line 6 hx stomp,,450.0,2025-08-22,2026-08-22
sushi box neptunium,,310.0,2025-08-22,2026-08-22
nunez tetra fet',,225.0,2025-08-22,2026-08-22
eqd hummingbird,,85.0,2025-08-22,2026-08-22
ehx superego,,100.0,2025-08-22,2026-08-22
Fuzzhugger Scalable Pet,,150.0,2025-08-22,2026-08-22
TSVG Slow Ride Fuzz,,115.0,2025-08-22,2026-08-22
Byron Amps Breathe Vibe,,90.0,2025-08-22,2026-08-22
strymon big sky,,300.0,2025-08-22,2026-08-22
fender shields blender,,180.0,2025-08-22,2026-08-22
shin's music spectron octa fuzz green hammer,,300.0,2025-08-22,2026-08-22
nobels odr-1 modern,,75.0,2025-08-22,2026-08-22
amptek jet,,140.0,2025-08-22,2026-08-22
greer amps royal velvet,,140.0,2025-08-22,2026-08-22
xotic rc booster led at top,,190.0,2025-08-22,2026-08-22
greer amps ghetto stomp,,140.0,2025-08-22,2026-08-22
vemuram jan ray,,275.0,2025-08-22,2026-08-22
mxr custom badass 78 distortion,,40.0,2025-08-22,2026-08-22
maestro ranger overdrive,,50.0,2025-08-22,2026-08-22
"mxr phase 90 aman mod - true bypass, green led, volume trim pot, buffer, power jack & adds a knob",,200.0,2025-08-22,2026-08-22
2014 analogman beano boost,,215.0,2025-08-22,2026-08-22
2022 duke of tone,,80.0,2025-08-22,2026-08-22
wampler tumnus,,90.0,2025-08-22,2026-08-22
1999 fulltone fulldrive 2,,75.0,2025-08-22,2026-08-22
digitech 360xp,,70.0,2025-08-22,2026-08-22
holy grail reverb,,70.0,2025-08-22,2026-08-22
lr baggs para acoustic di,,100.0,2025-08-22,2026-08-22
mr black trance portal,,110.0,2025-08-22,2026-08-22
boss loop station rc30,,115.0,2025-08-22,2026-08-22
k&k sound pure preamp,,70.0,2025-08-22,2026-08-22
k&k sound pure preamp,,70.0,2025-08-22,2026-08-22
strymon big sky,,310.0,2025-08-22,2026-08-22
zoom street box sb 246,,260.0,2025-08-22,2026-08-22
digitech jam man vocal xt,,50.0,2025-08-22,2026-08-22
digitech jam man vocal xt,,50.0,2025-08-22,2026-08-22
hotone octa octave,,50.0,2025-08-22,2026-08-22
tc ditto looper,,45.0,2025-08-22,2026-08-22
boss ds-1,,40.0,2025-08-22,2026-08-22
mxr phase 90,,55.0,2025-08-22,2026-08-22
ibanez tube screamer mini,,45.0,2025-08-22,2026-08-22
dunlop cry baby,,50.0,2025-08-22,2026-08-22
morley little alligator,,40.0,2025-08-22,2026-08-22
mxr bass di+,,100.0,2025-08-22,2026-08-22
boss ce-2w,,160.0,2025-08-22,2026-08-22
big box ehx the worm,,90.0,2025-08-22,2026-08-22
ehx deluxe  electric mistress,,185.0,2025-08-22,2026-08-22
Electronic Audio Experiments Model feT - Limited Edition Blackout,,200.0,2025-08-22,2026-08-22
Karma ODR-10,,140.0,2025-08-22,2026-08-22
Xotic BB Preamp,,100.0,2025-08-22,2026-08-22
Lovepedal Tchula - Gold,,110.0,2025-08-22,2026-08-22
Lovepedal Tchula - Black Mamba,,110.0,2025-08-22,2026-08-22
Fulltone ’69 V1 - NKT275 Transistors - Good,Good,315.0,2025-08-22,2026-08-22
Lofi Mind One Bender,,300.0,2025-08-22,2026-08-22
Mask Audio Electronics TItan,,100.0,2025-08-22,2026-08-22
Pine Box Customs Deep V1,,80.0,2025-08-22,2026-08-22
Caroline Kilobyte,,185.0,2025-08-22,2026-08-22
"Chase Bliss Mood V1 Limited Edition of 20, Acid Etched",Mint,500.0,2025-08-22,2026-08-22
Chase Bliss Mood V2 Limited Edition Anniversary Graphic,,450.0,2025-08-22,2026-08-22
Chase Bliss Thermae,,385.0,2025-08-22,2026-08-22
DOD Rubberneck,,170.0,2025-08-22,2026-08-22
Effectrode Tube-Vibe,,310.0,2025-08-22,2026-08-22
Fairfield Circuitry Shallow Water,Fair,240.0,2025-08-22,2026-08-22
Cooper FX Expression Generator,Mint,100.0,2025-08-22,2026-08-22
Cooper FX Signal Path Selector,Mint,165.0,2025-08-22,2026-08-22
UAFX Ruby,,190.0,2025-08-22,2026-08-22
UAFX Del-Verb,,225.0,2025-08-22,2026-08-22
Strymon El Capistan v2,,270.0,2025-08-22,2026-08-22
Free the Tone Ambi Space AS-1R,,240.0,2025-08-22,2026-08-22
Hudson Broadcast Dual Footswitch,,190.0,2025-08-22,2026-08-22
Crazy Tube Circuits White Whale,,260.0,2025-08-22,2026-08-22
MXR Carbon Copy,,75.0,2025-08-22,2026-08-22
MXR Phase 95,,65.0,2025-08-22,2026-08-22
bogner ecstasy 50 3534,,1775.0,2025-08-22,2026-08-22
vht pitbull clx 100,,1400.0,2025-08-22,2026-08-22
4x12 fatbottom cab,,435.0,2025-08-22,2026-08-22
strymon flint v1,,255.0,2025-08-22,2026-08-22
mxr phase 90,,85.0,2025-08-22,2026-08-22
1987 Proco RAT,,285.0,2025-08-22,2026-08-22
fender modern player ii tele w/ humbuckers,,600.0,2025-08-22,2026-08-22
xotic ac booster,,90.0,2025-08-22,2026-08-22
ibanez ts808 analogman mod,,200.0,2025-08-22,2026-08-22
xotic bb preamp,,110.0,2025-08-22,2026-08-22
xotic bb preamp,,110.0,2025-08-22,2026-08-22
xotic rc booster,,165.0,2025-08-22,2026-08-22
xotic rc booster,,165.0,2025-08-22,2026-08-22
boss sd-1,,45.0,2025-08-22,2026-08-22
j rockett gto,,75.0,2025-08-22,2026-08-22
j rockett gto,,75.0,2025-08-22,2026-08-22
ibanez ts9,,70.0,2025-08-22,2026-08-22
ibanez ts9,,70.0,2025-08-22,2026-08-22
ibanez ts9,,70.0,2025-08-22,2026-08-22
ibanez ts9,,70.0,2025-08-22,2026-08-22
j rockett guthrie trapp,,110.0,2025-08-22,2026-08-22
xotic rc booster scott henderson sig,,150.0,2025-08-22,2026-08-22
two rock string driver 1x12,,700.0,2025-08-22,2026-08-22
arion sch-zd stereo chorus,,65.0,2025-08-22,2026-08-22
analogman boss sd-9,,215.0,2025-08-22,2026-08-22
AXSGTR obvious boost,,130.0,2025-08-22,2026-08-22
analogman boss sd-9 w/ bad bob boost,,270.0,2025-08-22,2026-08-22
boss rt-2,,175.0,2025-08-22,2026-08-22
chase bliss brothers am,,340.0,2025-08-22,2026-08-22
rainger fx dee space pulsar,,130.0,2025-08-22,2026-08-22
chase bliss mood v1,,250.0,2025-08-22,2026-08-22
revv tilt boost,,110.0,2025-08-22,2026-08-22
chase bliss onward,,335.0,2025-08-22,2026-08-22
cusack music project 34,,135.0,2025-08-22,2026-08-22
chase bliss clean,,340.0,2025-08-22,2026-08-22
non human audio ram,,75.0,2025-08-22,2026-08-22
crazy tube circuits unobtanium,,200.0,2025-08-22,2026-08-22
diamond comp / eq,,165.0,2025-08-22,2026-08-22
dan drive secret machine,,375.0,2025-08-22,2026-08-22
jackson audio bloom,,165.0,2025-08-22,2026-08-22
kingsley artisan,,450.0,2025-08-22,2026-08-22
jam pedals eureka,,150.0,2025-08-22,2026-08-22
kingsley peasant,,220.0,2025-08-22,2026-08-22
jhs emperor v2,,130.0,2025-08-22,2026-08-22
kingsley squire,,335.0,2025-08-22,2026-08-22
keeley katana,,120.0,2025-08-22,2026-08-22
kingtone octaland v1,,350.0,2025-08-22,2026-08-22
keeley manis,,125.0,2025-08-22,2026-08-22
origin effects m-eq,,200.0,2025-08-22,2026-08-22
mythos luxury drive,,85.0,2025-08-22,2026-08-22
oto machines bam,,435.0,2025-08-22,2026-08-22
non human audio ram,,75.0,2025-08-22,2026-08-22
oto machines boum,,485.0,2025-08-22,2026-08-22
rainger fx dee space pulsar,,130.0,2025-08-22,2026-08-22
strymon dig v2,,235.0,2025-08-22,2026-08-22
revv tilt boost,,110.0,2025-08-22,2026-08-22
mythos fates,,150.0,2025-08-22,2026-08-22
mythos luxury drive,,85.0,2025-08-22,2026-08-22
analogman boss ge-7,,285.0,2025-08-22,2026-08-22
analogman boss geb-7,,225.0,2025-08-22,2026-08-22
abasi micro aggressor compressor,,185.0,2025-08-22,2026-08-22
wampler ratsbane,,75.0,2025-08-22,2026-08-22
ua teletronix,,100.0,2025-08-22,2026-08-22
boss ge-7,,80.0,2025-08-22,2026-08-22
keeley compressor 4 knob,,75.0,2025-08-22,2026-08-22
digitech jam man express,,40.0,2025-08-22,2026-08-22
Supro Harmonic Tremolo,,120.0,2025-08-22,2026-08-22
JHS Morning Glory V4,,135.0,2025-08-22,2026-08-22
MXR Timmy,,85.0,2025-08-22,2026-08-22
TC Electronic Sub N’ Up,,65.0,2025-08-22,2026-08-22
MXR Sugar Drive,,65.0,2025-08-22,2026-08-22
BOSS PH-3,,60.0,2025-08-22,2026-08-22
Ibanez Tremolo Mini,,60.0,2025-08-22,2026-08-22
Ibanez Tube Screamer TS-9,,70.0,2025-08-22,2026-08-22
Boss Line Selector LS-2,,75.0,2025-08-22,2026-08-22
Boss Graphic Equalizer EQ-200,,170.0,2025-08-22,2026-08-22
Marshall Distortion Pedal 1959 Super Lead,,110.0,2025-08-22,2026-08-22
Marshall JVM Distortion & Noise Gate Pedal,,110.0,2025-08-22,2026-08-22
"DigiTech SDRUM Strummable Drums with power, midi cable",,125.0,2025-08-22,2026-08-22
Cry Baby “Wah-Wah”,,40.0,2025-08-22,2026-08-22
Boss Dual Foot Switch FS-6,,45.0,2025-08-22,2026-08-22
DigiTech FS3X Foot Switch Pedal,,25.0,2025-08-22,2026-08-22
Science mother,,200.0,2025-08-22,2026-08-22
OBNE dark star stereo,,220.0,2025-08-22,2026-08-22
OBNE black fountain stereo,,200.0,2025-08-22,2026-08-22
UA ox stomp,,215.0,2025-08-22,2026-08-22
MXR joshua ambient echo,,145.0,2025-08-22,2026-08-22
tc 2290 delay,,220.0,2025-08-22,2026-08-22
strymon flint v2,,275.0,2025-08-22,2026-08-22
proco white rat,,135.0,2025-08-22,2026-08-22
strymon ola,,180.0,2025-08-22,2026-08-22
fender cs strat 60 HREL,,2700.0,2025-08-22,2026-08-22
original mutron phasor 2,,300.0,2025-08-22,2026-08-22
mosrite fuzzrite,,375.0,2025-08-22,2026-08-22
ehx bass balls,,85.0,2025-08-22,2026-08-22
boss ce-5,,65.0,2025-08-22,2026-08-22
tc mic mechanic gen 1,,90.0,2025-08-22,2026-08-22
ibanez ts9,,70.0,2025-08-22,2026-08-22
eqd hizumitas,,120.0,2025-08-22,2026-08-22
sushi box handwired underground accelerator,,150.0,2025-08-22,2026-08-22
loop master 6 loop switcher,,70.0,2025-08-22,2026-08-22
mxr blue box,,290.0,2025-08-22,2026-08-22
mxr phase 90,,300.0,2025-08-22,2026-08-22
ibanez cp9,,75.0,2025-08-22,2026-08-22
ibanez ge-601 graphic eq,,110.0,2025-08-22,2026-08-22
boss ch-1,,65.0,2025-08-22,2026-08-22
dod fx10 bi-fet preamp,,75.0,2025-08-22,2026-08-22
martin pro-eq,,55.0,2025-08-22,2026-08-22
dod fx80-b,,50.0,2025-08-22,2026-08-22
boss tu-2,,40.0,2025-08-22,2026-08-22
boss ds-1,,40.0,2025-08-22,2026-08-22
morley wah volume chrome,,50.0,2025-08-22,2026-08-22
dunlop jh-1,,60.0,2025-08-22,2026-08-22
digitech whammy iv,,140.0,2025-08-22,2026-08-22
dunlop crybaby bass wah,,70.0,2025-08-22,2026-08-22
line 6 m5 modeler,,100.0,2025-08-22,2026-08-22
mxr mini compressor,,60.0,2025-08-22,2026-08-22
corona mini chorus,,50.0,2025-08-22,2026-08-22
Line 6 Pod prox rack unit and floor board,,200.0,2025-08-22,2026-08-22
mr black eterna,,100.0,2025-08-22,2026-08-22
octonaut hyperdrive,,115.0,2025-08-22,2026-08-22
mad professor 1,,100.0,2025-08-22,2026-08-22
keeley phaser,,125.0,2025-08-22,2026-08-22
keeley red dirt overdrive,,80.0,2025-08-22,2026-08-22
analogman chorus,,210.0,2025-08-22,2026-08-22
modtone tremor,,35.0,2025-08-22,2026-08-22
unknown king of tone copy,,60.0,2025-08-22,2026-08-22
klon copy,,60.0,2025-08-22,2026-08-22
Boss DD 5 with tap tempo,,85.0,2025-08-22,2026-08-22
EHX Big Muff,,65.0,2025-08-22,2026-08-22
EHX Oceans 11,,100.0,2025-08-22,2026-08-22
EHX Oceans 11,,100.0,2025-08-22,2026-08-22
Orange Acoustc pedal,,90.0,2025-08-22,2026-08-22
Danelecto tremelo the filthy rich edition,,40.0,2025-08-22,2026-08-22
NUX   CH 3 chorus,,25.0,2025-08-22,2026-08-22
Hughes n Kettner Red Box mark3,,50.0,2025-08-22,2026-08-22
keeley bass compressor,,110.0,2025-08-22,2026-08-22
darkglass harmonic booster,,130.0,2025-08-22,2026-08-22
boss sy-1,,120.0,2025-08-22,2026-08-22
boss fz-5,,65.0,2025-08-22,2026-08-22
boss bd-2,,70.0,2025-08-22,2026-08-22
boss ac-3,,65.0,2025-08-22,2026-08-22
boss tu-3,,65.0,2025-08-22,2026-08-22
guyatone mc3,,70.0,2025-08-22,2026-08-22
boss rv-6,,90.0,2025-08-22,2026-08-22
boss ch-1,,70.0,2025-08-22,2026-08-22
boss ph-3,,65.0,2025-08-22,2026-08-22
boss bf-3,,75.0,2025-08-22,2026-08-22
boss oc-5,,110.0,2025-08-22,2026-08-22
boss dd-8,,125.0,2025-08-22,2026-08-22
boss aw-3,,70.0,2025-08-22,2026-08-22
boss sd-1,,45.0,2025-08-22,2026-08-22
mxr ten band eq,,90.0,2025-08-22,2026-08-22
keeley compressor 4 knob,,80.0,2025-08-22,2026-08-22
mad professor 1,,90.0,2025-08-22,2026-08-22
ehx b9,,130.0,2025-08-22,2026-08-22
bbe acoustimax,,100.0,2025-08-22,2026-08-22
time pro delay classic,,60.0,2025-08-22,2026-08-22
mxr phase 90,,55.0,2025-08-22,2026-08-22
big dipper pitch shifter,,45.0,2025-08-22,2026-08-22
mad driver od-10 baby boom,,30.0,2025-08-22,2026-08-22
demonfx tube screamer,,25.0,2025-08-22,2026-08-22
korg pitchblack,,35.0,2025-08-22,2026-08-22
visual sound route 66,,55.0,2025-08-22,2026-08-22
baby boom tri reverb,,35.0,2025-08-22,2026-08-22
tc corona chorus,,55.0,2025-08-22,2026-08-22
ehx big muff,,70.0,2025-08-22,2026-08-22
boss bd-2,,70.0,2025-08-22,2026-08-22
vintage technology orange sunshine,,115.0,2025-08-22,2026-08-22
ehx deluxe memory man,,650.0,2025-08-22,2026-08-22
mythos golden fleece,,90.0,2025-08-22,2026-08-22
wes jeans fire,,175.0,2025-08-22,2026-08-22
sioux guitars villa ave,,90.0,2025-08-22,2026-08-22
lovepedal musette 5012,,120.0,2025-08-22,2026-08-22
mjm foxey fuzz,,150.0,2025-08-22,2026-08-22
Ehx superego+,,175.0,2025-08-22,2026-08-22
Ehx attack decay,,90.0,2025-08-22,2026-08-22
Ehx pitchfork,,105.0,2025-08-22,2026-08-22
Tc electronics mimic,,75.0,2025-08-22,2026-08-22
Boss slicer,,115.0,2025-08-22,2026-08-22
Source Audio Multiwave distortion,,80.0,2025-08-22,2026-08-22
Way huge Atreides,,135.0,2025-08-22,2026-08-22
Walrus Audio Slo,,130.0,2025-08-22,2026-08-22
Hologram dream sequence,,200.0,2025-08-22,2026-08-22
Hologram microcosm,,375.0,2025-08-22,2026-08-22
Chase Bliss Mood,,265.0,2025-08-22,2026-08-22
Bbe sonic stomp,,55.0,2025-08-22,2026-08-22
Chase Bliss Condor HiFi,,335.0,2025-08-22,2026-08-22
Chase Bliss Warped Vinyl HIFi,,300.0,2025-08-22,2026-08-22
Chase Bliss Dark World,,275.0,2025-08-22,2026-08-22
Pedal Pawn Gypsy Vibe v2,,390.0,2025-08-22,2026-08-22
Beetronics Whoctahell v1,,100.0,2025-08-22,2026-08-22
Beetronics Buzzter,,110.0,2025-08-22,2026-08-22
karma mtn-10,,140.0,2025-08-22,2026-08-22
revv g2 gold,,90.0,2025-08-22,2026-08-22
revv g3,,110.0,2025-08-22,2026-08-22
tech 21 blonde,,115.0,2025-08-22,2026-08-22
victory v4 the copper preamp,,265.0,2025-08-22,2026-08-22
boss sd-1,,45.0,2025-08-22,2026-08-22
ehx soul food,,45.0,2025-08-22,2026-08-22
Vahlbruch chorus,,170.0,2025-08-22,2026-08-22
Suhr mini mix,,90.0,2025-08-22,2026-08-22
diamondvibrato v2 ltd brown,,250.0,2025-08-22,2026-08-22
freethetone ambispace,,250.0,2025-08-22,2026-08-22
Fender AVRI Tele W/ Spruce top owned by EVH,,3000.0,2025-08-22,2026-08-22
4x EVH owned Celestian Speakers,,2000.0,2025-08-22,2026-08-22
xotic AC Plus,,90.0,2025-08-22,2026-08-22
Carl Martin 3 Band Parametric pre-amp,,110.0,2025-08-22,2026-08-22
mxr blue box,,55.0,2025-08-22,2026-08-22
hardwire dl-8 delay / looper,,75.0,2025-08-22,2026-08-22
ibanez ts9,,70.0,2025-08-22,2026-08-22
boss bd-2,,70.0,2025-08-22,2026-08-22
keeley mini comp,,70.0,2025-08-22,2026-08-22
fulltone full drive 2 mosfet,,90.0,2025-08-22,2026-08-22
bbe sonic stomp,,50.0,2025-08-22,2026-08-22
voodoo lab pedal power x8,,110.0,2025-08-22,2026-08-22
line 6 helix blue,,800.0,2025-08-22,2026-08-22
line 6 helix lt,,600.0,2025-08-22,2026-08-22
zoom multi stomp ms-50g,,75.0,2025-08-22,2026-08-22
mxr raw dawg overdrive,,55.0,2025-08-22,2026-08-22
nux steel string singer,,25.0,2025-08-22,2026-08-22
seymour duncan pickup booster,,30.0,2025-08-22,2026-08-22
catalinbread formula 51,,90.0,2025-08-22,2026-08-22
jhs little black box,,45.0,2025-08-22,2026-08-22
jhs legends of fuzz mary-k,,100.0,2025-08-22,2026-08-22
green screamer overdrivve,,30.0,2025-08-22,2026-08-22
marshall shredmaster,,140.0,2025-08-22,2026-08-22
lekato loop station moo7775,,30.0,2025-08-22,2026-08-22
fender smolder acoustic od,,105.0,2025-08-22,2026-08-22
lekato black tank distortion,,35.0,2025-08-22,2026-08-22
band of gypsies,,85.0,2025-08-22,2026-08-22
fender hammertone reverb,,50.0,2025-08-22,2026-08-22
uafx orion,,80.0,2025-08-22,2026-08-22
lekato screamer overdrive,,25.0,2025-08-22,2026-08-22
source audio dual expression,,70.0,2025-08-22,2026-08-22
onstage mini pedal tuner,,25.0,2025-08-22,2026-08-22
allpedal galactavise compressor,,85.0,2025-08-22,2026-08-22
airturn ped500 bluetooth,,40.0,2025-08-22,2026-08-22
mr black bb-74x,,75.0,2025-08-22,2026-08-22
competition series fender drive,,25.0,2025-08-22,2026-08-22
zoom ms-80 ir +,,80.0,2025-08-22,2026-08-22
fender chorus competition series,,40.0,2025-08-22,2026-08-22
zoom multistomp ms-50g,,70.0,2025-08-22,2026-08-22
cry baby 3550,,50.0,2025-08-22,2026-08-22
greer southland,,155.0,2025-08-22,2026-08-22
valeton gp5,,60.0,2025-08-22,2026-08-22
marshall distortion 1959 super lead,,100.0,2025-08-22,2026-08-22
chicago root blues pedal,,50.0,2025-08-22,2026-08-22
freer black mountain,,100.0,2025-08-22,2026-08-22
zoom g1x,,40.0,2025-08-22,2026-08-22
oce clapton is god,,85.0,2025-08-22,2026-08-22
lekato loop stage,,30.0,2025-08-22,2026-08-22
all pedal microdose phaser,,190.0,2025-08-22,2026-08-22
dean pt-13 chromatic tuner,,25.0,2025-08-22,2026-08-22
catalinbread proto-227 tritone,,140.0,2025-08-22,2026-08-22
marshall effects channel switcher,,20.0,2025-08-22,2026-08-22
catalinbread rah,,100.0,2025-08-22,2026-08-22
lekato blues breaker mini pedal,,25.0,2025-08-22,2026-08-22
harmonica pedals lonewolf,,85.0,2025-08-22,2026-08-22
valeton damper minni delay / chorus,,40.0,2025-08-22,2026-08-22
catalinbread sabbra cadabra,,100.0,2025-08-22,2026-08-22
boss cs-3,,60.0,2025-08-22,2026-08-22
zoom a1x,,75.0,2025-08-22,2026-08-22
outlaw effects deputy marshall distortion,,25.0,2025-08-22,2026-08-22
fulltone 69 mkii,,115.0,2025-08-22,2026-08-22
boss tr-2,,65.0,2025-08-22,2026-08-22
mesa grid slammer,,115.0,2025-08-22,2026-08-22
mxr m78 custom badass 78,,45.0,2025-08-22,2026-08-22
death by audio absolute destruction,,100.0,2025-08-22,2026-08-22
ehx metal muff,,45.0,2025-08-22,2026-08-22
line 6 pod express bass,,90.0,2025-08-22,2026-08-22
ehx nano looper,,50.0,2025-08-22,2026-08-22
okko jk-60,,150.0,2025-08-22,2026-08-22
positive grid spark battery,,40.0,2025-08-22,2026-08-22
mxr distortion + randy rhoades,,140.0,2025-08-22,2026-08-22
mesa goldmine,,90.0,2025-08-22,2026-08-22
mesa flux drive,,85.0,2025-08-22,2026-08-22
stone deaf noise repeater,,145.0,2025-08-22,2026-08-22
walrus sloer,,205.0,2025-08-22,2026-08-22
interstellar audio machines,,85.0,2025-08-22,2026-08-22
pedal pawn texas twang,,180.0,2025-08-22,2026-08-22
keeley compressor,,80.0,2025-08-22,2026-08-22
wampler euphoria,,90.0,2025-08-22,2026-08-22
wampler faux tape echo,,80.0,2025-08-22,2026-08-22
1980 ehx big muff,,350.0,2025-08-22,2026-08-22
fulltone ocd,,115.0,2025-08-22,2026-08-22
SolidGoldFX NU-33,,150.0,2025-08-22,2026-08-22
Mr. Black BB-74X,,75.0,2025-08-22,2026-08-22
EQD Plumes,,75.0,2025-08-22,2026-08-22
Soldano Super Lead Overdrive,,125.0,2025-08-22,2026-08-22
EQD Blumes,,120.0,2025-08-22,2026-08-22
LCO Industries Month/Day/Year,,135.0,2025-08-22,2026-08-22
Keeley Halo,,175.0,2025-08-22,2026-08-22
TC Electronic HOF reverb mini,,40.0,2025-08-22,2026-08-22
Sonicake Pocket Master,,45.0,2025-08-22,2026-08-22
Nobels ODR mini 2,,55.0,2025-08-22,2026-08-22
cornish nb-3 tm,,375.0,2025-08-22,2026-08-22
dcw odr mod blackout edition,,150.0,2025-08-22,2026-08-22
cornish p-2 tm deluxe series,,675.0,2025-08-22,2026-08-22
cornish oc-1 tm,,450.0,2025-08-22,2026-08-22
kraucyk effect pedals classic distortion,,65.0,2025-08-22,2026-08-22
shins music dumbloid twin black hammer,,650.0,2025-08-22,2026-08-22
Blammo Slob,,100.0,2025-08-22,2026-08-22
apollo approved buckartie boo,,350.0,2025-08-22,2026-08-22
line 6 mission sp1-l6 expression pedal,,100.0,2025-08-22,2026-08-22
dunlop volume x mini pedal,,75.0,2025-08-22,2026-08-22
blackstar live logic usb midi controller,,90.0,2025-08-22,2026-08-22
nux stageman floor acoustic preamp,,90.0,2025-08-22,2026-08-22
dod stereo flanger fx75b,,65.0,2025-08-22,2026-08-22
disaster area designs dmc mico gen 1,,70.0,2025-08-22,2026-08-22
tech 21 midi mongoose,,80.0,2025-08-22,2026-08-22
tc helicon perfom v,,150.0,2025-08-22,2026-08-22
tc helicon voicelive play,,175.0,2025-08-22,2026-08-22
tc helicon voicelive 3 multi,,325.0,2025-08-22,2026-08-22
line 6 hx stomp,,460.0,2025-08-22,2026-08-22
donner aby box,,25.0,2025-08-22,2026-08-22
donner tutti love nano chorus,,25.0,2025-08-22,2026-08-22
rowin noise gate,,25.0,2025-08-22,2026-08-22
donner viper mini volume / expression pedal,,25.0,2025-08-22,2026-08-22
behringer ultra-di di20 active di box / splitter,,25.0,2025-08-22,2026-08-22
donner booster nano pedal,,25.0,2025-08-22,2026-08-22
danelectro cool cat stereo,,55.0,2025-08-22,2026-08-22
tc helicon switch 6,,40.0,2025-08-22,2026-08-22
korg pitchblack advance tuner,,40.0,2025-08-22,2026-08-22
Ditto x2 looper,,100.0,2025-08-22,2026-08-22
Vertex Steel String Supreme SSS SRV Mini Slight Return Version,,100.0,2025-08-22,2026-08-22
octanaut hyperdrive,,115.0,2025-08-22,2026-08-22
pedal pawn texas twang,,180.0,2025-08-22,2026-08-22
Ulooper for spark,,60.0,2025-08-22,2026-08-22
line 6 dl4,,110.0,2025-08-22,2026-08-22
ibanez ad-9 reissue,,100.0,2025-08-22,2026-08-22
wampler tumnus mini,,90.0,2025-08-22,2026-08-22
bk butler tube driver,,220.0,2025-08-22,2026-08-22
Xotic SP Compressor,,75.0,2025-08-22,2026-08-22
jetter monster 2 button overdrive,,100.0,2025-08-22,2026-08-22
Xotic Super Sweet Boost,,75.0,2025-08-22,2026-08-22
Wampler Belle Overdrive,,90.0,2025-08-22,2026-08-22
Mr. Black mini Tremolo,,75.0,2025-08-22,2026-08-22
NUX Edge Delay,,50.0,2025-08-22,2026-08-22
seeker ram's head big muff,,315.0,2025-08-22,2026-08-22
frantone peach fuzz,,380.0,2025-08-22,2026-08-22
nobels odr-1 ltd edition,,110.0,2025-08-22,2026-08-22
3leaf audio proton,,265.0,2025-08-22,2026-08-22
fjord fuzz odin iii,,165.0,2025-08-22,2026-08-22
fjord fuzz odin iii,,165.0,2025-08-22,2026-08-22
boss ce-2 mij,,215.0,2025-08-22,2026-08-22
strymon flint v1,,245.0,2025-08-22,2026-08-22
neo mini vent,,260.0,2025-08-22,2026-08-22
90’s DOD milk box compressor,,105.0,2025-08-22,2026-08-22
UAD starlight tape delay,,185.0,2025-08-22,2026-08-22
Strymon Ojai with expansion unit and all cables,,160.0,2025-08-22,2026-08-22
Wilson mini wah,,85.0,2025-08-22,2026-08-22
disaster area midi controller dmc,,75.0,2025-08-22,2026-08-22
Dunlop Joe Bonamassa Wah,,90.0,2025-08-22,2026-08-22
MR black mini chorus,,90.0,2025-08-22,2026-08-22
Wet reverb V1,,120.0,2025-08-22,2026-08-22
EP booster,,75.0,2025-08-22,2026-08-22
mutron micro v,,370.0,2025-08-22,2026-08-22
korg pitchblack advance tuner,,40.0,2025-08-22,2026-08-22
ehx bass bif muff,,60.0,2025-08-22,2026-08-22
ernie ball volume pedal,,50.0,2025-08-22,2026-08-22
donner verb square,,25.0,2025-08-22,2026-08-22
ehx bass clone,,55.0,2025-08-22,2026-08-22
behringer cs400,,25.0,2025-08-22,2026-08-22
ART accessories splitcom pro,,25.0,2025-08-22,2026-08-22
ehx pitch fork,,115.0,2025-08-22,2026-08-22
boss ve-1,,110.0,2025-08-22,2026-08-22
tc tube pilot,,50.0,2025-08-22,2026-08-22
ec reverb,,25.0,2025-08-22,2026-08-22
nux plexi crunch,,30.0,2025-08-22,2026-08-22
tomsline vintage overdrive,,25.0,2025-08-22,2026-08-22
jam rattler,,175.0,2025-08-22,2026-08-22
boss ge-7,,85.0,2025-08-22,2026-08-22
warm audio odd,,70.0,2025-08-22,2026-08-22
dunlop univibe,,165.0,2025-08-22,2026-08-22
tech 21 sansamp acoustic di,,120.0,2025-08-22,2026-08-22
tech 21 sansamp gt2,,120.0,2025-08-22,2026-08-22
skinpimp MK1 fuzz,,215.0,2025-08-22,2026-08-22
eventide space,,275.0,2025-08-22,2026-08-22
dod fx7,,25.0,2025-08-22,2026-08-22
ehx nano stone,,50.0,2025-08-22,2026-08-22
digitech main squeeze,,45.0,2025-08-22,2026-08-22
walrus audio canvas power 15,,190.0,2025-08-22,2026-08-22
collision devices crushturnal,,275.0,2025-08-22,2026-08-22
bondi effects squish as,,200.0,2025-08-22,2026-08-22
walrus audio lore,,170.0,2025-08-22,2026-08-22
walrus audio qi etherealizer,,325.0,2025-08-22,2026-08-22
ehx freeze,,100.0,2025-08-22,2026-08-22
peterson strobo stomp,,100.0,2025-08-22,2026-08-22
spruce effects the arborist,,100.0,2025-08-22,2026-08-22
walrus audio d1,,135.0,2025-08-22,2026-08-22
kenton thru-5,,50.0,2025-08-22,2026-08-22
aguilar tlc compressor,,90.0,2025-08-22,2026-08-22
aguilar octamizer,,100.0,2025-08-22,2026-08-22
aguilar filter twin,,125.0,2025-08-22,2026-08-22
jhs pulp n peel,,165.0,2025-08-22,2026-08-22
aguilar tone hammer,,220.0,2025-08-22,2026-08-22
spruce effects mt hood,,85.0,2025-08-22,2026-08-22
pinebox customs sirens v1,,125.0,2025-08-22,2026-08-22
pine box customs tall,,80.0,2025-08-22,2026-08-22
dead pedals mouseleum,,75.0,2025-08-22,2026-08-22
Fulltone ABY-HT from Custom Shop from the Mike Days,,160.0,2025-08-22,2026-08-22
Fulltone Plimsoul,,80.0,2025-08-22,2026-08-22
"Lovepedal Amp 11, 15th anniversary",,115.0,2025-08-22,2026-08-22
Lovepedal Englishman,,85.0,2025-08-22,2026-08-22
Dr Z Zdrive,,175.0,2025-08-22,2026-08-22
Wampler Germanium Tumnus,,260.0,2025-08-22,2026-08-22
Wampler Germanium Tumnus Deluxe,,315.0,2025-08-22,2026-08-22
1967 fender bandmaster,,850.0,2025-08-22,2026-08-22
vox ac50 head mid 60s,,1500.0,2025-08-22,2026-08-22
2000 Gibson Les Paul 57 Historic Reissue Goldtop,,3300.0,2025-08-22,2026-08-22
cornerstone antique,,140.0,2025-08-22,2026-08-22
kingtone mini fuzz,,230.0,2025-08-22,2026-08-22
vertex boost,,150.0,2025-08-22,2026-08-22
ua galaxy,,185.0,2025-08-22,2026-08-22
cornerstone gladio,,160.0,2025-08-22,2026-08-22
kingtone duellist,,275.0,2025-08-22,2026-08-22
ua astra,,170.0,2025-08-22,2026-08-22
ua woodrow,,185.0,2025-08-22,2026-08-22
ua starlight,,180.0,2025-08-22,2026-08-22
ua golden,,215.0,2025-08-22,2026-08-22
hotone soul press,,75.0,2025-08-22,2026-08-22
lexicon lxp-1,,110.0,2025-08-22,2026-08-22
ibanez pc10,,110.0,2025-08-22,2026-08-22
Hotone Soul Press II,,75.0,2025-08-22,2026-08-22
Fulltone Secret Freq,,120.0,2025-08-22,2026-08-22
Fulltone Full Drive 3,,170.0,2025-08-22,2026-08-22
Wampler Tumnus,,100.0,2025-08-22,2026-08-22
Catalinbread Talisman,,110.0,2025-08-22,2026-08-22
Pigtronix Echolution filter pro 2 w/ control remote switch,,180.0,2025-08-22,2026-08-22
EQD Tone Reaper,,240.0,2025-08-22,2026-08-22
AM Beano Boost mini,,200.0,2025-08-22,2026-08-22
Shure GLXD16 Wireless system,,300.0,2025-08-22,2026-08-22
Boss TU-3,,60.0,2025-08-22,2026-08-22
Polytune 3 mini noir,,50.0,2025-08-22,2026-08-22
(external 2 switch remote),,40.0,2025-08-22,2026-08-22
Friedman no more tears wah,,90.0,2025-08-22,2026-08-22
nobels odr-1 bc,,70.0,2025-08-22,2026-08-22
retro sonic flanger,,135.0,2025-08-22,2026-08-22
mxr phase 90 script,,70.0,2025-08-22,2026-08-22
mxr phase 90 custom art,,80.0,2025-08-22,2026-08-22
dinosaural cogmeister,,300.0,2025-08-22,2026-08-22
boss bf-3,,80.0,2025-08-22,2026-08-22
boss ch-1,,70.0,2025-08-22,2026-08-22
ehx pulsar nano tremolo,,60.0,2025-08-22,2026-08-22
sddrum pedal,,120.0,2025-08-22,2026-08-22
breiter audio Crustacean fuzz,,50.0,2025-08-22,2026-08-22
keeley aria,,105.0,2025-08-22,2026-08-22
tc g system,,280.0,2025-08-22,2026-08-22
boss rc1,,60.0,2025-08-22,2026-08-22
tom scholz power soak,,190.0,2025-08-22,2026-08-22
collings i35,,4875.0,2025-08-22,2026-08-22
yamaha ls16,,600.0,2025-08-22,2026-08-22
boss pro pq-50 para eq,,185.0,2025-08-22,2026-08-22
boss dr-5 dr rythym,,70.0,2025-08-22,2026-08-22
boss ceb-3,,70.0,2025-08-22,2026-08-22
zoom multistomp ms-60b+,,80.0,2025-08-22,2026-08-22
tech 21 sans amp bass driver di,,185.0,2025-08-22,2026-08-22
danelectro french fries,,50.0,2025-08-22,2026-08-22
cry baby wah,,40.0,2025-08-22,2026-08-22
cry baby wah,,40.0,2025-08-22,2026-08-22
ehx volume pedal,,35.0,2025-08-22,2026-08-22
rowin compressor,,25.0,2025-08-22,2026-08-22
kyone comp,,25.0,2025-08-22,2026-08-22
ehx super pulsar stereo tap tremolo,,115.0,2025-08-22,2026-08-22
hotone skyline krush,,45.0,2025-08-22,2026-08-22
lehle parallel,,130.0,2025-08-22,2026-08-22
kingsley jester,,415.0,2025-08-22,2026-08-22
hx stomp,,425.0,2025-08-22,2026-08-22
ibanez phaser 70s mij,,120.0,2025-08-22,2026-08-22
wampler paisley drive v1,,80.0,2025-08-22,2026-08-22
sansamp bass driver,,190.0,2025-08-22,2026-08-22
xotic sp compressor,,75.0,2025-08-22,2026-08-22
mxr dyna comp,,50.0,2025-08-22,2026-08-22
boss rc1 looper,,60.0,2025-08-22,2026-08-22
lr baggs voiceprint,,215.0,2025-08-22,2026-08-22
snarling dog whine o,,170.0,2025-08-22,2026-08-22
mxr bass octave deluxe,,75.0,2025-08-22,2026-08-22
source audio c4,,160.0,2025-08-22,2026-08-22
ehx iron lung,,75.0,2025-08-22,2026-08-22
digitech trio,,70.0,2025-08-22,2026-08-22
hotone xtomp,,90.0,2025-08-22,2026-08-22
multi comp compressor,,125.0,2025-08-22,2026-08-22
roland synth gr33,,200.0,2025-08-22,2026-08-22
roland synth gr55,,350.0,2025-08-22,2026-08-22
dunlop cry baby,,45.0,2025-08-22,2026-08-22
roland gi20,,180.0,2025-08-22,2026-08-22
mission engineering vm-pro,,100.0,2025-08-22,2026-08-22
boss oc-2,,135.0,2025-08-22,2026-08-22
kmd flanger,,75.0,2025-08-22,2026-08-22
digitech rp355,,85.0,2025-08-22,2026-08-22
boss ge-7 mij,,85.0,2025-08-22,2026-08-22
boss dd-3,,80.0,2025-08-22,2026-08-22
boss ce-2 mij,,200.0,2025-08-22,2026-08-22
boss cs-3 mij,,60.0,2025-08-22,2026-08-22
boss sd-1,,45.0,2025-08-22,2026-08-22
boss psm-5,,45.0,2025-08-22,2026-08-22
chase bliss 1978 reverb,,700.0,2025-08-22,2026-08-22
chase bliss mood v2,,370.0,2025-08-22,2026-08-22
jam waterfall v2,,200.0,2025-08-22,2026-08-22
r2r treble booster pro #1219,,375.0,2025-08-22,2026-08-22
r2r treble boost #3,,280.0,2025-08-22,2026-08-22
r2r mki pro #15,,450.0,2025-08-22,2026-08-22
voodoo lab pedal power 2 plus,,100.0,2025-08-22,2026-08-22
ibanez ts9,,70.0,2025-08-22,2026-08-22
xotic ep booster,,75.0,2025-08-22,2026-08-22
mxr carbon copy,,80.0,2025-08-22,2026-08-22
fulltone 69 mkii,,125.0,2025-08-22,2026-08-22
marshamps marsh,,80.0,2025-08-22,2026-08-22
dod fx64 ice box stereo chorus,,75.0,2025-08-22,2026-08-22
tc ditto looper,,50.0,2025-08-22,2026-08-22
mooer drummer,,35.0,2025-08-22,2026-08-22
korg pitchblack,,40.0,2025-08-22,2026-08-22
d'addario planet waves tuner,,30.0,2025-08-22,2026-08-22
mxr carbon copy,,75.0,2025-08-22,2026-08-22
keeley rotary,,160.0,2025-08-22,2026-08-22
boss ve-8,,215.0,2025-08-22,2026-08-22
dod fx66 flashback fuzz,,40.0,2025-08-22,2026-08-22
morley bad horsie,,60.0,2025-08-22,2026-08-22
digitech hammerOn,,200.0,2025-08-22,2026-08-22
boss ir-2,,140.0,2025-08-22,2026-08-22
boss bc-1x,,135.0,2025-08-22,2026-08-22
boss bb-1x,,90.0,2025-08-22,2026-08-22
boss ceb-3,,65.0,2025-08-22,2026-08-22
boss mo-2,,80.0,2025-08-22,2026-08-22
boss te-2,,100.0,2025-08-22,2026-08-22
boss oc-3,,90.0,2025-08-22,2026-08-22
boss tr-2,,65.0,2025-08-22,2026-08-22
boss bf-3,,70.0,2025-08-22,2026-08-22
boss fbm-1,,115.0,2025-08-22,2026-08-22
boss frv-1,,190.0,2025-08-22,2026-08-22
mxr carbon copy,,75.0,2025-08-22,2026-08-22
mxr el grande bass fuzz,,65.0,2025-08-22,2026-08-22
mxr micro flanger,,65.0,2025-08-22,2026-08-22
mxr bass compressor,,115.0,2025-08-22,2026-08-22
mxr analog compressor,,115.0,2025-08-22,2026-08-22
darkglass hyper luminal,,160.0,2025-08-22,2026-08-22
darkglass vintage deluxe,,190.0,2025-08-22,2026-08-22
keeley bassist limiting amplifier,,100.0,2025-08-22,2026-08-22
fishman aura acoustic imaging,,70.0,2025-08-22,2026-08-22
radial twin city amp switcher aby,,130.0,2025-08-22,2026-08-22
voodoo lab pedal power iso 5,,75.0,2025-08-22,2026-08-22
boss odb-3,,60.0,2025-08-22,2026-08-22
bbe sonic stomp,,60.0,2025-08-22,2026-08-22
tc polytune,,45.0,2025-08-22,2026-08-22
boss ce-5,,140.0,2025-08-22,2026-08-22
boss rv-3,,105.0,2025-08-22,2026-08-22
boss rv-5,,80.0,2025-08-22,2026-08-22
boss mt-2,,65.0,2025-08-22,2026-08-22
boss ds-1 black,,75.0,2025-08-22,2026-08-22
boss ge-7,,70.0,2025-08-22,2026-08-22
revv g2 preamp,,85.0,2025-08-22,2026-08-22
boss ds-1,,40.0,2025-08-22,2026-08-22
rocktron nitro boost,,35.0,2025-08-22,2026-08-22
mxr micro flanger,,60.0,2025-08-22,2026-08-22
mxr dyna comp block logo,,50.0,2025-08-22,2026-08-22
vox v847 wah,,60.0,2025-08-22,2026-08-22
oneder effects oneder drive - 100,,90.0,2025-08-22,2026-08-22
kittycasterfx groovy wizard - 185,,140.0,2025-08-22,2026-08-22
catalinbread teaser stallion - 215,,105.0,2025-08-22,2026-08-22
throbak strange master - 200,,190.0,2025-08-22,2026-08-22
kma audio machines strokkur treble booster - 156,,125.0,2025-08-22,2026-08-22
eae longsword v4.5 - 235,,200.0,2025-08-22,2026-08-22
creepy fingers hold tight - 270,,225.0,2025-08-22,2026-08-22
r2r electric mk1.5 fuzz - 665,,475.0,2025-08-22,2026-08-22
vertical lift fx either / or expression toggle - 30,,25.0,2025-08-22,2026-08-22
Warm Foxy Tone Box,Mint,80.0,2025-08-22,2026-08-22
Spiral Electric Red Spiral Mosfet Drive Channel,Mint,190.0,2025-08-22,2026-08-22
"Dentone Bakelite ""Decay"" 9v mini-amp",,175.0,2025-08-22,2026-08-22
Wren and Cuff Garbage Face,Mint,230.0,2025-08-22,2026-08-22
Orange Amps Box Bangeetar,Excellent,225.0,2025-08-22,2026-08-22
analogman king of tone v4 high gain red side,,650.0,2025-08-22,2026-08-22
mxr rr104c rr distortion +,,145.0,2025-08-22,2026-08-22
mxr m134 stereo chorus,,105.0,2025-08-22,2026-08-22
mxr m81 bass compressor,,110.0,2025-08-22,2026-08-22
aguilar tlc compressor bass,,90.0,2025-08-22,2026-08-22
boss gt-1000,,500.0,2025-08-22,2026-08-22
voodoo lab pedal power x4,,65.0,2025-08-22,2026-08-22
mxr m108s,,105.0,2025-08-22,2026-08-22
tc helicon duplicator,,85.0,2025-08-22,2026-08-22
swollen pickle fuzz,,80.0,2025-08-22,2026-08-22
line 6 relay,,145.0,2025-08-22,2026-08-22
snark stage tuner,,30.0,2025-08-22,2026-08-22
line 6 hx effects,,335.0,2025-08-22,2026-08-22
friedman mic no mo,,65.0,2025-08-22,2026-08-22
walrus audio messner,,65.0,2025-08-22,2026-08-22
carr super bee 1x12,,2000.0,2025-08-22,2026-08-22
mxl dual professional mic kit,,60.0,2025-08-22,2026-08-22
mesa boogie two button footswitch,,40.0,2025-08-22,2026-08-22
boss vb-2w,,160.0,2025-08-22,2026-08-22
templo reel deal deluxe,,200.0,2025-08-22,2026-08-22
vemuram spiritone,,340.0,2025-08-22,2026-08-22
asheville aph-12,,320.0,2025-08-22,2026-08-22
chase bliss onward,,350.0,2025-08-22,2026-08-22
wampler mini ego76,,100.0,2025-08-22,2026-08-22
eae prismatic wall,,350.0,2025-08-22,2026-08-22
flux effects liquid tremolo,,180.0,2025-08-22,2026-08-22
origin cali76 fet,,275.0,2025-08-22,2026-08-22
wampler tumnus,,90.0,2025-08-22,2026-08-22
wampler belle,,90.0,2025-08-22,2026-08-22
wampler plexi drive,,80.0,2025-08-22,2026-08-22
gator 8 isolated psu,,65.0,2025-08-22,2026-08-22
guild foxey lady  2 knob,,675.0,2025-08-22,2026-08-22
lovepedal eternity drive,,105.0,2025-08-22,2026-08-22
lovepedal vibronaut,,110.0,2025-08-22,2026-08-22
boss ac-3,,65.0,2025-08-22,2026-08-22
jhs notadumble,,145.0,2025-08-22,2026-08-22
ik tonex one,,110.0,2025-08-22,2026-08-22
keeley darkside,,155.0,2025-08-22,2026-08-22
fulltone ocd red,,180.0,2025-08-22,2026-08-22
wampler tumnus old art,,130.0,2025-08-22,2026-08-22
keeley compressor 4 knob,,80.0,2025-08-22,2026-08-22
keeley caverns v2,,130.0,2025-08-22,2026-08-22
boss ch-1,,65.0,2025-08-22,2026-08-22
line 6 hx effects,,335.0,2025-08-22,2026-08-22
jhs/ehx lizard queen,,35.0,2025-08-22,2026-08-22
tc polytune,,35.0,2025-08-22,2026-08-22
Danelectro French Toast Octave Distortion in Box,,70.0,2025-08-22,2026-08-22
EHX B9 Organ Machine in Box,,135.0,2025-08-22,2026-08-22
EHX 22 Caliber Power Amp in Box,,65.0,2025-08-22,2026-08-22
Fulltone Fat-Boost FB-3 in Box,,75.0,2025-08-22,2026-08-22
Boss ME-80,,160.0,2025-08-22,2026-08-22
Behringer TO800 Overdrive in Box,,25.0,2025-08-22,2026-08-22
Behringer GDI21 Guitar Amp Modeler in Box,,35.0,2025-08-22,2026-08-22
Danelectro Surf & Turf Compressor in Box,,30.0,2025-08-22,2026-08-22
Danelectro PB&J Delay,,45.0,2025-08-22,2026-08-22
Danelectro Fab Metal in Box,,25.0,2025-08-22,2026-08-22
Digitech Screamin’ Blue in Box,,45.0,2025-08-22,2026-08-22
EHX OD Glove in Box,,45.0,2025-08-22,2026-08-22
JHS 3 Series Fuzz in Box,,60.0,2025-08-22,2026-08-22
JHS 3 Series Screamer in Box,,55.0,2025-08-22,2026-08-22
Joyo JF13 AC Tone,,20.0,2025-08-22,2026-08-22
Joyo JF16 British Tone in Box,,20.0,2025-08-22,2026-08-22
Joyo JF14 American Sound in Box,,25.0,2025-08-22,2026-08-22
Joyo Ultimate Drive,,20.0,2025-08-22,2026-08-22
Marshall Guv’nor GV-2 Plus in Box,,55.0,2025-08-22,2026-08-22
Morley Accu-Tuner in Box,,40.0,2025-08-22,2026-08-22
Morley A B Y,,25.0,2025-08-22,2026-08-22
NUX Drive Force Modeling Stomp in Box,,35.0,2025-08-22,2026-08-22
Outlaw Dead Man’s Hand Overdrive in Box,,25.0,2025-08-22,2026-08-22
Rocktek VIB-01 Vibrator in Box,,35.0,2025-08-22,2026-08-22
Rocktron Nitro Boost,,30.0,2025-08-22,2026-08-22
Rolls RFX Shockwave RFX950,,60.0,2025-08-22,2026-08-22
dunlop crybaby bass,,80.0,2025-08-22,2026-08-22
tech 21 yyz,,150.0,2025-08-22,2026-08-22
abm pro-fx sub harmonic generator,,75.0,2025-08-22,2026-08-22
seamoon funk machine,,125.0,2025-08-22,2026-08-22
boss hm-2w,,100.0,2025-08-22,2026-08-22
digitech drop,,140.0,2025-08-22,2026-08-22
tech 21 dug pinnick,,200.0,2025-08-22,2026-08-22
decibelics golden horse,,265.0,2025-08-22,2026-08-22
cornish p-1 tm,,550.0,2025-08-22,2026-08-22
cornish g-2 tm,,600.0,2025-08-22,2026-08-22
ibanez ts-10 mij jrc chip,,550.0,2025-08-22,2026-08-22
cornish ss-3 tm,,525.0,2025-08-22,2026-08-22
cornish gc-1 tm,,675.0,2025-08-22,2026-08-22
eqd zoar,,90.0,2025-08-22,2026-08-22
ehx lizard king,,80.0,2025-08-22,2026-08-22
EHX Pulsar Tremolo,,60.0,2025-08-22,2026-08-22
MXR super badass distortion,,55.0,2025-08-22,2026-08-22
TC Electronics Sky Surfer,,35.0,2025-08-22,2026-08-22
TC Electronics Thunder Storm,,35.0,2025-08-22,2026-08-22
Chicago Stompworks Octave,,40.0,2025-08-22,2026-08-22
Amoon PockVerb,,50.0,2025-08-22,2026-08-22
EHX Memory Toy,,50.0,2025-08-22,2026-08-22
NUX Plexi Distortion,,30.0,2025-08-22,2026-08-22
Boss RC3 Looper,,75.0,2025-08-22,2026-08-22
Kendrick ABC,,100.0,2025-08-22,2026-08-22
fulltone full drive 2,,100.0,2025-08-22,2026-08-22
signal flex sf-dab the connection,,30.0,2025-08-22,2026-08-22
teese rmc-3,,150.0,2025-08-22,2026-08-22
solidgoldfx rosie,,100.0,2025-08-22,2026-08-22
solidgoldfx if 6 was 9,,90.0,2025-08-22,2026-08-22
ehx screaming bird treble booster,,120.0,2025-08-22,2026-08-22
ayen smooth and slim,,90.0,2025-08-22,2026-08-22
roger mayer crossroads signal director,,75.0,2025-08-22,2026-08-22
jekyll & hyde large box silver,,160.0,2025-08-22,2026-08-22
menatone blue collar overdrive,,325.0,2025-08-22,2026-08-22
shin dumbloid twin,,650.0,2025-08-22,2026-08-22
fulltone ultimate octave,,200.0,2025-08-22,2026-08-22
Justin Philpott,,200.0,2025-08-22,2026-08-22
mxr flanger cable attached,,160.0,2025-08-22,2026-08-22
original shin-ei uni vibe with expression pedal,,2550.0,2025-08-22,2026-08-22
original klon short tail gold horsie,,5000.0,2025-08-22,2026-08-22
ibanez ts9 analogman mod,,180.0,2025-08-22,2026-08-22
roger mayer octavia rocket,,260.0,2025-08-22,2026-08-22
vox wah early 70s clyde mccoy,,275.0,2025-08-22,2026-08-22
2018 gibson sg / lp no papers,,2700.0,2025-08-22,2026-08-22
2016 gibson lp memphis,,2550.0,2025-08-22,2026-08-22
dimarzio illuminator pickups,,125.0,2025-08-22,2026-08-22
boss da-2,,140.0,2025-08-22,2026-08-22
Earthquaker Devices Special Cranker,,70.0,2025-08-22,2026-08-22
Boss DC-2W,,150.0,2025-08-22,2026-08-22
Digitech WhammyV-01,,140.0,2025-08-22,2026-08-22
TC Electronic Dual Wreck,,90.0,2025-08-22,2026-08-22
TC Electronic Mimiq,,70.0,2025-08-22,2026-08-22
A/DA pbf Flanger,,225.0,2025-08-22,2026-08-22
keeley caverns,,125.0,2025-08-22,2026-08-22
boss oc-2,,120.0,2025-08-22,2026-08-22
xotic super sweet,,75.0,2025-08-22,2026-08-22
voodoo lab pedal power 2 plus,,100.0,2025-08-22,2026-08-22
strymon flint v1,,220.0,2025-08-22,2026-08-22
fulltone ocd,,200.0,2025-08-22,2026-08-22
keeley super phat mod,,85.0,2025-08-22,2026-08-22
voodoo lab pedal power x4,,70.0,2025-08-22,2026-08-22
catalinbread dirty little secret,,70.0,2025-08-22,2026-08-22
mxr timmy,,90.0,2025-08-22,2026-08-22
boss ge-7,,85.0,2025-08-22,2026-08-22
boss ce-5,,60.0,2025-08-22,2026-08-22
boss ce-5,,60.0,2025-08-22,2026-08-22
tc ditto,,45.0,2025-08-22,2026-08-22
boss tu-3,,60.0,2025-08-22,2026-08-22
boss tu-3,,60.0,2025-08-22,2026-08-22
tc spark,,50.0,2025-08-22,2026-08-22
seymour duncan 805,,75.0,2025-08-22,2026-08-22
keeley memphis sun,,100.0,2025-08-22,2026-08-22
Rockman X100,,240.0,2025-08-22,2026-08-22
TC Electronic G system,,210.0,2025-08-22,2026-08-22
edirol sd-90,,235.0,2025-08-22,2026-08-22
Friedman BE-OD Overdrive,,100.0,2025-08-22,2026-08-22
Suhr Riot,,110.0,2025-08-22,2026-08-22
Wampler Dual Fusion,,100.0,2025-08-22,2026-08-22
Wampler Euphoria,,90.0,2025-08-22,2026-08-22
Wampler Analog Echo,,105.0,2025-08-22,2026-08-22
Fulltone Fat Boost,,80.0,2025-08-22,2026-08-22
Catalinbread Dirty Litte Secret V3,,70.0,2025-08-22,2026-08-22
Zvex Box of Rock Vexter,,110.0,2025-08-22,2026-08-22
Tone Freak Abunai 2,,150.0,2025-08-22,2026-08-22
EHX LPB1,,25.0,2025-08-22,2026-08-22
TC Electronic Ditto Looper,,40.0,2025-08-22,2026-08-22
power supply,,30.0,2025-08-22,2026-08-22
source audio true springs,,160.0,2025-08-22,2026-08-22
jhs crimson,,85.0,2025-08-22,2026-08-22
wampler ego 76,,135.0,2025-08-22,2026-08-22
mxr timmy,,90.0,2025-08-22,2026-08-22
eqd easy listening,,75.0,2025-08-22,2026-08-22
bear foot fx honey bee x,,140.0,2025-08-22,2026-08-22
strymon iridium,,240.0,2025-08-22,2026-08-22
eventide h9 max core,,320.0,2025-08-22,2026-08-22
ehx soul food,,45.0,2025-08-22,2026-08-22
sdrum,,105.0,2025-08-22,2026-08-22
boss rc-3,,80.0,2025-08-22,2026-08-22
boss dd-3,,75.0,2025-08-22,2026-08-22
boss ch-1,,65.0,2025-08-22,2026-08-22
rocktron reaction,,45.0,2025-08-22,2026-08-22
korg pitchblack,,40.0,2025-08-22,2026-08-22
boss tu-3,,50.0,2025-08-22,2026-08-22
EHX pog 2,,210.0,2025-08-22,2026-08-22
68/69 dallas arbiter fuz face bc108,,1333.0,2025-08-22,2026-08-22
ehx pog nano,,130.0,2025-08-22,2026-08-22
seamoon funk machine envelope filter,,135.0,2025-08-22,2026-08-22
source audio atlas comp,,140.0,2025-08-22,2026-08-22
source audio atlas comp,,140.0,2025-08-22,2026-08-22
spaceman aurora,,185.0,2025-08-22,2026-08-22
oce step ladder octave up,,70.0,2025-08-22,2026-08-22
mercury space charge fuzz,,225.0,2025-08-22,2026-08-22
OxEaE boost,,285.0,2025-08-22,2026-08-22
r weaver fx midnight vibe,,400.0,2025-08-22,2026-08-22
two notes torpedo cab m +,,125.0,2025-08-22,2026-08-22
all pedal love machine fuzz,,90.0,2025-08-22,2026-08-22
mxr chorus,,85.0,2025-08-22,2026-08-22
mxr overdrive,,70.0,2025-08-22,2026-08-22
ehx pitch fork,,120.0,2025-08-22,2026-08-22
catalinbread carbide,,80.0,2025-08-22,2026-08-22
catalinbread sabbra cadabra,,100.0,2025-08-22,2026-08-22
jhs 3 series harmonic trem,,60.0,2025-08-22,2026-08-22
mooer blues crab,,30.0,2025-08-22,2026-08-22
coriolis effects hail to the king,,275.0,2025-08-22,2026-08-22
cusatom tones ethos clean ii,,600.0,2025-08-22,2026-08-22
kingsley minstrel v3,,450.0,2025-08-22,2026-08-22
blackstone overdrive,,185.0,2025-08-22,2026-08-22
Tubesteader,,280.0,2025-08-22,2026-08-22
ehx hum debugger,,75.0,2025-08-22,2026-08-22
wampler ego,,100.0,2025-08-22,2026-08-22
fulltone fulldrive 2 mosfet,,80.0,2025-08-22,2026-08-22
keeley caverns,,100.0,2025-08-22,2026-08-22
wampler plexi drive larger box,,105.0,2025-08-22,2026-08-22
wampler paisley,,80.0,2025-08-22,2026-08-22
morley the alligator,,40.0,2025-08-22,2026-08-22
korg pitchblack,,35.0,2025-08-22,2026-08-22
tomsline liner,,25.0,2025-08-22,2026-08-22
mooer 900,,50.0,2025-08-22,2026-08-22
pedaltrain pedalboard with case,,40.0,2025-08-22,2026-08-22
pedaltrain pedalboard with case,,35.0,2025-08-22,2026-08-22
donner wave,,25.0,2025-08-22,2026-08-22
mooer reecho,,25.0,2025-08-22,2026-08-22
donner ultimate comp,,25.0,2025-08-22,2026-08-22
2006 fender yngwie malmsteen strat candy apple red,,1600.0,2025-08-22,2026-08-22
line 6 helix floor,,800.0,2025-08-22,2026-08-22
abominable unholy grail delay / reverb,,105.0,2025-08-22,2026-08-22
Chaos Audio Stratus,,145.0,2025-08-22,2026-08-22
roland synth gr 33,,200.0,2025-08-22,2026-08-22
roland synth gr 20,,170.0,2025-08-22,2026-08-22
danelectro free speech talk box,,100.0,2025-08-22,2026-08-22
ibanez echo shifter,,120.0,2025-08-22,2026-08-22
strymon lex,,190.0,2025-08-22,2026-08-22
ehx pico pitch fork,,150.0,2025-08-22,2026-08-22
line 6 dl4,,120.0,2025-08-22,2026-08-22
boss xs-1,,165.0,2025-08-22,2026-08-22
obne bl-44 variable clock reverser,,150.0,2025-08-22,2026-08-22
rowin trelicopter,,25.0,2025-08-22,2026-08-22
tc crescendo,,35.0,2025-08-22,2026-08-22
mooer yellow comp,,35.0,2025-08-22,2026-08-22
mooer slow engine,,45.0,2025-08-22,2026-08-22
mooer sweeper,,35.0,2025-08-22,2026-08-22
boss ds-1,,40.0,2025-08-22,2026-08-22
fulltone ocd,,115.0,2025-08-22,2026-08-22
mxr bass overdrive,,75.0,2025-08-22,2026-08-22
ehx mono synth,,75.0,2025-08-22,2026-08-22
lovepedal amp eleven gold,,100.0,2025-08-22,2026-08-22
mother fuzzer,,180.0,2025-08-22,2026-08-22
keeley katana v1,,225.0,2025-08-22,2026-08-22
kasleder dual drive,,215.0,2025-08-22,2026-08-22
walrus m1,,140.0,2025-08-22,2026-08-22
walrus d1,,110.0,2025-08-22,2026-08-22
walrus r1,,135.0,2025-08-22,2026-08-22
walrus acs1,,170.0,2025-08-22,2026-08-22
lovepedal handwired burst,,160.0,2025-08-22,2026-08-22
lovepedal handwired kanji,,130.0,2025-08-22,2026-08-22
lovepedal handwired lil china,,165.0,2025-08-22,2026-08-22
lovepedal handwired fab 50,,145.0,2025-08-22,2026-08-22
ibanez tube screamer overdrive pro ts808dx,,170.0,2025-08-22,2026-08-22
hardwire cm-2 tube overdrive,,75.0,2025-08-22,2026-08-22
mxr blue box,,65.0,2025-08-22,2026-08-22
boss dd-7,,85.0,2025-08-22,2026-08-22
seymour duncan power grid,,50.0,2025-08-22,2026-08-22
mxr phase 90,,135.0,2025-08-22,2026-08-22
mxr phase 100,,160.0,2025-08-22,2026-08-22
fulltone soul bender,,300.0,2025-08-22,2026-08-22
eq pedal,,85.0,2025-08-22,2026-08-22
dunlop gcb-95,,65.0,2025-08-22,2026-08-22
tc g system,,225.0,2025-08-22,2026-08-22
mission expression pedal,,130.0,2025-08-22,2026-08-22
sarno earth drive,,160.0,2025-08-22,2026-08-22
sarno sms solar flare,,150.0,2025-08-22,2026-08-22
tc g force with rack / tuner / midi selector pedal,,300.0,2025-08-22,2026-08-22
Jhs unicorn v1,,150.0,2025-08-22,2026-08-22
Radial ProDI,,85.0,2025-08-22,2026-08-22
lunastone smooth drive 1,,85.0,2025-08-22,2026-08-22
wampler plexi drive mini,,80.0,2025-08-22,2026-08-22
eqd plumes in purple sparkle,,75.0,2025-08-22,2026-08-22
Whirlwind Director DI,,35.0,2025-08-22,2026-08-22
tc wiretap,,45.0,2025-08-22,2026-08-22
Radial Big Shot ABY,,60.0,2025-08-22,2026-08-22
mxr dyna comp,,40.0,2025-08-22,2026-08-22
proco rat 2,,60.0,2025-08-22,2026-08-22
ibanez tube screamer mini,,45.0,2025-08-22,2026-08-22
eqd hizumitas,,100.0,2025-08-22,2026-08-22
walrus audio eras,,110.0,2025-08-22,2026-08-22
darkglass alpha omega,,200.0,2025-08-22,2026-08-22
boss ev30,,80.0,2025-08-22,2026-08-22
boss sy-1,,125.0,2025-08-22,2026-08-22
does it doom the masochist,,200.0,2025-08-22,2026-08-22
bowman audio endeavors fat wreck boost,,210.0,2025-08-22,2026-08-22
fuzzlord riffmaster oc44,,165.0,2025-08-22,2026-08-22
daredevil pedals real cool time ron,,175.0,2025-08-22,2026-08-22
tc flashback x4,,110.0,2025-08-22,2026-08-22
tech 21 hot rod plexi,,120.0,2025-08-22,2026-08-22
morley optical volume pedal,,40.0,2025-08-22,2026-08-22
tc mojo mojo,,25.0,2025-08-22,2026-08-22
Neunaber Seraphin mono shimmer,,90.0,2025-08-22,2026-08-22
Neunaber Seraphin mono shimmer,,90.0,2025-08-22,2026-08-22
Source Audio programmable EQ,,100.0,2025-08-22,2026-08-22
JRockett Audio the dude,,105.0,2025-08-22,2026-08-22
Morningstar ML5 MIDI Switcher,,140.0,2025-08-22,2026-08-22
Electro Harmonix Memory Boy,,70.0,2025-08-22,2026-08-22
Omhless Boar Fuzz,,75.0,2025-08-22,2026-08-22
TC electronic Trinity reverb,,80.0,2025-08-22,2026-08-22
Line 6 HX Stomp xl,,500.0,2025-08-22,2026-08-22
Source Audio Ventris reverb,,250.0,2025-08-22,2026-08-22
Strymon Iridium,,240.0,2025-08-22,2026-08-22
TC electronic Ditto Looper,,40.0,2025-08-22,2026-08-22
TC electronic HOF mini,,40.0,2025-08-22,2026-08-22
TC electronic Hyper Gravity mini,,55.0,2025-08-22,2026-08-22
BBE Sonic Stomp mini,,40.0,2025-08-22,2026-08-22
MXR Dyna Comp,,50.0,2025-08-22,2026-08-22
Disaster Area PBA-2,,25.0,2025-08-22,2026-08-22
TC electronic Spark Booster,,50.0,2025-08-22,2026-08-22
Diamond CPR-JR,,160.0,2025-08-22,2026-08-22
Earthquaker Afterneath,,120.0,2025-08-22,2026-08-22
Keeley Halo,,170.0,2025-08-22,2026-08-22
Keeley Zoma custom shop black,,175.0,2025-08-22,2026-08-22
Source Audio Zio,,120.0,2025-08-22,2026-08-22
MXR Analog Chorus,,110.0,2025-08-22,2026-08-22
jackson Audio/Silvertone twin trem,,175.0,2025-08-22,2026-08-22
Seymour Duncan Andromeda analog delay,,135.0,2025-08-22,2026-08-22
Chase Bliss Warped Vinyl HiFi,,300.0,2025-08-22,2026-08-22
ibanez ts808,,90.0,2025-08-22,2026-08-22
mxr evh phase 90,,70.0,2025-08-22,2026-08-22
boss dd-3,,75.0,2025-08-22,2026-08-22
boss os-2,,50.0,2025-08-22,2026-08-22
dunlop crybaby wah,,50.0,2025-08-22,2026-08-22
dunlop wylde wah,,70.0,2025-08-22,2026-08-22
proco rat 2,,70.0,2025-08-22,2026-08-22
zoom g2.1,,70.0,2025-08-22,2026-08-22
rocktron talk box,,85.0,2025-08-22,2026-08-22
boss mt-2,,60.0,2025-08-22,2026-08-22
mxr dyna comp,,40.0,2025-08-22,2026-08-22
mxr phase 90,,55.0,2025-08-22,2026-08-22
boss os-2,,45.0,2025-08-22,2026-08-22
danelectro cool cat,,45.0,2025-08-22,2026-08-22
rocktron short timer,,40.0,2025-08-22,2026-08-22
ua teletronix,,100.0,2025-08-22,2026-08-22
two notes revolt,,175.0,2025-08-22,2026-08-22
boss ge-7,,80.0,2025-08-22,2026-08-22
keeley compressor 4 knob,,75.0,2025-08-22,2026-08-22
lovepedal amp 11 original blue,,105.0,2025-08-22,2026-08-22
dunlop jimi hendrix wah,,60.0,2025-08-22,2026-08-22
marshall blues breaker bb-2,,50.0,2025-08-22,2026-08-22
45th anniversary blue sparkle ts808,,140.0,2025-08-22,2026-08-22
teese rmc 3 wah with foxrox fuzz friendly circuit,,200.0,2025-08-22,2026-08-22
ibanez sf10,,135.0,2025-08-22,2026-08-22
critter klon klone,,85.0,2025-08-22,2026-08-22
timmy v3,,185.0,2025-08-22,2026-08-22
paul c audio tim large box,,150.0,2025-08-22,2026-08-22
benson deep sea diver fuzz,,190.0,2025-08-22,2026-08-22
lovepedal kanji 9,,120.0,2025-08-22,2026-08-22
analogman prince of tone,,170.0,2025-08-22,2026-08-22
quiet theory prelude,,200.0,2025-08-22,2026-08-22
source audio nemesis delay,,150.0,2025-08-22,2026-08-22
boss ce-2,,180.0,2025-08-22,2026-08-22
nordvang no 1 v1,,500.0,2025-08-22,2026-08-22
fulltone deja vibe 2,,200.0,2025-08-22,2026-08-22
empress phaser,,200.0,2025-08-22,2026-08-22
bbe sonic stomp,,50.0,2025-08-22,2026-08-22
r2r si distorter tfk - 315,,315.0,2025-08-22,2026-08-22
seeker face bc183 - 145,,140.0,2025-08-22,2026-08-22
boss ds-1w,,90.0,2025-08-22,2026-08-22
boss sd-1w,,90.0,2025-08-22,2026-08-22
boss jb-2 angry driver,,135.0,2025-08-22,2026-08-22
wampler ego,,90.0,2025-08-22,2026-08-22
kingtone duellist v1.2,,260.0,2025-08-22,2026-08-22
kingtone mini fuzz v2,,240.0,2025-08-22,2026-08-22
bearfoot model g,,150.0,2025-08-22,2026-08-22
dan armstrong orange squeezer,,180.0,2025-08-22,2026-08-22
boss ma-1mascot,,150.0,2025-08-22,2026-08-22
boss ir-2,,140.0,2025-08-22,2026-08-22
union tour bender,,130.0,2025-08-22,2026-08-22
echo fix spring reverb,,250.0,2025-08-22,2026-08-22
dunlop univibe with expression pedal,,200.0,2025-08-22,2026-08-22
dunlop univibe  expression pedal,,80.0,2025-08-22,2026-08-22
dan armstrong orange squeezer musictronics,,300.0,2025-08-22,2026-08-22
dan armstrong green ringer musictronics,,450.0,2025-08-22,2026-08-22
dan armstrong red ranger musictronics,,275.0,2025-08-22,2026-08-22
dan armstrong blue clipper musictronics,,400.0,2025-08-22,2026-08-22
dan armstrong yellow humper musictronics,,250.0,2025-08-22,2026-08-22
dan armstrong purple peakerr musictronics,,250.0,2025-08-22,2026-08-22
dan armstrong orange squeezer musictronics,,300.0,2025-08-22,2026-08-22
boss rv-6,,105.0,2025-08-22,2026-08-22
ehx holy grail neo,,85.0,2025-08-22,2026-08-22
boss ce-2w,,165.0,2025-08-22,2026-08-22
boss bf-3,,75.0,2025-08-22,2026-08-22
boss ph-3,,65.0,2025-08-22,2026-08-22
voodoo lab pedal power 2 plus,,100.0,2025-08-22,2026-08-22
fulltone clyde deluxe wah,,150.0,2025-08-22,2026-08-22
"1971 gretsch country  club ""mint condition""",Mint Condition,1800.0,2025-08-22,2026-08-22
ehx nano deluxe memory man,,110.0,2025-08-22,2026-08-22
ehx stereo pulsar tremolo,,45.0,2025-08-22,2026-08-22
Jackson Audio Asabi w/additional Large Mouse Mod,,165.0,2025-08-22,2026-08-22
Walrus Audio Deep Six v1 - Limited Edition Angler Fish,,85.0,2025-08-22,2026-08-22
Wampler Catacombs,,200.0,2025-08-22,2026-08-22
quilter interbloc 45,,160.0,2025-08-22,2026-08-22
Zvex super seeker wah,,185.0,2025-08-22,2026-08-22
boss es-5,,275.0,2025-08-22,2026-08-22
origin effects black cali 76 fet compressor,,285.0,2025-08-22,2026-08-22
Morley Pro series wah volume,,35.0,2025-08-22,2026-08-22
DOD FX55 Distortion,,60.0,2025-08-22,2026-08-22
DOD FX35 Octo plus,,60.0,2025-08-22,2026-08-22
Reverend Drivetrain II - minor some cosmetic wear and missing feet,,100.0,2025-08-22,2026-08-22
Ibanez DPL10 Pan Delay,,125.0,2025-08-22,2026-08-22
dunlop jimi hendrix fuzz face,,110.0,2025-08-22,2026-08-22
ehx electric mistress,,80.0,2025-08-22,2026-08-22
ehx holy stain,,65.0,2025-08-22,2026-08-22
ehx the worm,,70.0,2025-08-22,2026-08-22
digitech mosaic,,120.0,2025-08-22,2026-08-22
mi blues pro,,75.0,2025-08-22,2026-08-22
mi crunch box,,90.0,2025-08-22,2026-08-22
fulltone octa fuzz,,110.0,2025-08-22,2026-08-22
digitech freqout,,150.0,2025-08-22,2026-08-22
way huge overrated special,,150.0,2025-08-22,2026-08-22
marshall reflector,,65.0,2025-08-22,2026-08-22
marshall echohead,,75.0,2025-08-22,2026-08-22
ehx pulsar,,45.0,2025-08-22,2026-08-22
ehx small clone large case,,60.0,2025-08-22,2026-08-22
ehx small stone\,,55.0,2025-08-22,2026-08-22
pigtronix  philosophers tone,,60.0,2025-08-22,2026-08-22
crybaby wah,,50.0,2025-08-22,2026-08-22
vox wah,,50.0,2025-08-22,2026-08-22
marshall jackhammer,,50.0,2025-08-22,2026-08-22
marshall bluesbreaker ii,,50.0,2025-08-22,2026-08-22
marshall guv'nor,,50.0,2025-08-22,2026-08-22
marshall vibratrem,,50.0,2025-08-22,2026-08-22
marshall the compressor,,50.0,2025-08-22,2026-08-22
marshall the regenerator,,50.0,2025-08-22,2026-08-22
boss dm-2w,,100.0,2025-08-22,2026-08-22
boss bf-2 flanger,,100.0,2025-08-22,2026-08-22
boss odb-3,,65.0,2025-08-22,2026-08-22
mxr dc brick,,50.0,2025-08-22,2026-08-22
boss ds-1,,40.0,2025-08-22,2026-08-22
boss fs-6,,40.0,2025-08-22,2026-08-22
korg pitchblack,,40.0,2025-08-22,2026-08-22
korg pitchblack,,40.0,2025-08-22,2026-08-22
ditto looper,,45.0,2025-08-22,2026-08-22
kmise analog delaay,,25.0,2025-08-22,2026-08-22
yamaha expression pedal fc7,,25.0,2025-08-22,2026-08-22
liquid audio pedal,,25.0,2025-08-22,2026-08-22
mxr 10 band eq,,105.0,2025-08-22,2026-08-22
xotic ep booster,,75.0,2025-08-22,2026-08-22
mxr bass compressor,,130.0,2025-08-22,2026-08-22
mxr bass envelope filter,,90.0,2025-08-22,2026-08-22
ehx key9,,150.0,2025-08-22,2026-08-22
bbe opto stomp,,65.0,2025-08-22,2026-08-22
fender expression pedal,,65.0,2025-08-22,2026-08-22
fender expression pedal,,65.0,2025-08-22,2026-08-22
boss expression pedal fv-500l,,70.0,2025-08-22,2026-08-22
boss sd-1 vintage,,115.0,2025-08-22,2026-08-22
dod fx 100,,110.0,2025-08-22,2026-08-22
Keeley Caverns 2 reverb delay,,115.0,2025-08-22,2026-08-22
keeley Vibe O Verb,,80.0,2025-08-22,2026-08-22
Fuzzstang,,110.0,2025-08-22,2026-08-22
Octonaut hyperdrive,,125.0,2025-08-22,2026-08-22
90’s MXR Jimi Hendrix system octave fuzz,,100.0,2025-08-22,2026-08-22
Barber Tone Press,,100.0,2025-08-22,2026-08-22
ehx ravish star,,175.0,2025-08-22,2026-08-22
Source Audio programmable eq v1,,100.0,2025-08-22,2026-08-22
Source Audio programmable eq v1,,100.0,2025-08-22,2026-08-22
Supro drive,,100.0,2025-08-22,2026-08-22
Tc electronic shaker,,65.0,2025-08-22,2026-08-22
empress buffer +,,100.0,2025-08-22,2026-08-22
Keeley Katana blues driver,,100.0,2025-08-22,2026-08-22
Supro boost,,80.0,2025-08-22,2026-08-22
Eventide tricerachorus,,175.0,2025-08-22,2026-08-22
Eventide ultra tap new in box,,125.0,2025-08-22,2026-08-22
Keeley eccos new in box,,110.0,2025-08-22,2026-08-22
Keeley Monterey Special Custom Germanium,,265.0,2025-08-22,2026-08-22
Lehle big volume pedal,,200.0,2025-08-22,2026-08-22
Mooer Graphic G Eq pedal,,35.0,2025-08-22,2026-08-22
Pigtronix philosophers tone mini,,60.0,2025-08-22,2026-08-22
Pigtronix philosophers tone mini,,60.0,2025-08-22,2026-08-22
Pigtronix fat drive,,55.0,2025-08-22,2026-08-22
mooer Ana echo,,40.0,2025-08-22,2026-08-22
Pigtronix philosophers Rock,,45.0,2025-08-22,2026-08-22
Pigtronix philosophers Rock,,45.0,2025-08-22,2026-08-22
Pigtronix class a boost,,45.0,2025-08-22,2026-08-22
Tc electronics flashback mini delay,,60.0,2025-08-22,2026-08-22
Hotone VOW PRESS switchable volume wah,,50.0,2025-08-22,2026-08-22
Hotone VOW PRESS switchable volume wah,,50.0,2025-08-22,2026-08-22
Line 6 expression very used,,30.0,2025-08-22,2026-08-22
HOTONE SOUL PRESS volume expression wah,,50.0,2025-08-22,2026-08-22
Electro Harmonix Soul Food modded by alchemy audio,,55.0,2025-08-22,2026-08-22
Fender MTG TUBE TREMOLO,,100.0,2025-08-22,2026-08-22
LEX ROTARY STRYMON,,175.0,2025-08-22,2026-08-22
STARDUST CRAZY TUBE CIRCUITS,,100.0,2025-08-22,2026-08-22
EARTH QUAKER DEVICES  LEDGES,,115.0,2025-08-22,2026-08-22
KEELEY SYNTH-1,,105.0,2025-08-22,2026-08-22
PIGTRONIX COSMOSIS,,100.0,2025-08-22,2026-08-22
FENDER WAYLON PHASER,,85.0,2025-08-22,2026-08-22
FENDER ACOUSTIC PREVERB,,90.0,2025-08-22,2026-08-22
WALRUS AUDIO LORE,,175.0,2025-08-22,2026-08-22
BOSS ME-80 GUITAR MULTIPLE EFFECTS,,160.0,2025-08-22,2026-08-22
BOSS FV-500H,,65.0,2025-08-22,2026-08-22
MXR DEEP PHASE,,50.0,2025-08-22,2026-08-22
FENDER CHORUS PEDAL,,50.0,2025-08-22,2026-08-22
PETERSON BODYBEAT SYNC,,55.0,2025-08-22,2026-08-22
Jhs  panther cub v2,,155.0,2025-08-22,2026-08-22
Jhs morning glory v4,,140.0,2025-08-22,2026-08-22
Strymon DIG,,170.0,2025-08-22,2026-08-22
Deluxe Memory Boy,,100.0,2025-08-22,2026-08-22
jhs red remote,,25.0,2025-08-22,2026-08-22
solidgoldfx formula 76 fuzz,,90.0,2025-08-22,2026-08-22
QTron plus,,120.0,2025-08-22,2026-08-22
"Ibanez, TS 9",,65.0,2025-08-22,2026-08-22
Missing Link audio  black hearted woman,,135.0,2025-08-22,2026-08-22
Keeley Dark Side,,150.0,2025-08-22,2026-08-22
boss SD-1,,45.0,2025-08-22,2026-08-22
Keeley Mini Katana,,65.0,2025-08-22,2026-08-22
Keeley Halo Core,,185.0,2025-08-22,2026-08-22
Keeley Caverns,,140.0,2025-08-22,2026-08-22
Digitech Drop,,140.0,2025-08-22,2026-08-22
MXR Timmy,,80.0,2025-08-22,2026-08-22
MXR Phase 95,,60.0,2025-08-22,2026-08-22
Boss Waza Dimension C,,150.0,2025-08-22,2026-08-22
Polytune 3,,40.0,2025-08-22,2026-08-22
TC Electronics Thunderstorm Flanger,,35.0,2025-08-22,2026-08-22
boss bd-2,,65.0,2025-08-22,2026-08-22
xotic sp compressor,,75.0,2025-08-22,2026-08-22
mxr ten band,,105.0,2025-08-22,2026-08-22
boss ve-1,,110.0,2025-08-22,2026-08-22
dunlop dime cry baby,,120.0,2025-08-22,2026-08-22
nux loop core,,65.0,2025-08-22,2026-08-22
tc flashback mini,,50.0,2025-08-22,2026-08-22
flamma fx100,,60.0,2025-08-22,2026-08-22
ibanez tube screamer mini,,40.0,2025-08-22,2026-08-22
donner power supply,,30.0,2025-08-22,2026-08-22
quilter phantom block di box,,65.0,2025-08-22,2026-08-22
fishman afx acoustiverb reverb,,70.0,2025-08-22,2026-08-22
fishman afx echoback mini,,65.0,2025-08-22,2026-08-22
orange kongpressor,,110.0,2025-08-22,2026-08-22
walrus fundamental ambient,,65.0,2025-08-22,2026-08-22
flamma fs22 ekoverb,,50.0,2025-08-22,2026-08-22
prescription electronics experience,,500.0,2025-08-22,2026-08-22
Missing Link Audio AC/OD,,140.0,2025-08-22,2026-08-22
Crazy Tube Circuits Super Conductor,,140.0,2025-08-22,2026-08-22
XTS Atomic Overdrive,,130.0,2025-08-22,2026-08-22
Karma ODR-10,,145.0,2025-08-22,2026-08-22
SoloDallas Schaeffer Boost,,175.0,2025-08-22,2026-08-22
Seymour Duncan Pickup Booster Mini,,65.0,2025-08-22,2026-08-22
Warm Audio Centavo,,110.0,2025-08-22,2026-08-22
Surfybear Reverb,,240.0,2025-08-22,2026-08-22
Friedman IR:D,,350.0,2025-08-22,2026-08-22
Cusack More Louder boost,,50.0,2025-08-22,2026-08-22
Cusack More Louder boost,,50.0,2025-08-22,2026-08-22
ehx big muff,,70.0,2025-08-22,2026-08-22
j rockett archer ikon,,100.0,2025-08-22,2026-08-22
cry baby 535q wah,,65.0,2025-08-22,2026-08-22
henrietta engineering orange whip compressor,,75.0,2025-08-22,2026-08-22
ehx nano lpb 1,,25.0,2025-08-22,2026-08-22
nobels odr mini,,50.0,2025-08-22,2026-08-22
ehx nano memory toy,,50.0,2025-08-22,2026-08-22
eqd data corruptor,,155.0,2025-08-22,2026-08-22
mxr classic 108 fuzz,,75.0,2025-08-22,2026-08-22
boss oc-3,,90.0,2025-08-22,2026-08-22
tc spectracomp,,55.0,2025-08-22,2026-08-22
catalinbread talisman,,110.0,2025-08-22,2026-08-22
jhs 3 series compressor,,65.0,2025-08-22,2026-08-22
Ryra the Klone,,110.0,2025-08-22,2026-08-22
Vertex Steel string slight return edition,,120.0,2025-08-22,2026-08-22
Lovepedal Purple Plexi,,150.0,2025-08-22,2026-08-22
Boss DM2 wazacraft,,105.0,2025-08-22,2026-08-22
lr baggs para acoustic di,,110.0,2025-08-22,2026-08-22
boss rv-6,,105.0,2025-08-22,2026-08-22
vintage q tron plus,,250.0,2025-08-22,2026-08-22
apollo solid state fuzzking,,275.0,2025-08-22,2026-08-22
a/da flanger,,400.0,2025-08-22,2026-08-22
ibanez jemini distortion,,275.0,2025-08-22,2026-08-22
proco rat 2,,170.0,2025-08-22,2026-08-22
analog alien rumble seat,,240.0,2025-08-22,2026-08-22
vintage ts-808,,750.0,2025-08-22,2026-08-22
expandora fuzz,,190.0,2025-08-22,2026-08-22
black russian big muff,,200.0,2025-08-22,2026-08-22
hermida audio mosferatu,,350.0,2025-08-22,2026-08-22
boss sd-1,,45.0,2025-08-22,2026-08-22
signal flex sf2482,,25.0,2025-08-22,2026-08-22
mxr carbon copy,,70.0,2025-08-22,2026-08-22
ehx q tron plus,,120.0,2025-08-22,2026-08-22
jacques singing geisha synth siren wah,,700.0,2025-08-22,2026-08-22
dirge slowly melting express,,375.0,2025-08-22,2026-08-22
hologram infinite jets,,210.0,2025-08-22,2026-08-22
thorpyfx pulse doppler,,200.0,2025-08-22,2026-08-22
pedal monsters klon klone,,80.0,2025-08-22,2026-08-22
pedal pawn texas twang,,180.0,2025-08-22,2026-08-22
fender tre verb,,150.0,2025-08-22,2026-08-22
ua ox box,,840.0,2025-08-22,2026-08-22
eqd special cranker sparkle red,,70.0,2025-08-22,2026-08-22
ua heavenly,,90.0,2025-08-22,2026-08-22
browne protein v2.2,,205.0,2025-08-22,2026-08-22
benson delay ltd gold,,210.0,2025-08-22,2026-08-22
line 6 helix lt,,610.0,2025-08-22,2026-08-22
digitech vocalist live 2,,150.0,2025-08-22,2026-08-22
mxr dyna comp block vintage,,135.0,2025-08-22,2026-08-22
vox valve tone,,70.0,2025-08-22,2026-08-22
proco rat 2,,65.0,2025-08-22,2026-08-22
dod phasor 490,,100.0,2025-08-22,2026-08-22
boss dd-3,,85.0,2025-08-22,2026-08-22
boss ge-7,,85.0,2025-08-22,2026-08-22
ehx c9,,130.0,2025-08-22,2026-08-22
line 6 pod,,65.0,2025-08-22,2026-08-22
boss sd-1 vintage,,100.0,2025-08-22,2026-08-22
ibanez digital delay,,200.0,2025-08-22,2026-08-22
boss mt-2,,50.0,2025-08-22,2026-08-22
dunlop cry baby,,50.0,2025-08-22,2026-08-22
boss ns-2,,50.0,2025-08-22,2026-08-22
vox stomplab,,40.0,2025-08-22,2026-08-22
danelectro dan echo,,35.0,2025-08-22,2026-08-22
mxr micro flanger,,60.0,2025-08-22,2026-08-22
boss tu-2,,45.0,2025-08-22,2026-08-22
ehx soul food distortion,,45.0,2025-08-22,2026-08-22
mxr randy rhoades polka dot,,335.0,2025-08-22,2026-08-22
MXR m83 bass chorus,,100.0,2025-08-22,2026-08-22
amped scr-di bass effect,,130.0,2025-08-22,2026-08-22
ehx lizard queen,,40.0,2025-08-22,2026-08-22
lpd sixty 8,,110.0,2025-08-22,2026-08-22
lpd eighty 7,,165.0,2025-08-22,2026-08-22
boss rv-6,,105.0,2025-08-22,2026-08-22
ehx holy grail neo,,85.0,2025-08-22,2026-08-22
mxr joshua ambient echo,,140.0,2025-08-22,2026-08-22
eqd afterneath v2,,110.0,2025-08-22,2026-08-22
mxr super badass variac fuzz,,75.0,2025-08-22,2026-08-22
boss hm-2w,,90.0,2025-08-22,2026-08-22
behringer bm-13 phaser,,75.0,2025-08-22,2026-08-22
boss fz-5,,65.0,2025-08-22,2026-08-22
mxr poly blue octave,,125.0,2025-08-22,2026-08-22
ehx pico triboro bridge,,50.0,2025-08-22,2026-08-22
walrus audio fundamental reverb,,65.0,2025-08-22,2026-08-22
walrus audio fundamental delay,,60.0,2025-08-22,2026-08-22
walrus audio fundamental fuzz,,55.0,2025-08-22,2026-08-22
walrus audio fundamental distortion,,50.0,2025-08-22,2026-08-22
mxr prime distortion m69p,,25.0,2025-08-22,2026-08-22
EarthQuaker Devices Sunn O Life,,185.0,2025-08-22,2026-08-22
UAD Starlight,,190.0,2025-08-22,2026-08-22
Boss SY-1,,120.0,2025-08-22,2026-08-22
Westminster Effects 2716,,100.0,2025-08-22,2026-08-22
Jackson Audio 1484 Twin Twelve Pedal - Limited-edition Black,,150.0,2025-08-22,2026-08-22
TC Ditto X2,,100.0,2025-08-22,2026-08-22
Warm Audio WA-47jr Condenser Mic,,165.0,2025-08-22,2026-08-22
Nobels ODR-mini,,50.0,2025-08-22,2026-08-22
EHX C9,,120.0,2025-08-22,2026-08-22
EHX Oceans 12,,140.0,2025-08-22,2026-08-22
JAM Pedals Red Muck,,160.0,2025-08-22,2026-08-22
Catalinbread Topanga,,115.0,2025-08-22,2026-08-22
Stone Deaf FX Tremotron,,190.0,2025-08-22,2026-08-22
Janglebox JBX compressor/treble boost,,135.0,2025-08-22,2026-08-22
JHS Space Commander,,160.0,2025-08-22,2026-08-22
Radial Headbone VT Amp Head Switcher w original packaging and manual,,180.0,2025-08-22,2026-08-22
Manlay Sound Ronno Bender,,275.0,2025-08-22,2026-08-22
Ramble FX Twin Bender,,235.0,2025-08-22,2026-08-22
JAM Pedals Bass Ripply Fall,,235.0,2025-08-22,2026-08-22
Tone King Ironman II Mini reactive attenuator,,250.0,2025-08-22,2026-08-22
keeley monteray,,170.0,2025-08-22,2026-08-22
mxr flanger,,105.0,2025-08-22,2026-08-22
mxr phase 90 script,,75.0,2025-08-22,2026-08-22
walrus audio canvas tuner,,90.0,2025-08-22,2026-08-22
tc quintessence,,80.0,2025-08-22,2026-08-22
dunlop wah,,50.0,2025-08-22,2026-08-22
boss ds-1,,40.0,2025-08-22,2026-08-22
boss tu-3,,60.0,2025-08-22,2026-08-22
boss cs-3,,50.0,2025-08-22,2026-08-22
Dunlop fuzz face mini 1,,70.0,2025-08-22,2026-08-22
boss rc-1,,65.0,2025-08-22,2026-08-22
boss hm-2w,,100.0,2025-08-22,2026-08-22
mxr evh flanger,,110.0,2025-08-22,2026-08-22
orange micro dark amp,,120.0,2025-08-22,2026-08-22
walrus eras,,100.0,2025-08-22,2026-08-22
jhs bonsai,,150.0,2025-08-22,2026-08-22
frost giant electronics osiris,,115.0,2025-08-22,2026-08-22
missing link audio statesboro bluesman,,115.0,2025-08-22,2026-08-22
jhs 1972 supreme,,105.0,2025-08-22,2026-08-22
ibanez ts9,,70.0,2025-08-22,2026-08-22
behringer ultra octaver,,25.0,2025-08-22,2026-08-22
mesa boogie v twin tube preamp,,265.0,2025-08-22,2026-08-22
ehx big muff big box,,260.0,2025-08-22,2026-08-22
boss od-1,,225.0,2025-08-22,2026-08-22
90s dallas arbiter fuzz face reissue,,220.0,2025-08-22,2026-08-22
boss rc-300 loop station,,235.0,2025-08-22,2026-08-22
boss od-1,,210.0,2025-08-22,2026-08-22
mxr dyna comp,,230.0,2025-08-22,2026-08-22
mxr six band graphic eq,,135.0,2025-08-22,2026-08-22
mxr phase 100 vintage,,135.0,2025-08-22,2026-08-22
mxr phase 100 modern,,85.0,2025-08-22,2026-08-22
bk butler real tube,,140.0,2025-08-22,2026-08-22
onespot cs12,,130.0,2025-08-22,2026-08-22
boss ge-7,,85.0,2025-08-22,2026-08-22
boss ge-7,,85.0,2025-08-22,2026-08-22
boss ds-1,,100.0,2025-08-22,2026-08-22
mxr uni vibe,,65.0,2025-08-22,2026-08-22
pigtronix mothership2,,80.0,2025-08-22,2026-08-22
bogner la grange,,185.0,2025-08-22,2026-08-22
fulltone ocd,,115.0,2025-08-22,2026-08-22
digitech freqout,,150.0,2025-08-22,2026-08-22
radial tonebone classic,,90.0,2025-08-22,2026-08-22
tc flashback x4,,110.0,2025-08-22,2026-08-22
ibanez super tube,,160.0,2025-08-22,2026-08-22
ehx c9,,125.0,2025-08-22,2026-08-22
boss cs-2,,100.0,2025-08-22,2026-08-22
boss bf-2,,100.0,2025-08-22,2026-08-22
boss ph-2,,90.0,2025-08-22,2026-08-22
boss dd-3,,85.0,2025-08-22,2026-08-22
mxr carbon copy,,75.0,2025-08-22,2026-08-22
lovepedal gen 5 echo,,70.0,2025-08-22,2026-08-22
radial tonebone trimode,,120.0,2025-08-22,2026-08-22
boss od-2,,65.0,2025-08-22,2026-08-22
mxr prime distortion,,25.0,2025-08-22,2026-08-22
boss sd-1,,45.0,2025-08-22,2026-08-22
korg  guitar tuner,,25.0,2025-08-22,2026-08-22
behringer v tone acoustic,,25.0,2025-08-22,2026-08-22
crybaby wah,,50.0,2025-08-22,2026-08-22
fender hammertone distortion,,35.0,2025-08-22,2026-08-22
boss ac-3,,60.0,2025-08-22,2026-08-22
jhs little black buffer,,50.0,2025-08-22,2026-08-22
jhs little black buffer,,50.0,2025-08-22,2026-08-22
crybaby wah,,50.0,2025-08-22,2026-08-22
crybaby wah,,50.0,2025-08-22,2026-08-22
mxr phase 90,,50.0,2025-08-22,2026-08-22
tc corona full size,,50.0,2025-08-22,2026-08-22
nux mini reverb or delay,,45.0,2025-08-22,2026-08-22
tone city golden plexi,,40.0,2025-08-22,2026-08-22
mxr micro amp,,60.0,2025-08-22,2026-08-22
ibanez ts mini,,40.0,2025-08-22,2026-08-22
donner dt-1 tuner,,25.0,2025-08-22,2026-08-22
tc flashback,,65.0,2025-08-22,2026-08-22
joyo amp sim and cab,,80.0,2025-08-22,2026-08-22
wampler plexi drive big box,,110.0,2025-08-22,2026-08-22
fulltone ocd,,110.0,2025-08-22,2026-08-22
tc flashback delay,,80.0,2025-08-22,2026-08-22
dod fx40b,,65.0,2025-08-22,2026-08-22
dod dfx9,,55.0,2025-08-22,2026-08-22
dod fx68,,60.0,2025-08-22,2026-08-22
analogman modded ts9 KWS brown  mod,,150.0,2025-08-22,2026-08-22
analogman modded ts9 KWS Silver  mod,,180.0,2025-08-22,2026-08-22
zoom b6,,300.0,2025-08-22,2026-08-22
pod express bass,,100.0,2025-08-22,2026-08-22
trex mudhoney 2,,80.0,2025-08-22,2026-08-22
line 6 dl4,,120.0,2025-08-22,2026-08-22
tc dark matter,,30.0,2025-08-22,2026-08-22
barber custom cool,,85.0,2025-08-22,2026-08-22
menatone red snapper,,185.0,2025-08-22,2026-08-22
jam rattler,,150.0,2025-08-22,2026-08-22
mythos argo,,130.0,2025-08-22,2026-08-22
digitech polara reverb,,140.0,2025-08-22,2026-08-22
j rocket melody eq / drive,,115.0,2025-08-22,2026-08-22
wampler thirty something,,150.0,2025-08-22,2026-08-22
alesis philtre,,140.0,2025-08-22,2026-08-22
alesis smashup,,90.0,2025-08-22,2026-08-22
diamond vibration,,210.0,2025-08-22,2026-08-22
akai drive3 overdrive,,65.0,2025-08-22,2026-08-22
dunlop crybaby mini,,65.0,2025-08-22,2026-08-22
dod yjm308,,90.0,2025-08-22,2026-08-22
catalinbread echorec gold,,140.0,2025-08-22,2026-08-22
walrus polychrome,,130.0,2025-08-22,2026-08-22
tone bender continental mk1.v,,60.0,2025-08-22,2026-08-22
ibanez ts9,,70.0,2025-08-22,2026-08-22
mxr phase 90,,60.0,2025-08-22,2026-08-22
boss tu-2,,45.0,2025-08-22,2026-08-22
proco rat white face 2010,,285.0,2025-08-22,2026-08-22
behringer vintage time machine,,120.0,2025-08-22,2026-08-22
Line 6 helix rack unit,,1010.0,2025-08-22,2026-08-22
line 6 helix control,,323.0,2025-08-22,2026-08-22
Boss RC20,,75.0,2025-08-22,2026-08-22
Rockman acoustic guitar pedal,,85.0,2025-08-22,2026-08-22
Boss DD3,,80.0,2025-08-22,2026-08-22
Boss FT2,,190.0,2025-08-22,2026-08-22
Rockman stereo chorus/delay 1/2 rack,,475.0,2025-08-22,2026-08-22
Rockman sustainor,,320.0,2025-08-22,2026-08-22
Rockman x100,,290.0,2025-08-22,2026-08-22
Behringer DR400,,60.0,2025-08-22,2026-08-22
Beta Alvin ME100,,35.0,2025-08-22,2026-08-22
Modtone MT-AD,,30.0,2025-08-22,2026-08-22
Modtone MT-CP,,25.0,2025-08-22,2026-08-22
Boss SD1,,35.0,2025-08-22,2026-08-22
aftershock bass distortion,,100.0,2025-08-22,2026-08-22
digitech drop,,140.0,2025-08-22,2026-08-22
boss ceb-3,,65.0,2025-08-22,2026-08-22
ehx big muff nano,,50.0,2025-08-22,2026-08-22
ehx silencer,,50.0,2025-08-22,2026-08-22
lovepedal vibe,,90.0,2025-08-22,2026-08-22
homestead ripple creek tremolo,,160.0,2025-08-22,2026-08-22
pedal projects growley,,80.0,2025-08-22,2026-08-22
keeley noble screamer,,110.0,2025-08-22,2026-08-22
keeley super rodent,,115.0,2025-08-22,2026-08-22
keeley muse driver,,105.0,2025-08-22,2026-08-22
catalinbread epoch black on silver,,70.0,2025-08-22,2026-08-22
mxr hybrid fuzz,,85.0,2025-08-22,2026-08-22
source audio zio,,110.0,2025-08-22,2026-08-22
xotic effects bb preamp,,110.0,2025-08-22,2026-08-22
gfi systems orca,,120.0,2025-08-22,2026-08-22
gfi systems rossie,,125.0,2025-08-22,2026-08-22
malekko sneak attack,,130.0,2025-08-22,2026-08-22
malekko scrutator,,110.0,2025-08-22,2026-08-22
malekko downer,,150.0,2025-08-22,2026-08-22
milkman pop top,,135.0,2025-08-22,2026-08-22
screwed circuits irvine's fuzz,,160.0,2025-08-22,2026-08-22
seeker shaman cv108,,130.0,2025-08-22,2026-08-22
morgan pedals fuzz,,85.0,2025-08-22,2026-08-22
catalinbread soft focus deluxe,,240.0,2025-08-22,2026-08-22
palmer pd106 di box,,200.0,2025-08-22,2026-08-22
ehx neo mistress,,50.0,2025-08-22,2026-08-22
d'addario chromatic pedal tuner plus,,40.0,2025-08-22,2026-08-22
Boss IR-2,,150.0,2025-08-22,2026-08-22
MXR EVH 5150 Overdrive,,125.0,2025-08-22,2026-08-22
Wampler Plexi Drive,,90.0,2025-08-22,2026-08-22
Boss CS-2 mij,,90.0,2025-08-22,2026-08-22
Keely Compressor,,85.0,2025-08-22,2026-08-22
Hermida Audio Dover Drive,,165.0,2025-08-22,2026-08-22
Electro Harmonix C9 Organ Machine,,120.0,2025-08-22,2026-08-22
J Rockett The Dude,,110.0,2025-08-22,2026-08-22
Vertex Steel String Singer SRV,,100.0,2025-08-22,2026-08-22
Dunlop Slash Crybaby,,75.0,2025-08-22,2026-08-22
ISP technologies Decimater II,,75.0,2025-08-22,2026-08-22
AW3 Dynamic Wah,,65.0,2025-08-22,2026-08-22
Keeley 4 knob compressor,,90.0,2025-08-22,2026-08-22
JAM Tubedreamer +,,150.0,2025-08-22,2026-08-22
Wampler SLOstortion,,105.0,2025-08-22,2026-08-22
Shin-ei Screaming Sister,,285.0,2025-08-22,2026-08-22
VOX V845 Wah,,50.0,2025-08-22,2026-08-22
zoom b6 bass multi fx,,280.0,2025-08-22,2026-08-22
boss ph-2,,90.0,2025-08-22,2026-08-22
boss oc-2,,150.0,2025-08-22,2026-08-22
visual sound route 66,,65.0,2025-08-22,2026-08-22
visual sound jekyll and hyde,,110.0,2025-08-22,2026-08-22
ehx mod11 modulator,,85.0,2025-08-22,2026-08-22
ehx oceans 11,,90.0,2025-08-22,2026-08-22
jackson broken arrow,,90.0,2025-08-22,2026-08-22
tc alter ego vintage echo v2,,80.0,2025-08-22,2026-08-22
oxd pedal,,25.0,2025-08-22,2026-08-22
mosky b box preamp pedal,,25.0,2025-08-22,2026-08-22
nobels odr mini,,50.0,2025-08-22,2026-08-22
wampler triumph overdrive,,60.0,2025-08-22,2026-08-22
music man albert lee hardtail 3 p90s,,1900.0,2025-08-22,2026-08-22
seeker tone seeker mk1,,385.0,2025-08-22,2026-08-22
fulltone ocd v1.4,,115.0,2025-08-22,2026-08-22
mxr bass envelope filter,,100.0,2025-08-22,2026-08-22
echoplex delay,,110.0,2025-08-22,2026-08-22
boss multi effects switcher,,240.0,2025-08-22,2026-08-22
ibanez ts mini,,45.0,2025-08-22,2026-08-22
joyo volume,,40.0,2025-08-22,2026-08-22
roland ev-5,,40.0,2025-08-22,2026-08-22
interstellar neptunian phaser,,135.0,2025-08-22,2026-08-22
zoom ms90lp multistomp,,90.0,2025-08-22,2026-08-22
cry baby wah - joe bonamassa edition,,100.0,2025-08-22,2026-08-22
marshall jcm 900 distortion,,105.0,2025-08-22,2026-08-22
fender downtown express,,130.0,2025-08-22,2026-08-22
lonewolf blues co,,65.0,2025-08-22,2026-08-22
walrus audio eb10,,100.0,2025-08-22,2026-08-22
lonewolf wild drive,,140.0,2025-08-22,2026-08-22
valeton gp-5,,65.0,2025-08-22,2026-08-22
warm audio centavo,,100.0,2025-08-22,2026-08-22
lpd mach 1,,120.0,2025-08-22,2026-08-22
boss rv-5,,85.0,2025-08-22,2026-08-22
way huge doom hammer,,125.0,2025-08-22,2026-08-22
warm audio throne of tone,,170.0,2025-08-22,2026-08-22
morley pro series distortion / wah,,65.0,2025-08-22,2026-08-22
digitech whammy 5,,175.0,2025-08-22,2026-08-22
valeton gp5,,65.0,2025-08-22,2026-08-22
marsling octa fuzz,,115.0,2025-08-22,2026-08-22
mxr hendrix 68 shrine series fuzz,,85.0,2025-08-22,2026-08-22
catalinbread perseus dio,,80.0,2025-08-22,2026-08-22
boss me-50b,,125.0,2025-08-22,2026-08-22
catalinbread airstrip,,100.0,2025-08-22,2026-08-22
ibanez tremolo mini,,65.0,2025-08-22,2026-08-22
mxr carbon copy,,70.0,2025-08-22,2026-08-22
fulltone full drive 2 mosfet,,70.0,2025-08-22,2026-08-22
keeley katana mini,,55.0,2025-08-22,2026-08-22
jhs 3 series flanger,,60.0,2025-08-22,2026-08-22
mxr 78 custom badass distortion,,40.0,2025-08-22,2026-08-22
xsonic u looper,,35.0,2025-08-22,2026-08-22
dunlop dc brick,,45.0,2025-08-22,2026-08-22
lekato delay studio ep-04,,25.0,2025-08-22,2026-08-22
boss ds-1,,40.0,2025-08-22,2026-08-22
donner tutti love,,25.0,2025-08-22,2026-08-22
sonicake dimension digital modulation,,30.0,2025-08-22,2026-08-22
marshall vt-1,,45.0,2025-08-22,2026-08-22
ahajii heavy metal distortion,,25.0,2025-08-22,2026-08-22
boss st-2,,60.0,2025-08-22,2026-08-22
ehx big muff,,60.0,2025-08-22,2026-08-22
Oberheim VCF-200,,750.0,2025-08-22,2026-08-22
ua heavenly,,85.0,2025-08-22,2026-08-22
mythos big puft fuzz,,150.0,2025-08-22,2026-08-22
valbruch 6 phi 4 phaser,,160.0,2025-08-22,2026-08-22
dry bell vibe machine v1,,235.0,2025-08-22,2026-08-22
walrus lum limited edition,,385.0,2025-08-22,2026-08-22
sinvertek no 5 distortion,,180.0,2025-08-22,2026-08-22
beetronics tuna fuzz,,65.0,2025-08-22,2026-08-22
tc hall of fame 2,,80.0,2025-08-22,2026-08-22
benson preamp,,165.0,2025-08-22,2026-08-22
j rockett tim pierce,,125.0,2025-08-22,2026-08-22
pigeon fx rangemaster,,215.0,2025-08-22,2026-08-22
j rockett allan holdsworth,,300.0,2025-08-22,2026-08-22
vox satchurator,,60.0,2025-08-22,2026-08-22
vox satchurator,,60.0,2025-08-22,2026-08-22
dunlop cry baby wah switch,,55.0,2025-08-22,2026-08-22
dunlop cry baby wah,,50.0,2025-08-22,2026-08-22
boss ds-1,,40.0,2025-08-22,2026-08-22
ehx soul food,,45.0,2025-08-22,2026-08-22
boss ds-1x,,80.0,2025-08-22,2026-08-22
morley steve vai bad horsie 2,,65.0,2025-08-22,2026-08-22
kingsley bard v3,,285.0,2025-08-22,2026-08-22
sweet sound mojo vibe,,350.0,2025-08-22,2026-08-22
fulltone ocd,,450.0,2025-08-22,2026-08-22
fulltone supa wah,,285.0,2025-08-22,2026-08-22
jhs lucky cat blackout,,150.0,2025-08-22,2026-08-22
boss re-2,,150.0,2025-08-22,2026-08-22
boss dd-7,,85.0,2025-08-22,2026-08-22
ehx canyon,,80.0,2025-08-22,2026-08-22
ibanez eq ge-601,,100.0,2025-08-22,2026-08-22
swindler effects iron drive,,80.0,2025-08-22,2026-08-22
t rex the twister,,120.0,2025-08-22,2026-08-22
boss fz-5 \,,75.0,2025-08-22,2026-08-22
boss hm-2,,120.0,2025-08-22,2026-08-22
digitech mosaic,,120.0,2025-08-22,2026-08-22
xotic effects soul driven,,110.0,2025-08-22,2026-08-22
mxr randy rhoades polka dot distortion plus,,385.0,2025-08-22,2026-08-22
keeley compressor c4 compressor,,75.0,2025-08-22,2026-08-22
beat buddy,,180.0,2025-08-22,2026-08-22
focusrite scarlett 4i4 3rd gen,,105.0,2025-08-22,2026-08-22
lr baggs venue,,215.0,2025-08-22,2026-08-22
boss ve-500,,300.0,2025-08-22,2026-08-22
singular sound footswitch,,25.0,2025-08-22,2026-08-22
radial big shot efx,,60.0,2025-08-22,2026-08-22
boss tu-12h,,30.0,2025-08-22,2026-08-22
mooer echolizer delay,,30.0,2025-08-22,2026-08-22
Analogman Dark Peppermint Fuzz,Mint,550.0,2025-08-22,2026-08-22
Analogman Sunface,,950.0,2025-08-22,2026-08-22
Victory Amplification V4 THE KRAKEN PREAMP pedal,,270.0,2025-08-22,2026-08-22
Magic Pedals DA-120 overdrive,,250.0,2025-08-22,2026-08-22
Magic Pedals Cthulhu Fuzz,,140.0,2025-08-22,2026-08-22
Dunwich Amplification Fuzz Throne,,175.0,2025-08-22,2026-08-22
caroline somersault lo fi modulator,,160.0,2025-08-22,2026-08-22
bbe mind bender vibrato chorus,,65.0,2025-08-22,2026-08-22
boss me-70,,140.0,2025-08-22,2026-08-22
ibanez ts808,,95.0,2025-08-22,2026-08-22
orange terror stamp,,115.0,2025-08-22,2026-08-22
boss cs-3,,55.0,2025-08-22,2026-08-22
boss ns-2,,50.0,2025-08-22,2026-08-22
Fender Tone Master Pro,,1100.0,2025-08-22,2026-08-22
mod duo,,180.0,2025-08-22,2026-08-22
catalinbread perseus,,75.0,2025-08-22,2026-08-22
stone deaf warp drive,,165.0,2025-08-22,2026-08-22
spaceman delta ii harmonic trem,,125.0,2025-08-22,2026-08-22
Electro-Harmonix Canyon w/box + power supply,,80.0,2025-08-22,2026-08-22
KMA Pylon w/box,,140.0,2025-08-22,2026-08-22
KSR Eros w/box,,130.0,2025-08-22,2026-08-22
Keeley Caverns v.2 w/box,,110.0,2025-08-22,2026-08-22
Earthquaker Devices Sea Machine v.2,,95.0,2025-08-22,2026-08-22
Fortin Zuul Blackout,,150.0,2025-08-22,2026-08-22
Earthquaker Devices Grand Orbiter v.2 w/box,,100.0,2025-08-22,2026-08-22
Lichtlaerm Audio King in Yellow w/box,,150.0,2025-08-22,2026-08-22
Horizon Devices Precision Drive w/box,,150.0,2025-08-22,2026-08-22
Joyo vintage phase w/box,,15.0,2025-08-22,2026-08-22
Joyo analog chorus w/box,,15.0,2025-08-22,2026-08-22
Dunlop volume XL w/box,,55.0,2025-08-22,2026-08-22
Earthquaker Devices Special Cranker w/box,,65.0,2025-08-22,2026-08-22
TC Electronic 3rd Dimension Chorus w/box,,25.0,2025-08-22,2026-08-22
D'addario Tuner w/box,,20.0,2025-08-22,2026-08-22
ehx pitchfork,,120.0,2025-08-22,2026-08-22
wampler belle,,90.0,2025-08-22,2026-08-22
xotic sl drive,,70.0,2025-08-22,2026-08-22
one control dimension blue monger,,80.0,2025-08-22,2026-08-22
xotic sl drive,,70.0,2025-08-22,2026-08-22
tc arena reverb,,75.0,2025-08-22,2026-08-22
xotic xw-1 wah,,165.0,2025-08-22,2026-08-22
tc ditto +,,65.0,2025-08-22,2026-08-22
tc ditto +,,65.0,2025-08-22,2026-08-22
xvive echoman v21,,45.0,2025-08-22,2026-08-22
boss ph-3,,60.0,2025-08-22,2026-08-22
tc sub n up,,60.0,2025-08-22,2026-08-22
rowin trelicopter,,20.0,2025-08-22,2026-08-22
tc ditto looper,,35.0,2025-08-22,2026-08-22
vox wah,,50.0,2025-08-22,2026-08-22
digitech main squeeze,,35.0,2025-08-22,2026-08-22
Ehx deep freeze,,110.0,2025-08-22,2026-08-22
ernie ball volume pedal,,80.0,2025-08-22,2026-08-22
hosa foot pedal,,25.0,2025-08-22,2026-08-22
EHX holy stain big box,,60.0,2025-08-22,2026-08-22
mxr micro flanger,,60.0,2025-08-22,2026-08-22
mxr fullbore metal,,50.0,2025-08-22,2026-08-22
jhs utility pedal,,40.0,2025-08-22,2026-08-22
mxr univibe,,75.0,2025-08-22,2026-08-22
xotic sp compressor,,80.0,2025-08-22,2026-08-22
mxr shrine hendrix fuzz,,85.0,2025-08-22,2026-08-22
mxr carbon copy,,70.0,2025-08-22,2026-08-22
boss te-2,,105.0,2025-08-22,2026-08-22
voodoo lab power mondo,,125.0,2025-08-22,2026-08-22
eventide time factor,,160.0,2025-08-22,2026-08-22
american looper,,135.0,2025-08-22,2026-08-22
xotic sp compressor,,80.0,2025-08-22,2026-08-22
fulltone ocd,,115.0,2025-08-22,2026-08-22
xotic ac booster,,90.0,2025-08-22,2026-08-22
morley power wah fuzz,,160.0,2025-08-22,2026-08-22
hammond auto-vari 64,,190.0,2025-08-22,2026-08-22
heil sound talk box,,110.0,2025-08-22,2026-08-22
danelectro tripl wah,,70.0,2025-08-22,2026-08-22
mxr smart gate,,60.0,2025-08-22,2026-08-22
dunlop fuzz face mini red,,80.0,2025-08-22,2026-08-22
moog 10 band eq rack unit,,575.0,2025-08-22,2026-08-22
stone deaf fx ep-1,,125.0,2025-08-22,2026-08-22
mxr evh phase 90,,75.0,2025-08-22,2026-08-22
mxr evh flanger,,110.0,2025-08-22,2026-08-22
nobels odr-1 modern,,65.0,2025-08-22,2026-08-22
stone deaf fx pdf-1,,235.0,2025-08-22,2026-08-22
ehx looper 360,,50.0,2025-08-22,2026-08-22
ehx satisfaction fuzz,,35.0,2025-08-22,2026-08-22
behringer chorus pedal,,25.0,2025-08-22,2026-08-22
ibanez ddl10,,70.0,2025-08-22,2026-08-22
dunlop wah,,50.0,2025-08-22,2026-08-22
6 pedals on board,,150.0,2025-08-22,2026-08-22
ehx satisfaction fuzz plus,,45.0,2025-08-22,2026-08-22
pigtronix constellator delay,,60.0,2025-08-22,2026-08-22
ehx stereo pulsar,,60.0,2025-08-22,2026-08-22
ehx pico platform,,70.0,2025-08-22,2026-08-22
ehx lpb-3 booster,,75.0,2025-08-22,2026-08-22
jhs haunting mids,,80.0,2025-08-22,2026-08-22
1967 marshall supa fuzz,,1500.0,2025-08-22,2026-08-22
early 1970 ibanez n 59 standard fuzz,,385.0,2025-08-22,2026-08-22
electronics sound ufo fuzz,,730.0,2025-08-22,2026-08-22
mxr bass sub octave fuzz,,110.0,2025-08-22,2026-08-22
tc helicon talk box synth,,80.0,2025-08-22,2026-08-22
way huge camel toe,,235.0,2025-08-22,2026-08-22
boss ds-2,,65.0,2025-08-22,2026-08-22
fender the pelt,,70.0,2025-08-22,2026-08-22
fender the bends,,65.0,2025-08-22,2026-08-22
boss dd-6,,75.0,2025-08-22,2026-08-22
roland t-8,,150.0,2025-08-22,2026-08-22
austone milennium overdrive,,250.0,2025-08-22,2026-08-22
austone milennium overdrive,,250.0,2025-08-22,2026-08-22
orange micro terror - 100,,90.0,2025-08-22,2026-08-22
orange micro dark - 150,,115.0,2025-08-22,2026-08-22
boss gt-6 - 100,,100.0,2025-08-22,2026-08-22
daredevil cocked and fearless distortion - 190,,100.0,2025-08-22,2026-08-22
dod envelope filter 440 - 120,,65.0,2025-08-22,2026-08-22
behringer fd300 - 90,,70.0,2025-08-22,2026-08-22
daneelctro back talk reverse delay - 150,,115.0,2025-08-22,2026-08-22
ehx pitch fork plus - 150,,140.0,2025-08-22,2026-08-22
fulltone plimsoul - 100,,80.0,2025-08-22,2026-08-22
dunlop cry baby from hell - 200,,120.0,2025-08-22,2026-08-22
noise kick fx bob ross lazer fuzz - 200,,115.0,2025-08-22,2026-08-22
eqd palisades - 150,,135.0,2025-08-22,2026-08-22
tc quintessence - 120,,80.0,2025-08-22,2026-08-22
digitech jam man stereo - 100,,90.0,2025-08-22,2026-08-22
red witch synthotron iii - 350,,350.0,2025-08-22,2026-08-22
solidgoldfx 76 plus octave fuzz - 250,,200.0,2025-08-22,2026-08-22
mu tron micro tron envelope filter - 250,,250.0,2025-08-22,2026-08-22
moogerfooger murf mf-105 - 900,,500.0,2025-08-22,2026-08-22
big muff pi tone wicker,,55.0,2025-08-22,2026-08-22
ehx / jhs lizard queen - 50,,35.0,2025-08-22,2026-08-22
boss sd-1 - 60,,45.0,2025-08-22,2026-08-22
behringer super octaver - 80,,25.0,2025-08-22,2026-08-22
danelectro fab 600ms delay - 25,,25.0,2025-08-22,2026-08-22
danelectro daddy o - 50,,50.0,2025-08-22,2026-08-22
digitech screamin blues  - 50,,50.0,2025-08-22,2026-08-22
ehx soul food w/ monte allums klon mod kit,,75.0,2025-08-22,2026-08-22
stewmac ghost drive,,65.0,2025-08-22,2026-08-22
boss dc-2w,,150.0,2025-08-22,2026-08-22
demonfx king of drive,,40.0,2025-08-22,2026-08-22
t-rex diva drive,,45.0,2025-08-22,2026-08-22
tech 21 sansamp yyz,,140.0,2025-08-22,2026-08-22
mxr carbon copy,,70.0,2025-08-22,2026-08-22
mxr bass envelope filter,,90.0,2025-08-22,2026-08-22
harmonic booster clean bass preamp,,125.0,2025-08-22,2026-08-22
walrus audio julia,,120.0,2025-08-22,2026-08-22
peterson strobostomp,,85.0,2025-08-22,2026-08-22
jam waterfall bass,,175.0,2025-08-22,2026-08-22
keeley neutrino,,70.0,2025-08-22,2026-08-22
mr black fwonkbeta,,120.0,2025-08-22,2026-08-22
tech 21 dug pinnick,,200.0,2025-08-22,2026-08-22
tech 21 sansamp di-2112,,235.0,2025-08-22,2026-08-22
maxon analog delay,,90.0,2025-08-22,2026-08-22
jhs morning glory v4,,120.0,2025-08-22,2026-08-22
fulltone soul bender small box,,110.0,2025-08-22,2026-08-22
eqd hoof,,100.0,2025-08-22,2026-08-22
death by audio reverberation machine,,130.0,2025-08-22,2026-08-22
xotic ep booster,,80.0,2025-08-22,2026-08-22
stomp under foot civil unrest,,120.0,2025-08-22,2026-08-22
acid fuzz sonic boom,,650.0,2025-08-22,2026-08-22
death by audio super fuzz war,,585.0,2025-08-22,2026-08-22
ben milner furs face,,220.0,2025-08-22,2026-08-22
vox tonelab,,80.0,2025-08-22,2026-08-22
digitech jam man solo,,115.0,2025-08-22,2026-08-22
boss rc-50,,170.0,2025-08-22,2026-08-22
morley volume pedal,,30.0,2025-08-22,2026-08-22
mxr micro amp,,55.0,2025-08-22,2026-08-22
Wampler dual fusion v2,,120.0,2025-08-22,2026-08-22
rowin noise gate,,25.0,2025-08-22,2026-08-22
donner ultimate comp,,20.0,2025-08-22,2026-08-22
azor tremolo,,25.0,2025-08-22,2026-08-22
donner yellow fall,,20.0,2025-08-22,2026-08-22
stax harmonizer,,25.0,2025-08-22,2026-08-22
sonicake blue,,25.0,2025-08-22,2026-08-22
mini pedal,,25.0,2025-08-22,2026-08-22
mini pedal,,25.0,2025-08-22,2026-08-22
sonicake levitate,,30.0,2025-08-22,2026-08-22
danelectro cool cat vibe,,60.0,2025-08-22,2026-08-22
gokko divine,,30.0,2025-08-22,2026-08-22
behringer cs400,,25.0,2025-08-22,2026-08-22
behringer uc200,,25.0,2025-08-22,2026-08-22
behringer vd400,,20.0,2025-08-22,2026-08-22
tc forcefield,,25.0,2025-08-22,2026-08-22
tc crescendo,,30.0,2025-08-22,2026-08-22
boss ce-5,,70.0,2025-08-22,2026-08-22
arion dcf-1,,100.0,2025-08-22,2026-08-22
80s proco rat big box,,550.0,2025-08-22,2026-08-22
90s dod noise gate,,60.0,2025-08-22,2026-08-22
chicago stompworks octave,,50.0,2025-08-22,2026-08-22
line 6 hx effects,,410.0,2025-08-22,2026-08-22
Freidman mic no mo,,55.0,2025-08-22,2026-08-22
MXL dual professional mic kit 990/991,,45.0,2025-08-22,2026-08-22
Mesa boogie 2 button,,30.0,2025-08-22,2026-08-22
walrus audio messner,,65.0,2025-08-22,2026-08-22
apollo approved anchor jubilee,,350.0,2025-08-22,2026-08-22
ehx hog 2,,210.0,2025-08-22,2026-08-22
ehx 360 looper,,50.0,2025-08-22,2026-08-22
line 6 hx one,,185.0,2025-08-22,2026-08-22
eventide  h90,,700.0,2025-08-22,2026-08-22
strymon flint v2,,255.0,2025-08-22,2026-08-22
mxr bradshaw resonator,,200.0,2025-08-22,2026-08-22
sonic research turbo mini tuner,,100.0,2025-08-22,2026-08-22
a3 custom  volume,,225.0,2025-08-22,2026-08-22
rgw electronics bad bob,,250.0,2025-08-22,2026-08-22
apollo approved sawdust,,320.0,2025-08-22,2026-08-22
origin effects cal76 fet,,300.0,2025-08-22,2026-08-22
vertex boost mkii,,140.0,2025-08-22,2026-08-22
strymon brig,,175.0,2025-08-22,2026-08-22
xts custom input box,,75.0,2025-08-22,2026-08-22
ua ruby 63,,185.0,2025-08-22,2026-08-22
death by audio crossover fuzz,,190.0,2025-08-22,2026-08-22
walrus fundamental ambient,,70.0,2025-08-22,2026-08-22
shnobel boost,,90.0,2025-08-22,2026-08-22
strymon conduit box,,85.0,2025-08-22,2026-08-22
2025 suhr classic t swamp ash,,2300.0,2025-08-22,2026-08-22
2025 mesa boogie fillmore 50 112 combo w/ custom cover,,1150.0,2025-08-22,2026-08-22
3 cases,,282.0,2025-08-22,2026-08-22
dunlop hendrix fuzz face,,130.0,2025-08-22,2026-08-22
moogerfooger lowpass filter,,400.0,2025-08-22,2026-08-22
eqd interstellar orbiter,,165.0,2025-08-22,2026-08-22
eqd rainbow machine,,150.0,2025-08-22,2026-08-22
vertex ultra phonix,,120.0,2025-08-22,2026-08-22
eqd bit commander,,140.0,2025-08-22,2026-08-22
eqd arpanoid,,135.0,2025-08-22,2026-08-22
eqd terminal,,120.0,2025-08-22,2026-08-22
eqd spatial delivery,,150.0,2025-08-22,2026-08-22
eqd astral destiny,,120.0,2025-08-22,2026-08-22
soundtank echo machine,,85.0,2025-08-22,2026-08-22
eqd aftermath,,135.0,2025-08-22,2026-08-22
eavesdropper ranchero,,150.0,2025-08-22,2026-08-22
strymon blue sky,,185.0,2025-08-22,2026-08-22
alesis nanoverb,,65.0,2025-08-22,2026-08-22
ehx pog2,,225.0,2025-08-22,2026-08-22
finding that tone: bblues one,,160.0,2025-08-22,2026-08-22
truetone onespot pro cs6,,105.0,2025-08-22,2026-08-22
lr baggs align series: session,,105.0,2025-08-22,2026-08-22
lr baggs align series: chorus,,110.0,2025-08-22,2026-08-22
lr baggs align series: delay,,110.0,2025-08-22,2026-08-22
lr baggs align series: reverb,,105.0,2025-08-22,2026-08-22
finding that tone: ambar dual overdrive,,200.0,2025-08-22,2026-08-22
line 6 hx stomp,,435.0,2025-08-22,2026-08-22
octonaut hyperdrive,,125.0,2025-08-22,2026-08-22
eqd data corrupter,,160.0,2025-08-22,2026-08-22
analogman prince of tone,,175.0,2025-08-22,2026-08-22
morgan nkt 275 fuzz,,130.0,2025-08-22,2026-08-22
quinn custom designs nkt 275 sungod,,135.0,2025-08-22,2026-08-22
cioks dc7,,190.0,2025-08-22,2026-08-22
cioks dc7,,190.0,2025-08-22,2026-08-22
dunlop volume pedal,,90.0,2025-08-22,2026-08-22
revv g3 anniversary,,150.0,2025-08-22,2026-08-22
fender hello kitty fuzz,,160.0,2025-08-22,2026-08-22
jet revelation,,160.0,2025-08-22,2026-08-22
danelectro daddy o,,50.0,2025-08-22,2026-08-22
danelectro cool cat,,50.0,2025-08-22,2026-08-22
danelectro dan-echo,,45.0,2025-08-22,2026-08-22
dunlop cry baby 535q,,60.0,2025-08-22,2026-08-22
boss fz-5,,65.0,2025-08-22,2026-08-22
fulltone ocd,,110.0,2025-08-22,2026-08-22
peace hill fx ts808 modded,,425.0,2025-08-22,2026-08-22
mythos argo blackout edition,,140.0,2025-08-22,2026-08-22
joe gore the cult,,150.0,2025-08-22,2026-08-22
dustin ivor,,1000.0,2025-08-22,2026-08-22
plus $600 already paid,,1886.25,2025-08-22,2026-08-22
fender reflecting pool,,170.0,2025-08-22,2026-08-22
boss chorus ensemble,,60.0,2025-08-22,2026-08-22
ehx b9,,135.0,2025-08-22,2026-08-22
ehx c9,,135.0,2025-08-22,2026-08-22
boss ch-1,,65.0,2025-08-22,2026-08-22
carl martin route box amp selector,,70.0,2025-08-22,2026-08-22
MXR Joe Bonamassa FET Driver CSP265,,130.0,2025-08-22,2026-08-22
MXR M68 uni-vibe,,75.0,2025-08-22,2026-08-22
DOD Overdrive Preamp FX50,,80.0,2025-08-22,2026-08-22
Boss TU-3 Chromatic Tuner,,60.0,2025-08-22,2026-08-22
boss fz-1w,,110.0,2025-08-22,2026-08-22
boss bp-1w,,115.0,2025-08-22,2026-08-22
boss ce-2w,,150.0,2025-08-22,2026-08-22
boss tu-3w,,100.0,2025-08-22,2026-08-22
boss dd-8,,110.0,2025-08-22,2026-08-22
boss rc-1,,70.0,2025-08-22,2026-08-22
boss re-2,,140.0,2025-08-22,2026-08-22
mxr studio compressor,,110.0,2025-08-22,2026-08-22
mxr dyna comp deluxe,,70.0,2025-08-22,2026-08-22
keeley compressor,,80.0,2025-08-22,2026-08-22
dod shoe looking glass overdrive,,100.0,2025-08-22,2026-08-22
xotic effects soul driver,,100.0,2025-08-22,2026-08-22
fulltone ocd,,110.0,2025-08-22,2026-08-22
ehx green russian big muff small box,,65.0,2025-08-22,2026-08-22
80s ibanez cs-9,,120.0,2025-08-22,2026-08-22
90s bioxic expandora,,185.0,2025-08-22,2026-08-22
cioks ciokolate,,210.0,2025-08-22,2026-08-22
pedaltrain classic 2,,80.0,2025-08-22,2026-08-22
cmatmods brownie,,105.0,2025-08-22,2026-08-22
lovepedal tchula drive gold,,100.0,2025-08-22,2026-08-22
granville copper drive,,85.0,2025-08-22,2026-08-22
mad professor deep blue delay,,110.0,2025-08-22,2026-08-22
tc hall of fame 2,,80.0,2025-08-22,2026-08-22
prescription electronics facelift,,450.0,2025-08-22,2026-08-22
cornish grey series cc-1,,625.0,2025-08-22,2026-08-22
morley mark tremonti wah,,90.0,2025-08-22,2026-08-22
boss fs-6,,25.0,2025-08-22,2026-08-22
boss dr-880,,225.0,2025-08-22,2026-08-22
digitech whammy dt,,230.0,2025-08-22,2026-08-22
jptr fx super weirdo,,145.0,2025-08-22,2026-08-22
t rex replica,,130.0,2025-08-22,2026-08-22
bogner ecstasy,,110.0,2025-08-22,2026-08-22
suhr riot,,110.0,2025-08-22,2026-08-22
wampler nirvana,,115.0,2025-08-22,2026-08-22
lovepedal les lius,,135.0,2025-08-22,2026-08-22
EHX Grand Canyon- like new,,140.0,2025-08-22,2026-08-22
LR Baggs Align Session,,105.0,2025-08-22,2026-08-22
LR Baggs Align Series Chorus,,110.0,2025-08-22,2026-08-22
LR Baggs Align Series Delay,,110.0,2025-08-22,2026-08-22
LR Baggs Align Series Reverb,,115.0,2025-08-22,2026-08-22
BOSS OC5 - like new,,100.0,2025-08-22,2026-08-22
MXR M76 Comp- very good,Very Good,110.0,2025-08-22,2026-08-22
TC Electronics SCF Gold - very good,Very Good,65.0,2025-08-22,2026-08-22
BOSS RC10R - great,,160.0,2025-08-22,2026-08-22
BOSS DD-200 - great,,175.0,2025-08-22,2026-08-22
BOSS RV-200 - great,,175.0,2025-08-22,2026-08-22
J Rockett Archer Clean - like new,,115.0,2025-08-22,2026-08-22
Keeley Abbey Chamber- great,,140.0,2025-08-22,2026-08-22
JHS Octave Reverb - very good,Very Good,55.0,2025-08-22,2026-08-22
Radial Engineering BigShot EFX - like new,,60.0,2025-08-22,2026-08-22
Vox Wah - fair,Fair,45.0,2025-08-22,2026-08-22
VooDoo Labs Pedal power 2 - good,Good,70.0,2025-08-22,2026-08-22
MXR M117R Flanger - good,Good,110.0,2025-08-22,2026-08-22
BOSS SY-200 - great,,200.0,2025-08-22,2026-08-22
2023 PRS DGT Trem Antique White,,2665.0,2025-08-22,2026-08-22
line 6 pod,,65.0,2025-08-22,2026-08-22
voodoo lab pedal power 2,,70.0,2025-08-22,2026-08-22
tc holy grail neo,,80.0,2025-08-22,2026-08-22
tc helicon harmony,,125.0,2025-08-22,2026-08-22
keeley mag echo,,75.0,2025-08-22,2026-08-22
cry baby mini wah,,80.0,2025-08-22,2026-08-22
fulltone clyde deluxe wah,,140.0,2025-08-22,2026-08-22
mxr stereo chorus yellow,,70.0,2025-08-22,2026-08-22
one control crocodile tail loop switcher,,265.0,2025-08-22,2026-08-22
ibanez classic flange,,230.0,2025-08-22,2026-08-22
donner mini pedal,,25.0,2025-08-22,2026-08-22
tc polytune mini,,45.0,2025-08-22,2026-08-22
ehx triangle big muff original,,1034.0,2025-08-22,2026-08-22
boss df-2,,170.0,2025-08-22,2026-08-22
boss ph-1,,175.0,2025-08-22,2026-08-22
line 6 pod hd500,,130.0,2025-08-22,2026-08-22
digitech rp55,,40.0,2025-08-22,2026-08-22
donner dark mouse,,25.0,2025-08-22,2026-08-22
mxr super badass distortion,,50.0,2025-08-22,2026-08-22
fulltone gt-500,,85.0,2025-08-22,2026-08-22
friedman be-od,,105.0,2025-08-22,2026-08-22
boss bd-2,,65.0,2025-08-22,2026-08-22
boss ns-2,,65.0,2025-08-22,2026-08-22
lpd seventy 4 preamp,,100.0,2025-08-22,2026-08-22
mxr smart gate,,60.0,2025-08-22,2026-08-22
caline sand storm distortion,,25.0,2025-08-22,2026-08-22
mxr micro amp,,55.0,2025-08-22,2026-08-22
mxr micro amp,,55.0,2025-08-22,2026-08-22
boss tu-2,,60.0,2025-08-22,2026-08-22
behringer fx600,,25.0,2025-08-22,2026-08-22
prs special 22 semi hollow,,3000.0,2025-08-22,2026-08-22
boss mt-2 aman mod,,160.0,2025-08-22,2026-08-22
ibanez pan delay,,120.0,2025-08-22,2026-08-22
ibanez delay ii,,70.0,2025-08-22,2026-08-22
signal blender,,85.0,2025-08-22,2026-08-22
void manufacturing trend killer,,135.0,2025-08-22,2026-08-22
boss mt-2,,60.0,2025-08-22,2026-08-22
boss mt-2,,60.0,2025-08-22,2026-08-22
mesa boogie footswitch,,35.0,2025-08-22,2026-08-22
mesa boogie footswitch,,35.0,2025-08-22,2026-08-22
radial big shot aby,,60.0,2025-08-22,2026-08-22
korg tuner,,55.0,2025-08-22,2026-08-22
r weaver fx scarlet vibe,,315.0,2025-08-22,2026-08-22
shure sm57,,70.0,2025-08-22,2026-08-22
sennheiser e906,,130.0,2025-08-22,2026-08-22
ibanez ts9,,70.0,2025-08-22,2026-08-22
warm audio jet phaser,,80.0,2025-08-22,2026-08-22
behringer cs400,,25.0,2025-08-22,2026-08-22
nux plexi crunch,,30.0,2025-08-22,2026-08-22
vox wah,,60.0,2025-08-22,2026-08-22
digitech jam man express,,50.0,2025-08-22,2026-08-22
ehx big muff tone wicker,,50.0,2025-08-22,2026-08-22
boss me-80,,160.0,2025-08-22,2026-08-22
boss ps-3,,190.0,2025-08-22,2026-08-22
boss cs-2,,110.0,2025-08-22,2026-08-22
mvave mini universe,,25.0,2025-08-22,2026-08-22
mvave ir box,,25.0,2025-08-22,2026-08-22
ehx pog iii,,335.0,2025-08-22,2026-08-22
boss ve-20,,185.0,2025-08-22,2026-08-22
Tech21 NYC Bass Boost Fuzz brand new in box,,80.0,2025-08-22,2026-08-22
MXR Bass Fuzz Deluxe. Mint in box,Mint,75.0,2025-08-22,2026-08-22
MXR Bass Chorus Deluxe. Mint in box,Mint,110.0,2025-08-22,2026-08-22
Mark Bass Super Synth,,100.0,2025-08-22,2026-08-22
Ibanez dual chorus,,100.0,2025-08-22,2026-08-22
Ashdown Lomenzo Bass Hyper Drive,,85.0,2025-08-22,2026-08-22
Ashdown Lomenzo Bass Hyper Drive,,85.0,2025-08-22,2026-08-22
Fulltone Bass Drive,,185.0,2025-08-22,2026-08-22
Axess BS2 BUFFERSPLITTER,,115.0,2025-08-22,2026-08-22
Boss Bass Synthesizer SYB-5 As new in box,,100.0,2025-08-22,2026-08-22
EbTech Hum Eliminator,,65.0,2025-08-22,2026-08-22
Univox Square Wave fuzz,,150.0,2025-08-22,2026-08-22
Fishman AURA 16. like new,,85.0,2025-08-22,2026-08-22
DanElectro Dan-Echo,,45.0,2025-08-22,2026-08-22
ehx soul food,,45.0,2025-08-22,2026-08-22
mxr gt-od,,55.0,2025-08-22,2026-08-22
tc choka,,30.0,2025-08-22,2026-08-22
tc eyemaster,,30.0,2025-08-22,2026-08-22
tc rusty fuzz,,25.0,2025-08-22,2026-08-22
tc jims 800,,85.0,2025-08-22,2026-08-22
fulltone ocd,,110.0,2025-08-22,2026-08-22
diamond compressor 2010s,,205.0,2025-08-22,2026-08-22
fulltone of-2,,110.0,2025-08-22,2026-08-22
walrus audio arp-87,,110.0,2025-08-22,2026-08-22
wampler ace thirty,,160.0,2025-08-22,2026-08-22
keeley modded boss tr-2,,145.0,2025-08-22,2026-08-22
fulltone mini deja vibe,,200.0,2025-08-22,2026-08-22
boss mt-2,,50.0,2025-08-22,2026-08-22
boss ds-1,,40.0,2025-08-22,2026-08-22
boss ns-2,,60.0,2025-08-22,2026-08-22
boss ls-2,,75.0,2025-08-22,2026-08-22
boss ch-1,,65.0,2025-08-22,2026-08-22
mxr custom badass modified,,65.0,2025-08-22,2026-08-22
dunlop mini fuzz face,,80.0,2025-08-22,2026-08-22
morley wvo volume wah,,125.0,2025-08-22,2026-08-22
behringer hellbabe wah,,40.0,2025-08-22,2026-08-22
behringer am400,,65.0,2025-08-22,2026-08-22
behringer gdi 21 v tone amp modeler,,35.0,2025-08-22,2026-08-22
behringer ucg102 guitar link,,25.0,2025-08-22,2026-08-22
arion smm1 metal master,,40.0,2025-08-22,2026-08-22
fender pt-10,,25.0,2025-08-22,2026-08-22
big jam pulse regulator power supply,,65.0,2025-08-22,2026-08-22
art tube mp,,40.0,2025-08-22,2026-08-22
digitech rp300r,,45.0,2025-08-22,2026-08-22
dearmond model 1602 volume pedal script,,50.0,2025-08-22,2026-08-22
dearmond model 1602 volume pedal,,35.0,2025-08-22,2026-08-22
arion sch1 stereo chorus,,100.0,2025-08-22,2026-08-22
tc helicon voicetone harmony g xt,,160.0,2025-08-22,2026-08-22
tc r1 vocal tuned reverb,,85.0,2025-08-22,2026-08-22
boss re-2,,150.0,2025-08-22,2026-08-22
mxr m300,,110.0,2025-08-22,2026-08-22
mxr phase 90,,55.0,2025-08-22,2026-08-22
mxr 6 band eq,,75.0,2025-08-22,2026-08-22
lotkey power supply dc core10,,25.0,2025-08-22,2026-08-22
korg pitchblack advance tuner white,,50.0,2025-08-22,2026-08-22
on-stage pedal tuner,,25.0,2025-08-22,2026-08-22
tc spark mini,,40.0,2025-08-22,2026-08-22
greenchild k818 overdrive,,120.0,2025-08-22,2026-08-22
mythos mjolnir germanium limited edition,,200.0,2025-08-22,2026-08-22
kraucyk effect custom blackout dynamic od,,140.0,2025-08-22,2026-08-22
Saggitarius 1970 bc108 fuzz face,,100.0,2025-08-22,2026-08-22
saggitarius 1968 nkt275 fuzz face with bias,,100.0,2025-08-22,2026-08-22
tronfx gc3 military spec,,90.0,2025-08-22,2026-08-22
dcw klon style buffer,,40.0,2025-08-22,2026-08-22
dcw cornish style buffer,,40.0,2025-08-22,2026-08-22
sonic research st-300 tuner,,120.0,2025-08-22,2026-08-22
arc effects klone v2,,160.0,2025-08-22,2026-08-22
fulltone ocd,,120.0,2025-08-22,2026-08-22
ernie ball volume pedal,,100.0,2025-08-22,2026-08-22
snarling dog wah,,110.0,2025-08-22,2026-08-22
effectrode compressor,,285.0,2025-08-22,2026-08-22
digitech trio plus,,200.0,2025-08-22,2026-08-22
mooer,,25.0,2025-08-22,2026-08-22
line 6 helix lt,,650.0,2025-08-22,2026-08-22
line 6 pod go,,330.0,2025-08-22,2026-08-22
tc t2 reverb,,85.0,2025-08-22,2026-08-22
eqd the depths,,100.0,2025-08-22,2026-08-22
keeley neutrino,,70.0,2025-08-22,2026-08-22
pigtronix ringmaster,,120.0,2025-08-22,2026-08-22
boss ve-8,,215.0,2025-08-22,2026-08-22
source audio dual expression pedal,,70.0,2025-08-22,2026-08-22
tc bona fide buffer,,25.0,2025-08-22,2026-08-22
boss rc-2,,65.0,2025-08-22,2026-08-22
xotic super sweet,,80.0,2025-08-22,2026-08-22
ua volt 1 interface,,75.0,2025-08-22,2026-08-22
tc polytune 3 mini,,40.0,2025-08-22,2026-08-22
xsonic airstep tx for tonex,,50.0,2025-08-22,2026-08-22
donner noise killer,,25.0,2025-08-22,2026-08-22
tech 21 acoustic fly rig,,150.0,2025-08-22,2026-08-22
jetter gain stage,,100.0,2025-08-22,2026-08-22
warm audio warm drive,,85.0,2025-08-22,2026-08-22
boss bd-2w,,120.0,2025-08-22,2026-08-22
mesa grid slammer,,115.0,2025-08-22,2026-08-22
xotic super sweet,,90.0,2025-08-22,2026-08-22
xotic super clean,,90.0,2025-08-22,2026-08-22
tc polytune 3 mini noir,,80.0,2025-08-22,2026-08-22
j rockett archer ikon,,120.0,2025-08-22,2026-08-22
wampler tumnus,,100.0,2025-08-22,2026-08-22
barber gain changer,,125.0,2025-08-22,2026-08-22
mxr rockman x100,,170.0,2025-08-22,2026-08-22
keeley manis,,120.0,2025-08-22,2026-08-22
keeley 30 ms,,125.0,2025-08-22,2026-08-22
nobels odr-1x,,85.0,2025-08-22,2026-08-22
chase bliss brothers am,,335.0,2025-08-22,2026-08-22
two notes le lead,,150.0,2025-08-22,2026-08-22
Boss Ge7,,85.0,2025-08-22,2026-08-22
MXR silver 10 band graphic eq,,90.0,2025-08-22,2026-08-22
xotic effects RC booster V2,,105.0,2025-08-22,2026-08-22
Keely Phat mod,,85.0,2025-08-22,2026-08-22
EHX “the worm” reissue,,90.0,2025-08-22,2026-08-22
voodoo lab 4X4 power supply,,85.0,2025-08-22,2026-08-22
Omec teleport,,40.0,2025-08-22,2026-08-22
one control minimal series white loop,,50.0,2025-08-22,2026-08-22
Boss MS3,,225.0,2025-08-22,2026-08-22
digitech drop,,140.0,2025-08-22,2026-08-22
roland vg-88,,500.0,2025-08-22,2026-08-22
roland vg-88,,500.0,2025-08-22,2026-08-22
roland gr-33,,250.0,2025-08-22,2026-08-22
boss oc-2,,150.0,2025-08-22,2026-08-22
lr baggs para acoustic di,,115.0,2025-08-22,2026-08-22
ibanez ge-9,,120.0,2025-08-22,2026-08-22
boss tu-3,,55.0,2025-08-22,2026-08-22
boss fv-50,,40.0,2025-08-22,2026-08-22
boss ev-5,,40.0,2025-08-22,2026-08-22
digitech fs3x,,25.0,2025-08-22,2026-08-22
boss ch-1,,65.0,2025-08-22,2026-08-22
black volt,,400.0,2025-08-22,2026-08-22
beat buddy,,170.0,2025-08-22,2026-08-22
big joe texas screamer,,65.0,2025-08-22,2026-08-22
kmise trem,,30.0,2025-08-22,2026-08-22
donner dynamic wah,,25.0,2025-08-22,2026-08-22
jhs pack rat,,150.0,2025-08-22,2026-08-22
suhr riot,,115.0,2025-08-22,2026-08-22
revv g3,,100.0,2025-08-22,2026-08-22
mxr wylde berserker overdrive,,105.0,2025-08-22,2026-08-22
wampler catapulp,,130.0,2025-08-22,2026-08-22
guyatone vt3,,65.0,2025-08-22,2026-08-22
walrus eras,,115.0,2025-08-22,2026-08-22
xotic sl drive,,70.0,2025-08-22,2026-08-22
xotic bb preamp,,100.0,2025-08-22,2026-08-22
friedman be-od,,100.0,2025-08-22,2026-08-22
sd twin tube blue,,150.0,2025-08-22,2026-08-22
behringer sf300,,30.0,2025-08-22,2026-08-22
jangle box compressor,,125.0,2025-08-22,2026-08-22
keeley compressor,,75.0,2025-08-22,2026-08-22
ehx pog micro octave,,115.0,2025-08-22,2026-08-22
ehx s9 string ensemble,,160.0,2025-08-22,2026-08-22
mxr distortion iii,,50.0,2025-08-22,2026-08-22
noisemaker hipster,,55.0,2025-08-22,2026-08-22
tc polytune,,45.0,2025-08-22,2026-08-22
eqd acapulco gold,,80.0,2025-08-22,2026-08-22
fulltone ocd v2,,100.0,2025-08-22,2026-08-22
zamp 59 amp,,90.0,2025-08-22,2026-08-22
wampler tumnus deluxe,,120.0,2025-08-22,2026-08-22
tulpa fx low gain fuzz / od,,60.0,2025-08-22,2026-08-22
tulpa fx od,,60.0,2025-08-22,2026-08-22
tc stereo chorus black and purple,,135.0,2025-08-22,2026-08-22
tc nova delay,,90.0,2025-08-22,2026-08-22
lovepedal echo baby,,70.0,2025-08-22,2026-08-22
line 6 relay g10s,,110.0,2025-08-22,2026-08-22
ebs unichorus,,90.0,2025-08-22,2026-08-22
fishman platinum stage,,100.0,2025-08-22,2026-08-22
morley abc blue,,60.0,2025-08-22,2026-08-22
tc choka,,25.0,2025-08-22,2026-08-22
boss rc-2,,60.0,2025-08-22,2026-08-22
generic black buffer,,25.0,2025-08-22,2026-08-22
korg pandora px4d,,55.0,2025-08-22,2026-08-22
rfx aby switch,,25.0,2025-08-22,2026-08-22
mxr phase 90 script,,335.0,2025-08-22,2026-08-22
eventide mixing link,,235.0,2025-08-22,2026-08-22
hardwire rv-7,,220.0,2025-08-22,2026-08-22
roger mayer vision wah,,285.0,2025-08-22,2026-08-22
singular sound beat buddy,,170.0,2025-08-22,2026-08-22
ehx c9 organ machine,,135.0,2025-08-22,2026-08-22
boss bd-2,,65.0,2025-08-22,2026-08-22
digitech sdrum,,110.0,2025-08-22,2026-08-22
singular sound footswitch,,25.0,2025-08-22,2026-08-22
boss tu-2,,45.0,2025-08-22,2026-08-22
mini cry baby wah,,60.0,2025-08-22,2026-08-22
mxr analog chorus,,60.0,2025-08-22,2026-08-22
joyo dyna comp,,25.0,2025-08-22,2026-08-22
behringer vd400,,25.0,2025-08-22,2026-08-22
behringer ut300,,25.0,2025-08-22,2026-08-22
behringer to800,,25.0,2025-08-22,2026-08-22
mythos 1347 fuzz,,120.0,2025-08-22,2026-08-22
keeley halo,,175.0,2025-08-22,2026-08-22
kingtone vintage fuzz,,285.0,2025-08-22,2026-08-22
boss aw-2 w/ mckinley noise hum mod,,85.0,2025-08-22,2026-08-22
boss aw-2,,70.0,2025-08-22,2026-08-22
boss tw-1,,130.0,2025-08-22,2026-08-22
roland ev-1-wl,,90.0,2025-08-22,2026-08-22
behringer bass limiter enhancer,,25.0,2025-08-22,2026-08-22
ehx triboro bridge,,50.0,2025-08-22,2026-08-22
tc mojo mojo \,,45.0,2025-08-22,2026-08-22
tc cinders,,25.0,2025-08-22,2026-08-22
tc honey pot,,30.0,2025-08-22,2026-08-22
tc rusty fuzz,,30.0,2025-08-22,2026-08-22
ehx pico platform,,70.0,2025-08-22,2026-08-22
ehx pico attack decay,,80.0,2025-08-22,2026-08-22
boss ge-7,,85.0,2025-08-22,2026-08-22
riccardi relic strat,,860.0,2025-08-22,2026-08-22
riccardi relic tele,,860.0,2025-08-22,2026-08-22
peavey bandit signature supreme preamp pedal,,165.0,2025-08-22,2026-08-22
lsl og od,,120.0,2025-08-22,2026-08-22
way huge deep state blackout,,175.0,2025-08-22,2026-08-22
grace design bix,,260.0,2025-08-22,2026-08-22
becos compiq red knobs,,175.0,2025-08-22,2026-08-22
becos compiq,,175.0,2025-08-22,2026-08-22
spaceman orion,,385.0,2025-08-22,2026-08-22
milkman high headroom pop top boost,,140.0,2025-08-22,2026-08-22
henretta turquoise army flanger,,90.0,2025-08-22,2026-08-22
montreal assembly too positive,,100.0,2025-08-22,2026-08-22
suhr discovery,,415.0,2025-08-22,2026-08-22
gfi synesthesia,,310.0,2025-08-22,2026-08-22
gfi synesthesia,,310.0,2025-08-22,2026-08-22
subdecay tremcoder mkii,,225.0,2025-08-22,2026-08-22
ehx pico pog,,150.0,2025-08-22,2026-08-22
pladask elektrisk etterslep,,400.0,2025-08-22,2026-08-22
endangered audio research ad4096,,400.0,2025-08-22,2026-08-22
eventide ultratap,,115.0,2025-08-22,2026-08-22
strymon brig,,175.0,2025-08-22,2026-08-22
eventide micropitch,,160.0,2025-08-22,2026-08-22
mr black analog chorus / vibrato,,170.0,2025-08-22,2026-08-22
matthews effects the botanist,,105.0,2025-08-22,2026-08-22
strymon ec-1,,190.0,2025-08-22,2026-08-22
henretta moody blue reverb,,75.0,2025-08-22,2026-08-22
amt ex-10f-ii expression pedal,,120.0,2025-08-22,2026-08-22
free the tone tri avatar,,220.0,2025-08-22,2026-08-22
subdecay tremcoder,,100.0,2025-08-22,2026-08-22
bondi effects squish as,,200.0,2025-08-22,2026-08-22
browne amplification sshac,,135.0,2025-08-22,2026-08-22
vertex boost,,135.0,2025-08-22,2026-08-22
kingsley maiden v2,,415.0,2025-08-22,2026-08-22
spaceman aurora,,175.0,2025-08-22,2026-08-22
boss dd-200,,180.0,2025-08-22,2026-08-22
boss re-202,,230.0,2025-08-22,2026-08-22
kernom elipse,,200.0,2025-08-22,2026-08-22
disaster area midi baby,,60.0,2025-08-22,2026-08-22
disaster area midi baby white,,60.0,2025-08-22,2026-08-22
henretta red brick delay,,70.0,2025-08-22,2026-08-22
peterson strobe tuner,,80.0,2025-08-22,2026-08-22
cry baby mini wah,,65.0,2025-08-22,2026-08-22
kingsley page ts,,400.0,2025-08-22,2026-08-22
templodevices reel deal a,,200.0,2025-08-22,2026-08-22
ross compressor,,400.0,2025-08-22,2026-08-22
swart space tone amp,,1150.0,2025-08-22,2026-08-22
jhs red remote,,30.0,2025-08-22,2026-08-22
quilter 101 mini reverb head,,315.0,2025-08-22,2026-08-22
quilter blockdock cabinet,,215.0,2025-08-22,2026-08-22
neural nano cortex,,435.0,2025-08-22,2026-08-22
tanabe.tv dumkudo,,315.0,2025-08-22,2026-08-22
jhs pollinator v1,,140.0,2025-08-22,2026-08-22
r3d eelctronics super fuzz,,100.0,2025-08-22,2026-08-22
mojo hand fx one ton bee,,65.0,2025-08-22,2026-08-22
fulltone clyde deluxe wah black,,140.0,2025-08-22,2026-08-22
boss ds-2,,70.0,2025-08-22,2026-08-22
boss tu-3,,60.0,2025-08-22,2026-08-22
dunlop cry baby wah,,50.0,2025-08-22,2026-08-22
pro tone pedals dino cazares overdrive,,185.0,2025-08-22,2026-08-22
aural dream organ B,,40.0,2025-08-22,2026-08-22
joyo revolution series based overdrive double thruster,,25.0,2025-08-22,2026-08-22
"jet city, the flood analog delay",,35.0,2025-08-22,2026-08-22
TC electronic spectra comp,,55.0,2025-08-22,2026-08-22
Ammoon looper nano pedal,,25.0,2025-08-22,2026-08-22
nux mod core,,50.0,2025-08-22,2026-08-22
tc electronic pipeline tap Tremelo,,60.0,2025-08-22,2026-08-22
aural dream legend formant synthesizer,,30.0,2025-08-22,2026-08-22
Boss metal zone mt-2,,60.0,2025-08-22,2026-08-22
Joyo revolution series reverb atmosphere,,45.0,2025-08-22,2026-08-22
joyo power sources JP-02 brand new in the box,,30.0,2025-08-22,2026-08-22
joyo power sources JP-02 brand new in the box,,30.0,2025-08-22,2026-08-22
Deltalab digital delay DD1,,35.0,2025-08-22,2026-08-22
Behringer ultra octaver Uo300,,25.0,2025-08-22,2026-08-22
Joyo multi mode wah-II,,30.0,2025-08-22,2026-08-22
Electro harmonix small clone eh-4600 full chorus,,60.0,2025-08-22,2026-08-22
Digitech- RP55 modeling guitar processor,,35.0,2025-08-22,2026-08-22
Mosky audio clean buffer tone saver,,25.0,2025-08-22,2026-08-22
Joyo tremolo jf-09,,25.0,2025-08-22,2026-08-22
Eleca effect pedal- black hurricane,,40.0,2025-08-22,2026-08-22
Sonicake-vexpress,,25.0,2025-08-22,2026-08-22
Nux time core delay,,45.0,2025-08-22,2026-08-22
Behringer digital reverb/delay model DR400,,55.0,2025-08-22,2026-08-22
Behringer reverb machine RV 600,,65.0,2025-08-22,2026-08-22
Rocktron reaction octaver,,75.0,2025-08-22,2026-08-22
Dunlop ring worm whe606,,130.0,2025-08-22,2026-08-22
Electrofaustus super disruptor EF115,,105.0,2025-08-22,2026-08-22
Dod FX 25B envelope filter,,70.0,2025-08-22,2026-08-22
earthquake devices rainbow machine,,130.0,2025-08-22,2026-08-22
Walrus audio deep six v3 compressor,,110.0,2025-08-22,2026-08-22
DOD gonkulator ringmod,,85.0,2025-08-22,2026-08-22
Digitech x series bass envelope filter bass synth wah,,160.0,2025-08-22,2026-08-22
Ibanez tube screamer ts-808,,100.0,2025-08-22,2026-08-22
Rocktron technology black rose octaver,,65.0,2025-08-22,2026-08-22
Electro harmonix bass mono synth,,70.0,2025-08-22,2026-08-22
Electro harmonix- the worm,,70.0,2025-08-22,2026-08-22
Electro harmonix- cock fight,,70.0,2025-08-22,2026-08-22
Electro harmonix- switch blade pro,,85.0,2025-08-22,2026-08-22
BBE Sonic stomp sonic maximizer,,65.0,2025-08-22,2026-08-22
analogman prince of tone,,180.0,2025-08-22,2026-08-22
analogman prince of tone,,180.0,2025-08-22,2026-08-22
mxr duke of tone,,80.0,2025-08-22,2026-08-22
voodoo lab sparkle drive mod,,105.0,2025-08-22,2026-08-22
sonic research turbo tuner,,110.0,2025-08-22,2026-08-22
analogman ardx20,,360.0,2025-08-22,2026-08-22
strymon flint v1,,240.0,2025-08-22,2026-08-22
jam man express xt,,45.0,2025-08-22,2026-08-22
boss ns-2,,55.0,2025-08-22,2026-08-22
siegmund pickup emulator,,50.0,2025-08-22,2026-08-22
sabbadius funky vibe,,425.0,2025-08-22,2026-08-22
ctc constellation cv7003,,275.0,2025-08-22,2026-08-22
catalinbread belle epoch deluxe,,200.0,2025-08-22,2026-08-22
ctc white whale v2,,270.0,2025-08-22,2026-08-22
hologram chroma console,,335.0,2025-08-22,2026-08-22
boss rc-5,,120.0,2025-08-22,2026-08-22
greer lightspeed,,185.0,2025-08-22,2026-08-22
mxr duke of tone,,85.0,2025-08-22,2026-08-22
fender rivera era super champ,,1200.0,2025-08-22,2026-08-22
1962 fender tremolux stack,,2800.0,2025-08-22,2026-08-22
soursound ss15-b,,2300.0,2025-08-22,2026-08-22
austen hooks space heater,,2400.0,2025-08-22,2026-08-22
1965 vox ac30 super twin,,2900.0,2025-08-22,2026-08-22
stand alone love bomb,,900.0,2025-08-22,2026-08-22
sib echodrive,,1100.0,2025-08-22,2026-08-22
novo serus j,,3300.0,2025-08-22,2026-08-22
1985 mij tele custom,,1300.0,2025-08-22,2026-08-22
audio kitchen big chopper w/ ed o brien reverb mod,,3200.0,2025-08-22,2026-08-22
aguilar tlc compressor - 75,,85.0,2025-08-22,2026-08-22
arion sch-z stereo chorus - 50,,50.0,2025-08-22,2026-08-22
bogner ecstasy blue - 150,,135.0,2025-08-22,2026-08-22
boss ds-1 long dash mij - 130,,130.0,2025-08-22,2026-08-22
boss fz-1w - 130,,110.0,2025-08-22,2026-08-22
boss oc-2 - 125,,125.0,2025-08-22,2026-08-22
boss od-200 - 175,,150.0,2025-08-22,2026-08-22
boss odb-3 70,,60.0,2025-08-22,2026-08-22
boss sde-3 - 150,,150.0,2025-08-22,2026-08-22
ctc venus drive - 175,,200.0,2025-08-22,2026-08-22
digitech whammy ricochet - 99,,110.0,2025-08-22,2026-08-22
dunlop cry baby mini - 65,,65.0,2025-08-22,2026-08-22
foxtron octron - 125,,135.0,2025-08-22,2026-08-22
ibanez flanger mini - 90,,65.0,2025-08-22,2026-08-22
j rockett the dude v2 - 120,,120.0,2025-08-22,2026-08-22
mxr sub machine - 75,,85.0,2025-08-22,2026-08-22
nobels odr mini 2 - 65,,55.0,2025-08-22,2026-08-22
poly flat v - 125,,170.0,2025-08-22,2026-08-22
sinvertek shod-b invincible overdrive - 250,,250.0,2025-08-22,2026-08-22
subdecay spring theory - 100,,100.0,2025-08-22,2026-08-22
suhr riot reloaded - 150,,115.0,2025-08-22,2026-08-22
strymon brig - 180,,180.0,2025-08-22,2026-08-22
strymon flint - 200,,210.0,2025-08-22,2026-08-22
the fart pedal - 175,,150.0,2025-08-22,2026-08-22
ua enigmatic - 200,,220.0,2025-08-22,2026-08-22
vemuram budi g - 150,,185.0,2025-08-22,2026-08-22
voodoo lab tremolo - 65,,65.0,2025-08-22,2026-08-22
wampler brent mason rewired - 150,,160.0,2025-08-22,2026-08-22
wampler catacombs - 150,,165.0,2025-08-22,2026-08-22
wampler pinnacle v1 - 75,,75.0,2025-08-22,2026-08-22
wampler syntax midi switcher - 45,,60.0,2025-08-22,2026-08-22
way huge blue hippo mkiii - 75,,80.0,2025-08-22,2026-08-22
xts ge-7 - 300,,300.0,2025-08-22,2026-08-22
Dunlop Zakk Wylde Wah,,95.0,2025-08-22,2026-08-22
Vertex Boost,,140.0,2025-08-22,2026-08-22
TC Electronic Stereo Chorus TSC Gold,,75.0,2025-08-22,2026-08-22
Strymon El Capistan v1,,195.0,2025-08-22,2026-08-22
Revv tilt od,,130.0,2025-08-22,2026-08-22
Revv g8,,120.0,2025-08-22,2026-08-22
Keeley noble screamer,,115.0,2025-08-22,2026-08-22
Keeley nuetrino cho/flan/phas,,65.0,2025-08-22,2026-08-22
ua Teletronix la2a comp pedal,,85.0,2025-08-22,2026-08-22
boss dd3,,85.0,2025-08-22,2026-08-22
boss tu2,,45.0,2025-08-22,2026-08-22
Kingsley minstrel v3,,435.0,2025-08-22,2026-08-22
tc helicon mic mechanic 2,,100.0,2025-08-22,2026-08-22
ehx memory boy deluxe,,90.0,2025-08-22,2026-08-22
mxr evh flanger,,120.0,2025-08-22,2026-08-22
source audio nemesis delay,,150.0,2025-08-22,2026-08-22
marshall jcm 800 pedal,,105.0,2025-08-22,2026-08-22
jet pedals eternity,,175.0,2025-08-22,2026-08-22
jet pedals revelation,,160.0,2025-08-22,2026-08-22
peterson strobostomp hd,,80.0,2025-08-22,2026-08-22
source audio ventris,,240.0,2025-08-22,2026-08-22
custom audio wah,,100.0,2025-08-22,2026-08-22
Crazy Tube Circuits. Sidekick. w Box. 200,,185.0,2025-08-22,2026-08-22
Love pedal. Bonetender Fuzz w box 99.00,,85.0,2025-08-22,2026-08-22
Boss Bass Chorus. CEB 3,,65.0,2025-08-22,2026-08-22
TC Hall of Fame reverb first version,,80.0,2025-08-22,2026-08-22
Walrus Audio MAKO R1 Reverb. - new w box. 140,,140.0,2025-08-22,2026-08-22
Love Pedal OD11. W Box Original version. 100,,85.0,2025-08-22,2026-08-22
Mad Professor Simble Overdrive,,145.0,2025-08-22,2026-08-22
Thorpy Fx. Camoflange W Box 250,,220.0,2025-08-22,2026-08-22
barber small fry,,165.0,2025-08-22,2026-08-22
barber small fry,,165.0,2025-08-22,2026-08-22
voodoo lab sparkle drive,,70.0,2025-08-22,2026-08-22
voodoo lab sparkle drive,,70.0,2025-08-22,2026-08-22
fulltone ocd,,120.0,2025-08-22,2026-08-22
lehle dual ab,,110.0,2025-08-22,2026-08-22
wren & cuff tall font russian,,110.0,2025-08-22,2026-08-22
eqd dispatch master,,125.0,2025-08-22,2026-08-22
retro sonic phaser,,105.0,2025-08-22,2026-08-22
alexander quadrant,,90.0,2025-08-22,2026-08-22
boss bd-2,,65.0,2025-08-22,2026-08-22
line 6 roto machine,,90.0,2025-08-22,2026-08-22
zendrive black magic,,115.0,2025-08-22,2026-08-22
chase tone secret preamp,,145.0,2025-08-22,2026-08-22
jetter grissom,,100.0,2025-08-22,2026-08-22
zvex box of rock vexter,,120.0,2025-08-22,2026-08-22
aphex guitar exciter,,90.0,2025-08-22,2026-08-22
aphex guitar exciter,,90.0,2025-08-22,2026-08-22
aphex guitar exciter,,90.0,2025-08-22,2026-08-22
eqd plumes,,70.0,2025-08-22,2026-08-22
morley wah  - volume,,70.0,2025-08-22,2026-08-22
tc spark mini,,40.0,2025-08-22,2026-08-22
tc spark mini,,40.0,2025-08-22,2026-08-22
tc polytune mini noir,,55.0,2025-08-22,2026-08-22
t rex fat shuga,,60.0,2025-08-22,2026-08-22
tc sub n up,,60.0,2025-08-22,2026-08-22
dunlop cry baby wah,,50.0,2025-08-22,2026-08-22
tc eyemaster,,35.0,2025-08-22,2026-08-22
tone city golden plexi,,35.0,2025-08-22,2026-08-22
boss ds-1,,40.0,2025-08-22,2026-08-22
danelectro fab chorus,,25.0,2025-08-22,2026-08-22
caline classic fuzz\,,25.0,2025-08-22,2026-08-22
caline enchanted tone,,25.0,2025-08-22,2026-08-22
caline mariana,,25.0,2025-08-22,2026-08-22
dod octoplus,,50.0,2025-08-22,2026-08-22
mxr custom badass modified od,,60.0,2025-08-22,2026-08-22
boss mt-2,,60.0,2025-08-22,2026-08-22
danelectro fab metal,,25.0,2025-08-22,2026-08-22
two knob pedal with tye dye,,50.0,2025-08-22,2026-08-22
khdk ghoul screamer jr,,80.0,2025-08-22,2026-08-22
stone deaf fx noise reaper,,115.0,2025-08-22,2026-08-22
moog mf boost,,120.0,2025-08-22,2026-08-22
nobels odr-1,,65.0,2025-08-22,2026-08-22
eqd acapulco gold,,85.0,2025-08-22,2026-08-22
ibanez ts9,,70.0,2025-08-22,2026-08-22
boss sy-1,,120.0,2025-08-22,2026-08-22
dod grunge fx69b,,75.0,2025-08-22,2026-08-22
tone factor huckleberry,,100.0,2025-08-22,2026-08-22
digitech pds1700,,85.0,2025-08-22,2026-08-22
ehx q tron plus\,,120.0,2025-08-22,2026-08-22
zoom b2 four,,155.0,2025-08-22,2026-08-22
singular sound beat buddy,,170.0,2025-08-22,2026-08-22
darkglass electroniocs vintage microtubes,,150.0,2025-08-22,2026-08-22
boss fz-3,,125.0,2025-08-22,2026-08-22
mxr jimi hendrix system octave fuzz,,70.0,2025-08-22,2026-08-22
ebs multi comp,,85.0,2025-08-22,2026-08-22
tech 21 street driver 48,,140.0,2025-08-22,2026-08-22
focusrite clarett + 2pre,,250.0,2025-08-22,2026-08-22
aphex acoustic exciter,,70.0,2025-08-22,2026-08-22
creation audio holy fire,,80.0,2025-08-22,2026-08-22
art tube mp,,45.0,2025-08-22,2026-08-22
mission vm-1,,90.0,2025-08-22,2026-08-22
mission rewah st,,125.0,2025-08-22,2026-08-22
mission vm-1,,85.0,2025-08-22,2026-08-22
mission sp-hr,,85.0,2025-08-22,2026-08-22
mxr micro flanger,,65.0,2025-08-22,2026-08-22
jhs 3 series reverb,,55.0,2025-08-22,2026-08-22
keeley eccos delay / looper,,120.0,2025-08-22,2026-08-22
keeley blues disorder,,110.0,2025-08-22,2026-08-22
Insertellar zoeldrive,,110.0,2025-08-22,2026-08-22
Lovepedal Les luis,,135.0,2025-08-22,2026-08-22
Jackson Audio belle star,,85.0,2025-08-22,2026-08-22
Prince of tone,,175.0,2025-08-22,2026-08-22
analogman Bab bob,,165.0,2025-08-22,2026-08-22
Nordland odr c,,200.0,2025-08-22,2026-08-22
Line 6 hx stomp w/ pedalnetics attachment,,470.0,2025-08-22,2026-08-22
carl martin plexi tone,,150.0,2025-08-22,2026-08-22
tc vortex,,55.0,2025-08-22,2026-08-22
tc flashback,,80.0,2025-08-22,2026-08-22
tc flashback,,80.0,2025-08-22,2026-08-22
furman p1800 ar w/ skb bag,,455.0,2025-08-22,2026-08-22
gig rig g2,,585.0,2025-08-22,2026-08-22
chaos audio stratus,,160.0,2025-08-22,2026-08-22
Boss AC-3 acoustic simulator,,70.0,2025-08-22,2026-08-22
Ibanez TS7 Tubescreamer,,65.0,2025-08-22,2026-08-22
Boss CS-3 Compression Sustainer,,55.0,2025-08-22,2026-08-22
Boss BD-2 Blues Driver,,65.0,2025-08-22,2026-08-22
Boss OD-1 Over Drive,,240.0,2025-08-22,2026-08-22
ehx synth 9,,150.0,2025-08-22,2026-08-22
vahlbruch kaluna,,190.0,2025-08-22,2026-08-22
victory the jack v4 preamp pedal,,240.0,2025-08-22,2026-08-22
keeley noble screamer,,115.0,2025-08-22,2026-08-22
digitech df-7,,80.0,2025-08-22,2026-08-22
tone city big rumble,,65.0,2025-08-22,2026-08-22
keeley compressor 4 knob,,85.0,2025-08-22,2026-08-22
tc plethora x1,,110.0,2025-08-22,2026-08-22
sonicake aonic aby,,25.0,2025-08-22,2026-08-22
boss ns-2,,60.0,2025-08-22,2026-08-22
loop1 acoustic,,30.0,2025-08-22,2026-08-22
harby centari,,85.0,2025-08-22,2026-08-22
mxr micro flanger,,65.0,2025-08-22,2026-08-22
walrus fundamental chorus,,65.0,2025-08-22,2026-08-22
boss dd-3t,,90.0,2025-08-22,2026-08-22
boss rc-30,,115.0,2025-08-22,2026-08-22
vox wah,,50.0,2025-08-22,2026-08-22
boss ds-1,,40.0,2025-08-22,2026-08-22
digitech hot head,,35.0,2025-08-22,2026-08-22
boss tu-3,,60.0,2025-08-22,2026-08-22
Wampler Belle,,90.0,2025-08-22,2026-08-22
J Rockett archer,,110.0,2025-08-22,2026-08-22
Jhs little foot fuzz,,80.0,2025-08-22,2026-08-22
Friedman dirty Shirley,,90.0,2025-08-22,2026-08-22
Friedman golden pearl,,100.0,2025-08-22,2026-08-22
Apollo Approved Thurston Drive +,,520.0,2025-08-22,2026-08-22
Shin-Ei B1G 1 - sale back to PTM,,720.0,2025-08-22,2026-08-22
cunningham zonk mki 1 fuzz - sale back to PTM,,565.0,2025-08-22,2026-08-22
MXR M82 Bass Envelope Filter Pedal,,80.0,2025-08-22,2026-08-22
Darkglass Duality Dual Fuzz Engine Mini Pedal,,110.0,2025-08-22,2026-08-22
Boss SY-1 Guitar Synthesizer Pedal,,120.0,2025-08-22,2026-08-22
Darkglass Vintage Microtubes Bass Preamp Pedal,,150.0,2025-08-22,2026-08-22
soldano slo pedal 6 knob,,135.0,2025-08-22,2026-08-22
proco rat,,70.0,2025-08-22,2026-08-22
tc mini reverb,,45.0,2025-08-22,2026-08-22
Chase Bliss Billy Strings Signature Wombtone,,285.0,2025-08-22,2026-08-22
Vemuram Jan Ray,,305.0,2025-08-22,2026-08-22
Case Study Studio Compressor,,140.0,2025-08-22,2026-08-22
Solodallas SDVS Boost,,75.0,2025-08-22,2026-08-22
Mythos Mjolnir,,155.0,2025-08-22,2026-08-22
helix with case,,785.0,2025-08-22,2026-08-22
digitech bass driver,,50.0,2025-08-22,2026-08-22
ehx bassballs nano,,45.0,2025-08-22,2026-08-22
boss tu-3,,60.0,2025-08-22,2026-08-22
boss odb-3,,60.0,2025-08-22,2026-08-22
ehx bass big muff,,55.0,2025-08-22,2026-08-22
donner white wizard,,40.0,2025-08-22,2026-08-22
tc corona chorus,,50.0,2025-08-22,2026-08-22
epiphone tst-10,,25.0,2025-08-22,2026-08-22
morley volume pedal,,60.0,2025-08-22,2026-08-22
boss ds-1,,40.0,2025-08-22,2026-08-22
digitech tone driver,,50.0,2025-08-22,2026-08-22
digitech main squeeze,,45.0,2025-08-22,2026-08-22
hawdwire polyphonic tuner,,45.0,2025-08-22,2026-08-22
voodoo lab px-8,,235.0,2025-08-22,2026-08-22
digitech bass synth wah,,170.0,2025-08-22,2026-08-22
digitech digiverb,,80.0,2025-08-22,2026-08-22
mxr m-81 bass preamp,,115.0,2025-08-22,2026-08-22
boss ceb-3,,65.0,2025-08-22,2026-08-22
digitech mosaic,,120.0,2025-08-22,2026-08-22
boss ac3,,70.0,2025-08-22,2026-08-22
ibanez ts9,,70.0,2025-08-22,2026-08-22
ehx nano freeze,,75.0,2025-08-22,2026-08-22
tc flashback delay + looper,,80.0,2025-08-22,2026-08-22
digitech obscura,,100.0,2025-08-22,2026-08-22
digitech trio,,65.0,2025-08-22,2026-08-22
boss rv-5,,90.0,2025-08-22,2026-08-22
boss ns-2,,65.0,2025-08-22,2026-08-22
two rock classic reverb signature 50 watt combo,,4000.0,2025-08-22,2026-08-22
bad cat siamese drive,,130.0,2025-08-22,2026-08-22
bad cat burmese drive,,210.0,2025-08-22,2026-08-22
lpd dutch,,140.0,2025-08-22,2026-08-22
sansamp bass fly rig,,150.0,2025-08-22,2026-08-22
horizon devices precision drive,,160.0,2025-08-22,2026-08-22
stoll half horse,,240.0,2025-08-22,2026-08-22
way huge geisha drive,,100.0,2025-08-22,2026-08-22
lpd eighty 7 v1 side mounted jacks,,150.0,2025-08-22,2026-08-22
seymour duncan powerstage 200,,325.0,2025-08-22,2026-08-22
Landgraff Dynamic Overdrive,,925.0,2025-08-22,2026-08-22
boss tr2,,60.0,2025-08-22,2026-08-22
effects bakery tremolo,,45.0,2025-08-22,2026-08-22
tonex one,,110.0,2025-08-22,2026-08-22
tc john petrucci the dreamscape,,85.0,2025-08-22,2026-08-22
ehx the silencer,,50.0,2025-08-22,2026-08-22
tc corona mini chorus,,50.0,2025-08-22,2026-08-22
airstep footswitch,,50.0,2025-08-22,2026-08-22
dunlop hendrix fuzz face,,90.0,2025-08-22,2026-08-22
ibanez jsm100 john scofeild good pickups bigsby installed,Good,1600.0,2025-08-22,2026-08-22
benedetto bravo deluxe og hard case leather gig bag,,4750.0,2025-08-22,2026-08-22
1958 gibson es 125 routed for humbucker,,1700.0,2025-08-22,2026-08-22
Rockman x100,,155.0,2025-08-22,2026-08-22
DOD graphic equalizer EQ610,,80.0,2025-08-22,2026-08-22
Line 6 POD,,75.0,2025-08-22,2026-08-22
Boss CH1 Super chorus,,65.0,2025-08-22,2026-08-22
Boss Harmonist HR2,,80.0,2025-08-22,2026-08-22
MXR Stereo Chorus,,110.0,2025-08-22,2026-08-22
Rockman ultralight,,300.0,2025-08-22,2026-08-22
Boss NS 2 noise suppressor,,55.0,2025-08-22,2026-08-22
Boss MT2 Metal Zone,,60.0,2025-08-22,2026-08-22
Boss CS3 compressor sustainer,,50.0,2025-08-22,2026-08-22
jet city jettenuator,,105.0,2025-08-22,2026-08-22
ehx micro pog,,110.0,2025-08-22,2026-08-22
boss metal zone modded,,80.0,2025-08-22,2026-08-22
Electro-Harmonix Memorry Man 550-TT,,175.0,2025-08-22,2026-08-22
Wampler Brent Mason Re-Wired,,175.0,2025-08-22,2026-08-22
Fulltone Custom Shop OCD Germanium,,150.0,2025-08-22,2026-08-22
Keeley Compressor Plus,,85.0,2025-08-22,2026-08-22
Ernie Ball VP Jr,,50.0,2025-08-22,2026-08-22
Fulltone Full-Drive 2 Mosfet,,75.0,2025-08-22,2026-08-22
Boss AC-3 Acousticd Simulator,,70.0,2025-08-22,2026-08-22
TC Electronic Plethora X5,,310.0,2025-08-22,2026-08-22
Source Audio EQ 2,,190.0,2025-08-22,2026-08-22
Wampler Germamiun Tumnus Deluxe,,320.0,2025-08-22,2026-08-22
Eventide space Reverb,,265.0,2025-08-22,2026-08-22
All Pedal macrodose Filter,,235.0,2025-08-22,2026-08-22
All pedal microdose Phaser,,190.0,2025-08-22,2026-08-22
Malekko Thicken 3 stage thickener,,110.0,2025-08-22,2026-08-22
DS Custom Audio Electronics XPC prescription electronics Experience Clone,,140.0,2025-08-22,2026-08-22
Jext telez white pedal v2,,350.0,2025-08-22,2026-08-22
Keeley 30ms with spliter Y cable,,115.0,2025-08-22,2026-08-22
Mooer elec lady,,40.0,2025-08-22,2026-08-22
Malekko Sneak Attack,,150.0,2025-08-22,2026-08-22
veri tone arcturus,,210.0,2025-08-22,2026-08-22
veri tone mr heath,,125.0,2025-08-22,2026-08-22
"dawner prince, Starla",,135.0,2025-08-22,2026-08-22
mooer trelicopter,,35.0,2025-08-22,2026-08-22
digitech trio,,65.0,2025-08-22,2026-08-22
digitech sdrum,,120.0,2025-08-22,2026-08-22
boss mega distortion,,55.0,2025-08-22,2026-08-22
digitech fs3x,,25.0,2025-08-22,2026-08-22
Durham Crazy Horse,,200.0,2025-08-22,2026-08-22
Third Man Bumble Fuzz with wooden box,,230.0,2025-08-22,2026-08-22
Dunlop Echoplex Preamp,,75.0,2025-08-22,2026-08-22
Gearmanndude Luther Drive,,80.0,2025-08-22,2026-08-22
Gearmanndude Time Bomb boost,,60.0,2025-08-22,2026-08-22
Daredevil Northern Creeper,,85.0,2025-08-22,2026-08-22
Land Devices pre,,160.0,2025-08-22,2026-08-22
fender bassman vintage pre cbs,,1333.0,2025-08-22,2026-08-22
boss rc505 mk1,,300.0,2025-08-22,2026-08-22
fender vintera ii road worn strat,,1075.0,2025-08-22,2026-08-22
quilter aviator cub,,425.0,2025-08-22,2026-08-22
fire custom shop ultimate distortion,,100.0,2025-08-22,2026-08-22
fire custom shop ultimate distortion,,100.0,2025-08-22,2026-08-22
boss ds-1 pete's pedals mod,,60.0,2025-08-22,2026-08-22
boss ml-2,,67.0,2025-08-22,2026-08-22
boss tu-2,,50.0,2025-08-22,2026-08-22
boss sd-2,,160.0,2025-08-22,2026-08-22
boss rv-3,,110.0,2025-08-22,2026-08-22
boss md-2,,60.0,2025-08-22,2026-08-22
boss mt-2,,60.0,2025-08-22,2026-08-22
boss ge-7,,90.0,2025-08-22,2026-08-22
lpd eighty 7,,170.0,2025-08-22,2026-08-22
bk butler real tube overdrive,,175.0,2025-08-22,2026-08-22
mxr rr104c distortion +,,135.0,2025-08-22,2026-08-22
mxr rr104 polka dot distortion +,,350.0,2025-08-22,2026-08-22
mesa boogie filmore 50 watt combo - burgundy,,1150.0,2025-08-22,2026-08-22
Radial Twin City ABY,,130.0,2025-08-22,2026-08-22
Jrockett Immortal Echo,,50.0,2025-08-22,2026-08-22
Bogner Ecstasy Blue,,125.0,2025-08-22,2026-08-22
Walrus Audio Ages Badlands edition,,100.0,2025-08-22,2026-08-22
Walrus audio EB-10 white,,110.0,2025-08-22,2026-08-22
Revv G3 anniversary,,160.0,2025-08-22,2026-08-22
Nobels ODR mini V1,,45.0,2025-08-22,2026-08-22
Maxon OOD 9,,90.0,2025-08-22,2026-08-22
Boss SY-1 synthesizer,,110.0,2025-08-22,2026-08-22
behringer dw 400,,60.0,2025-08-22,2026-08-22
xotic xw-1,,160.0,2025-08-22,2026-08-22
boss tu-12h,,25.0,2025-08-22,2026-08-22
Browne Protein V3 Green,,250.0,2025-08-22,2026-08-22
dunlop mini fuzz face,,70.0,2025-08-22,2026-08-22
ehx the glove,,45.0,2025-08-22,2026-08-22
ehx big muff pi j mascis,,75.0,2025-08-22,2026-08-22
ross distortion,,135.0,2025-08-22,2026-08-22
jhs notaklon,,70.0,2025-08-22,2026-08-22
fender hello kitty fuzz,,170.0,2025-08-22,2026-08-22
Boss SY-1 synthesizer,,125.0,2025-08-22,2026-08-22
ehx 15 watt howitzer,,70.0,2025-08-22,2026-08-22
dod boneshaker,,60.0,2025-08-22,2026-08-22
eqd plumes,,75.0,2025-08-22,2026-08-22
mxr talkbox,,120.0,2025-08-22,2026-08-22
j rockett the dude v2,,120.0,2025-08-22,2026-08-22
jhs ross phaser,,100.0,2025-08-22,2026-08-22
strymon flint v1,,240.0,2025-08-22,2026-08-22
vertex boost mkii,,140.0,2025-08-22,2026-08-22
gotoh tuners,,65.0,2025-08-22,2026-08-22
fulltone clyde deluxe,,150.0,2025-08-22,2026-08-22
source audio eq2,,185.0,2025-08-22,2026-08-22
Yankee HS-M24 Power Supply,,320.0,2025-08-22,2026-08-22
Boss ES-8 Switcher,,385.0,2025-08-22,2026-08-22
tc Helicon voicelive 2,,270.0,2025-08-22,2026-08-22
Rocktron Banshee 2,,110.0,2025-08-22,2026-08-22
Strymon Timeline,,280.0,2025-08-22,2026-08-22
strymon Multi-switch,,65.0,2025-08-22,2026-08-22
Eventide Space Reverb,,265.0,2025-08-22,2026-08-22
Boss OD-200,,145.0,2025-08-22,2026-08-22
Boss SY-200,,200.0,2025-08-22,2026-08-22
Mission Engineering GPF9 Expression Pedal,,80.0,2025-08-22,2026-08-22
TC Electronic Ditto,,45.0,2025-08-22,2026-08-22
Electro Harmonix Freeze,,80.0,2025-08-22,2026-08-22
Digitech Freqout,,155.0,2025-08-22,2026-08-22
Boss BF-2 Flanger,,130.0,2025-08-22,2026-08-22
Boss BD-2 Blues Driver,,65.0,2025-08-22,2026-08-22
Boss GE-7 EQ,,85.0,2025-08-22,2026-08-22
MXR M108S  EQ,,90.0,2025-08-22,2026-08-22
tc stereo chorus plus,,140.0,2025-08-22,2026-08-22
boss oc-2,,135.0,2025-08-22,2026-08-22
Boss BD-2 Blues Driver,,65.0,2025-08-22,2026-08-22
boss dd-7,,90.0,2025-08-22,2026-08-22
ua starlight,,180.0,2025-08-22,2026-08-22
boss fv-30h,,65.0,2025-08-22,2026-08-22
suhr eclipse,,165.0,2025-08-22,2026-08-22
boss rc-2,,55.0,2025-08-22,2026-08-22
vox wah,,55.0,2025-08-22,2026-08-22
mxr super comp,,40.0,2025-08-22,2026-08-22
digitech hot rod,,55.0,2025-08-22,2026-08-22
king tone the duellist,,270.0,2025-08-22,2026-08-22
ehx pog 2,,210.0,2025-08-22,2026-08-22
jetter jetdrive dual overdrive,,110.0,2025-08-22,2026-08-22
t-rex replicator tape delay,,485.0,2025-08-22,2026-08-22
Free the Tone SS-1V string slinger,,165.0,2025-08-22,2026-08-22
Chandler Limited Germanium Drive,,200.0,2025-08-22,2026-08-22
Mason FX Love Bender 1.5 w/box and all packagjng,,475.0,2025-08-22,2026-08-22
Pigdog Dirty Mac,,385.0,2025-08-22,2026-08-22
Aguilar Tone Hammer DI/pre,,240.0,2025-08-22,2026-08-22
Daredevil Almighty Bass Fuzz/Drive,,80.0,2025-08-22,2026-08-22
Dusky Augustus Octave Fuzz,,155.0,2025-08-22,2026-08-22
MXR Jail Guitar Door,,130.0,2025-08-22,2026-08-22
Kingsley Page,,375.0,2025-08-22,2026-08-22
Xotic Effects BB Preamp V1.5,,105.0,2025-08-22,2026-08-22
Dr No Djinn,,175.0,2025-08-22,2026-08-22
JHS Tidewater V1,,80.0,2025-08-22,2026-08-22
Third Man La Grotte,,250.0,2025-08-22,2026-08-22
Dawner Prince Boonar V2,,245.0,2025-08-22,2026-08-22
60s maestro boomer ii wah / volume,,200.0,2025-08-22,2026-08-22
late 60s maestro fuzz tone,,335.0,2025-08-22,2026-08-22
warm audio ringerbringer,,125.0,2025-08-22,2026-08-22
behringer bm-11m low pass filter,,110.0,2025-08-22,2026-08-22
behringer bm-15m murf box,,120.0,2025-08-22,2026-08-22
ehx deluxe big muff,,80.0,2025-08-22,2026-08-22
keeley fuzz bender,,80.0,2025-08-22,2026-08-22
ehx mainframe bit crusher,,125.0,2025-08-22,2026-08-22
stomp under foot civil war,,155.0,2025-08-22,2026-08-22
ehx russian big muff pi,,65.0,2025-08-22,2026-08-22
ehx cathedral reverb,,130.0,2025-08-22,2026-08-22
eqd hoof,,100.0,2025-08-22,2026-08-22
xotic sp comp,,80.0,2025-08-22,2026-08-22
crazy tube circuits heatseeker,,200.0,2025-08-22,2026-08-22
wampler ethereal delay / reverb,,100.0,2025-08-22,2026-08-22
radial jdx direct drive,,120.0,2025-08-22,2026-08-22
jhs mini a/b,,30.0,2025-08-22,2026-08-22
zvex fuzz factory,,285.0,2025-08-22,2026-08-22
way huge fat sandwich,,85.0,2025-08-22,2026-08-22
lovepedal doverdrive,,150.0,2025-08-22,2026-08-22
Catalinbread Belle Epoch Limited edition set,,180.0,2025-08-22,2026-08-22
boss rt-2,,170.0,2025-08-22,2026-08-22
digitech whammy,,150.0,2025-08-22,2026-08-22
gokko divine,,65.0,2025-08-22,2026-08-22
line 6 dl4,,110.0,2025-08-22,2026-08-22
tc 3rd dimension,,35.0,2025-08-22,2026-08-22
boss ds-1,,40.0,2025-08-22,2026-08-22
behringer vintage tube monster,,60.0,2025-08-22,2026-08-22
supro montaulk,,750.0,2025-08-22,2026-08-22
two rock studio signature combo,,2600.0,2025-08-22,2026-08-22
boss dd-3,,80.0,2025-08-22,2026-08-22
boss dc-2w,,150.0,2025-08-22,2026-08-22
jhs pulp n peel v4,,135.0,2025-08-22,2026-08-22
jext telez dizzy tone v7,,290.0,2025-08-22,2026-08-22
prescription electronics rx overdriver,,300.0,2025-08-22,2026-08-22
creepy fingers modern sound,,275.0,2025-08-22,2026-08-22
echopark f-2 dual silicon fuzz,,160.0,2025-08-22,2026-08-22
peavey evh wolfgang w floyd,,2000.0,2025-08-22,2026-08-22
gibson les paul custom 1978,,4100.0,2025-08-22,2026-08-22
gibson j200 artist 1974,,3800.0,2025-08-22,2026-08-22
tinsley sir henry,,900.0,2025-08-22,2026-08-22
epiphone s500 80's,,425.0,2025-08-22,2026-08-22
knaggs severn xf,,2750.0,2025-08-22,2026-08-22
2016 gibson les paul traditional,,1500.0,2025-08-22,2026-08-22
yamaha ac3r,,600.0,2025-08-22,2026-08-22
vintage mxr distortion ii,,250.0,2025-08-22,2026-08-22
vintage mutron micro v,,375.0,2025-08-22,2026-08-22
line 6 dl4,,110.0,2025-08-22,2026-08-22
line 6 mm4,,100.0,2025-08-22,2026-08-22
kgb fuzz,,175.0,2025-08-22,2026-08-22
boss dc-2w,,150.0,2025-08-22,2026-08-22
ehx tri parallel mixer,,90.0,2025-08-22,2026-08-22
jhs 3 series octave reverb,,55.0,2025-08-22,2026-08-22
byoc ibanez flying pan clone,,60.0,2025-08-22,2026-08-22
effectrode phaseomatic tube phaser,,350.0,2025-08-22,2026-08-22
cornerstone gladio,,275.0,2025-08-22,2026-08-22
vertex boost mkii,,140.0,2025-08-22,2026-08-22
maxon ge601,,85.0,2025-08-22,2026-08-22
neunaber slate,,110.0,2025-08-22,2026-08-22
neunaber exp,,60.0,2025-08-22,2026-08-22
durham electronics sex drive,,170.0,2025-08-22,2026-08-22
lr baggs session acoustic di,,150.0,2025-08-22,2026-08-22
xts edgefield,,225.0,2025-08-22,2026-08-22
providence anadime chorus,,140.0,2025-08-22,2026-08-22
ghost note audio swirls,,170.0,2025-08-22,2026-08-22
body and soul hot mallets,,175.0,2025-08-22,2026-08-22
ehx expression pedal,,35.0,2025-08-22,2026-08-22
fender american original 60s jazzmaster ocean turquoise,,1500.0,2025-08-22,2026-08-22
suhr dealer select classic s hss,,2350.0,2025-08-22,2026-08-22
2005 Gibson howard roberts fusion,,2800.0,2025-08-22,2026-08-22
jackson audio fuzz,,135.0,2025-08-22,2026-08-22
vemuram shanks ods 1,,290.0,2025-08-22,2026-08-22
jam octaurus NOS,,255.0,2025-08-22,2026-08-22
R2R Supa MKII Pro,,470.0,2025-08-22,2026-08-22
Vibe 2,,450.0,2025-08-22,2026-08-22
Vibe 2 foot pedal,,60.0,2025-08-22,2026-08-22
tronfx jr clone,,90.0,2025-08-22,2026-08-22
Tonex One,,110.0,2025-08-22,2026-08-22
Pirate MIDI Polar Mini,,45.0,2025-08-22,2026-08-22
Dunlop volume mini,,85.0,2025-08-22,2026-08-22
Wampler Ego mini compressor,,75.0,2025-08-22,2026-08-22
Wampler Metaverse delay,,145.0,2025-08-22,2026-08-22
MXR Duke of Tone,,90.0,2025-08-22,2026-08-22
MXR Timmy,,85.0,2025-08-22,2026-08-22
Line 6 HX One,,175.0,2025-08-22,2026-08-22
Pedaltrain Classic Jr + soft case,,85.0,2025-08-22,2026-08-22
Walrus Audio Canvas Tuner,,90.0,2025-08-22,2026-08-22
Walrus Audio Canvas Power 15,,190.0,2025-08-22,2026-08-22
Strymon Cloudburst reverb,,200.0,2025-08-22,2026-08-22
Strymon El Capistan v2,,280.0,2025-08-22,2026-08-22
Morningstar MC6 Pro midi controller,,270.0,2025-08-22,2026-08-22
1981 ehx deluxe electric mistress v2,,400.0,2025-08-22,2026-08-22
70s mu-tron volume / wah,,350.0,2025-08-22,2026-08-22
a/da final phase reissue 2010s,,200.0,2025-08-22,2026-08-22
yamaha cgs 103a,,100.0,2025-08-22,2026-08-22
Rock Box Red Dog Handpainted,,120.0,2025-08-22,2026-08-22
eqd Rainbow Machine v1,,135.0,2025-08-22,2026-08-22
Mad Professor 1,,100.0,2025-08-22,2026-08-22
MAK Octronix,,100.0,2025-08-22,2026-08-22
EHX MicroPOG,,140.0,2025-08-22,2026-08-22
EHX Mel9,,165.0,2025-08-22,2026-08-22
EHX S9,,150.0,2025-08-22,2026-08-22
EHX Superego,,90.0,2025-08-22,2026-08-22
EHX Superego+,,170.0,2025-08-22,2026-08-22
EHX Memory Toy,,60.0,2025-08-22,2026-08-22
GimpFX Fat Freak Fuzz,,65.0,2025-08-22,2026-08-22
boss dd7,,90.0,2025-08-22,2026-08-22
walrus fundamental fuzz,,55.0,2025-08-22,2026-08-22
Frederic Demon Fuzz,,150.0,2025-08-22,2026-08-22
Ehx pitch fork,,120.0,2025-08-22,2026-08-22
eventide blackhole,,165.0,2025-08-22,2026-08-22
ehx oceans 11,,100.0,2025-08-22,2026-08-22
red witch apothecary plurious chorus vibrato,,190.0,2025-08-22,2026-08-22
red witch apothecary cynosium modulated delay,,175.0,2025-08-22,2026-08-22
red witch apothecary euphorium fuzz,,170.0,2025-08-22,2026-08-22
red witch apothecary invidium phaser,,175.0,2025-08-22,2026-08-22
red witch apothecary epiphanous overdrive,,170.0,2025-08-22,2026-08-22
Rock Box Boiling Point Handpainted,,200.0,2025-08-22,2026-08-22
Gamechanger audio PLUS,,250.0,2025-08-22,2026-08-22
analogman king of tone v4,,670.0,2025-08-22,2026-08-22
chase bliss brothers am,,320.0,2025-08-22,2026-08-22
analogman / mxr duke of tone,,85.0,2025-08-22,2026-08-22
analogman prince of tone,,160.0,2025-08-22,2026-08-22
digitech whammy,,450.0,2025-08-22,2026-08-22
boss ce-1,,610.0,2025-08-22,2026-08-22
Electro Harmonics Turnip Greens Multi Effects Processor,,105.0,2025-08-22,2026-08-22
Zoom G1 FOUR Multi Effects Processor,,60.0,2025-08-22,2026-08-22
wampler velvet fuzz v1,,90.0,2025-08-22,2026-08-22
wampler pinnacle standard v1,,80.0,2025-08-22,2026-08-22
Ehx Full Double Tracking effect,,225.0,2025-08-22,2026-08-22
mxr jc95b jerry cantrell wah,,120.0,2025-08-22,2026-08-22
ibanez ts808hw,,200.0,2025-08-22,2026-08-22
kink stab zone,,110.0,2025-08-22,2026-08-22
ehx holy grail w/ wooden box,,80.0,2025-08-22,2026-08-22
ehx small stone phase shifter,,120.0,2025-08-22,2026-08-22
klon ktr 2021,,450.0,2025-08-22,2026-08-22
analogman peppermint fuzz,Mint,175.0,2025-08-22,2026-08-22
analogman king of tone v4 right side high gain,,700.0,2025-08-22,2026-08-22
mxr m-104 distortion,,50.0,2025-08-22,2026-08-22
ibanez airplane flanger paul gilbert,,150.0,2025-08-22,2026-08-22
digitech bad monkey,,90.0,2025-08-22,2026-08-22
dod big pig fat distortion,,200.0,2025-08-22,2026-08-22
dam grease box gb-80 ice white,,515.0,2025-08-22,2026-08-22
kink femtaur,,140.0,2025-08-22,2026-08-22
tone city wild fro,,35.0,2025-08-22,2026-08-22
pigdog p-73 silver,,550.0,2025-08-22,2026-08-22
mxr yngwie malmsteen yellow,,150.0,2025-08-22,2026-08-22
ColorSound Sola Sound One Knob Fuzz D*A*M hammer house,,425.0,2025-08-22,2026-08-22
jhs 3 series compressor,,50.0,2025-08-22,2026-08-22
boss tu-12h,,30.0,2025-08-22,2026-08-22
mxr rockman x100,,160.0,2025-08-22,2026-08-22
boss rv-6,,90.0,2025-08-22,2026-08-22
origin effects bassrig super vintage preamp,,380.0,2025-08-22,2026-08-22
walrus audio deep six v1 ltd angler artwork,,90.0,2025-08-22,2026-08-22
revv g8 noise gate,,125.0,2025-08-22,2026-08-22
blackstar ht-dual pure valve distortion,,70.0,2025-08-22,2026-08-22
korg toneworks,,30.0,2025-08-22,2026-08-22
tone city model m,,40.0,2025-08-22,2026-08-22
boss rc-300,,240.0,2025-08-22,2026-08-22
digitech trio +,,180.0,2025-08-22,2026-08-22
digitech sdrum,,110.0,2025-08-22,2026-08-22
tc helicon mic mechanic,,90.0,2025-08-22,2026-08-22
boss me-90,,240.0,2025-08-22,2026-08-22
eqd hizumitas fuzz,,110.0,2025-08-22,2026-08-22
eqd gary fuzz,,135.0,2025-08-22,2026-08-22
eqd swiss things,,140.0,2025-08-22,2026-08-22
voodoo lab pedal power mondo,,130.0,2025-08-22,2026-08-22
shin music double trouble green relic,,390.0,2025-08-22,2026-08-22
shin music flood drv,,375.0,2025-08-22,2026-08-22
strymon flint v1,,230.0,2025-08-22,2026-08-22
boss cs-3,,60.0,2025-08-22,2026-08-22
ehx mono synth,,75.0,2025-08-22,2026-08-22
proco rat 2,,70.0,2025-08-22,2026-08-22
mooer ensemble queen,,35.0,2025-08-22,2026-08-22
behringer beq700,,25.0,2025-08-22,2026-08-22
proco rat 2,,70.0,2025-08-22,2026-08-22
maestro fz-m fuzz tone,,45.0,2025-08-22,2026-08-22
boss sd-1,,45.0,2025-08-22,2026-08-22
lr baggs para acoustic di,,110.0,2025-08-22,2026-08-22
tc hall of fame mini,,45.0,2025-08-22,2026-08-22
ehx nano looper 360,,50.0,2025-08-22,2026-08-22
fulltone supa wah,,280.0,2025-08-22,2026-08-22
vox wah made in italy,,500.0,2025-08-22,2026-08-22
prescription electronics cob,,765.0,2025-08-22,2026-08-22
field effect tones fuzz face red germanium OC,,250.0,2025-08-22,2026-08-22
field effect tones fuzz face black bc130c,,250.0,2025-08-22,2026-08-22
durham electronics crazy horse,,230.0,2025-08-22,2026-08-22
dam zoot unit,,625.0,2025-08-22,2026-08-22
vpw zonk machine,,550.0,2025-08-22,2026-08-22
fet octave swell experience,,250.0,2025-08-22,2026-08-22
beanies fuzz unit,,300.0,2025-08-22,2026-08-22
1963 gretsch 6120,,3100.0,2025-08-22,2026-08-22
dts sdd-3kp,,350.0,2025-08-22,2026-08-22
boss dc-2w,,150.0,2025-08-22,2026-08-22
benson stonk box,,190.0,2025-08-22,2026-08-22
analogman boss geb-7,,215.0,2025-08-22,2026-08-22
roger mayer voodoo-1,,290.0,2025-08-22,2026-08-22
benson stonk box,,190.0,2025-08-22,2026-08-22
echopark echodriver,,260.0,2025-08-22,2026-08-22
analogman boss geb-7,,215.0,2025-08-22,2026-08-22
greer lightspeed,,190.0,2025-08-22,2026-08-22
boss dc-2w,,150.0,2025-08-22,2026-08-22
flynn amps hawk,,200.0,2025-08-22,2026-08-22
dinosaural cogmeister,,315.0,2025-08-22,2026-08-22
solodallas the schaffer replica,,900.0,2025-08-22,2026-08-22
latent lemon audio hurts,,190.0,2025-08-22,2026-08-22
ten years ten years is a decade,,300.0,2025-08-22,2026-08-22
veri-tone arcturus,,200.0,2025-08-22,2026-08-22
cunningham dual range fuzz,,390.0,2025-08-22,2026-08-22
way huge sto,,75.0,2025-08-22,2026-08-22
thesoundofjusticefx ordren,,80.0,2025-08-22,2026-08-22
nrg effects purrer,,185.0,2025-08-22,2026-08-22
drybell unit 67,,190.0,2025-08-22,2026-08-22
suhr thornbucker bridge pickup,,85.0,2025-08-22,2026-08-22
ehx silencer,,50.0,2025-08-22,2026-08-22
avp-1 active volume pedal,,45.0,2025-08-22,2026-08-22
cross dissolve pedal,,160.0,2025-08-22,2026-08-22
peepee,,115.0,2025-08-22,2026-08-22
bearfoot polar bear,,90.0,2025-08-22,2026-08-22
greer lightspeed,,185.0,2025-08-22,2026-08-22
pigtronix gate keeper micro,,55.0,2025-08-22,2026-08-22
bearfoot bumble bee,,120.0,2025-08-22,2026-08-22
mr black octaves,,75.0,2025-08-22,2026-08-22
wren and cuff box of war,,120.0,2025-08-22,2026-08-22
meteoric effects gravity well,,50.0,2025-08-22,2026-08-22
alexander radical delay,,105.0,2025-08-22,2026-08-22
cmc effects italian bender,,65.0,2025-08-22,2026-08-22
oneder old blue,,90.0,2025-08-22,2026-08-22
matthews effects the traveler,,100.0,2025-08-22,2026-08-22
walrus fundamental phaser,,55.0,2025-08-22,2026-08-22
eqd zoar,,85.0,2025-08-22,2026-08-22
wmd the goldilocks planet,,55.0,2025-08-22,2026-08-22
catalinbread soft focus,,120.0,2025-08-22,2026-08-22
oneder fuzz,,100.0,2025-08-22,2026-08-22
super cool sptritz compressor,,70.0,2025-08-22,2026-08-22
gfi systems rossie,,130.0,2025-08-22,2026-08-22
wren and cuff the white elk,,105.0,2025-08-22,2026-08-22
gear ant yellow jacket,,85.0,2025-08-22,2026-08-22
guptech hot foazz fuzz,,60.0,2025-08-22,2026-08-22
mxr evh flanger,,115.0,2025-08-22,2026-08-22
oneder onederwall,,170.0,2025-08-22,2026-08-22
sentimental bob electronics albert,,115.0,2025-08-22,2026-08-22
spaceman saturn vi,,105.0,2025-08-22,2026-08-22
mxr tremolo,,85.0,2025-08-22,2026-08-22
ehx 360 nano looper,,50.0,2025-08-22,2026-08-22
wren and cuff tall font russian,,120.0,2025-08-22,2026-08-22
jonny rock gear pop corner,,65.0,2025-08-22,2026-08-22
black mass the first herald,,155.0,2025-08-22,2026-08-22
analog alien bucket seat,,130.0,2025-08-22,2026-08-22
guptech dcd dual channel distortion,,90.0,2025-08-22,2026-08-22
drunk beaver kherson drive,,165.0,2025-08-22,2026-08-22
eqd ghost echo v3 ltd edition brain dead,,110.0,2025-08-22,2026-08-22
freqscene effects slow life,,130.0,2025-08-22,2026-08-22
coppersound foxcatcher,,125.0,2025-08-22,2026-08-22
moth electric c regalis overdrive,,120.0,2025-08-22,2026-08-22
jth electronics typhoon hybrid fuzz,,80.0,2025-08-22,2026-08-22
guptech queen of crow,,65.0,2025-08-22,2026-08-22
awestruck metro organic overdrive,,100.0,2025-08-22,2026-08-22
jam pedals red muck mk.2,,150.0,2025-08-22,2026-08-22
haunted labs shadow winds delay,,115.0,2025-08-22,2026-08-22
cmc effects nyc v9,,65.0,2025-08-22,2026-08-22
electrojunk pedals BOOst,,75.0,2025-08-22,2026-08-22
acp sunyata shimmer & plate reverb,,85.0,2025-08-22,2026-08-22
vintage mxr block dyna comp,,120.0,2025-08-22,2026-08-22
six string effects firebreath,,70.0,2025-08-22,2026-08-22
six string effects chazz,,70.0,2025-08-22,2026-08-22
line 6 pod hd500x,,150.0,2025-08-22,2026-08-22
Electro Harmonix Nano Bass Clone Chorus,,35.0,2025-08-22,2026-08-22
Electro Harmonix Nano Bass Big Muff,,55.0,2025-08-22,2026-08-22
Donner Octaver,,25.0,2025-08-22,2026-08-22
Rowan Noise Killer,,25.0,2025-08-22,2026-08-22
Rowan Noise Killer,,25.0,2025-08-22,2026-08-22
KLIQ Tiny Tuner,,25.0,2025-08-22,2026-08-22
demonfx microtubes b3k,,25.0,2025-08-22,2026-08-22
Orange Bass Butler,,235.0,2025-08-22,2026-08-22
Valeton Bass Multi Effect,,70.0,2025-08-22,2026-08-22
Stone Deaf Rise 'n Shine,,165.0,2025-08-22,2026-08-22
Electro Harmonix Nano Battalion,,70.0,2025-08-22,2026-08-22
TC Electronics Brainwaves Pitch Pedal,,85.0,2025-08-22,2026-08-22
1K Multimedia TONEX ONE,,110.0,2025-08-22,2026-08-22
digitech trio +,,185.0,2025-08-22,2026-08-22
ehx c9,,135.0,2025-08-22,2026-08-22
singular sound beat buddy v1,,165.0,2025-08-22,2026-08-22
dunlop volume pedal,,85.0,2025-08-22,2026-08-22
boss ds-1,,40.0,2025-08-22,2026-08-22
boss cs-3,,60.0,2025-08-22,2026-08-22
joyo wooden sound,,35.0,2025-08-22,2026-08-22
danelectro dan echo,,50.0,2025-08-22,2026-08-22
LPD Sixty 8 Deluxe,,179.0,2025-08-22,2026-08-22
BMF - Syzmenzab,,105.0,2025-08-22,2026-08-22
Walrus Audio ACS1,,170.0,2025-08-22,2026-08-22
Ehx Nano Qtron,,75.0,2025-08-22,2026-08-22
Ly Rock Sweet Tea clone,,60.0,2025-08-22,2026-08-22
American loopers: 5 channel loop switcher,,90.0,2025-08-22,2026-08-22
Walrus Audio: Slovta,,115.0,2025-08-22,2026-08-22
Pigtronix: Cosmosis,,100.0,2025-08-22,2026-08-22
Suhr: Koji compressor,,100.0,2025-08-22,2026-08-22
Eventide: Ultra Tap,,130.0,2025-08-22,2026-08-22
Neunaber: Illumine,,310.0,2025-08-22,2026-08-22
Source Audio: Nemesis delay,,235.0,2025-08-22,2026-08-22
Analog Man: Beano Boost,,235.0,2025-08-22,2026-08-22
dunlop cry baby bass model 105q,,80.0,2025-08-22,2026-08-22
vox handwired wah v846-hw,,135.0,2025-08-22,2026-08-22
dunlop cry baby dime wah,,125.0,2025-08-22,2026-08-22
jhs notaklon,,75.0,2025-08-22,2026-08-22
boss fender 59 bassman,,105.0,2025-08-22,2026-08-22
digitech whammy 4,,160.0,2025-08-22,2026-08-22
dunlop rotovibe model jh-4s,,170.0,2025-08-22,2026-08-22
randall rred,,70.0,2025-08-22,2026-08-22
warm audio foxy tone box,,85.0,2025-08-22,2026-08-22
westminster effects 2716 seth morrison signature distortion,,100.0,2025-08-22,2026-08-22
lace sensor pickups set,,120.0,2025-08-22,2026-08-22
mxr phase 100,,85.0,2025-08-22,2026-08-22
lovepedal zendrive,,125.0,2025-08-22,2026-08-22
soldano slo mini head - 30 watts,,150.0,2025-08-22,2026-08-22
ehx cock fight,,70.0,2025-08-22,2026-08-22
boss fender 59 bassman,,105.0,2025-08-22,2026-08-22
boss ce-2w,,160.0,2025-08-22,2026-08-22
lokajaudio der blend,,65.0,2025-08-22,2026-08-22
frederic effects warp sound,,85.0,2025-08-22,2026-08-22
origin effects deluxe 61,,320.0,2025-08-22,2026-08-22
boss ce-1,,610.0,2025-08-22,2026-08-22
tone king ironman ii mini attenuator,,275.0,2025-08-22,2026-08-22
eqd sunn o))) life pedal v2,,210.0,2025-08-22,2026-08-22
soldano supercharger gto,,565.0,2025-08-22,2026-08-22
vai legacy drive,,225.0,2025-08-22,2026-08-22
sabbadius funky vibe,,475.0,2025-08-22,2026-08-22
bk butler tube driver,,215.0,2025-08-22,2026-08-22
amt electronics rammstein combo emmulator,,200.0,2025-08-22,2026-08-22
devi ever shoegazer,,225.0,2025-08-22,2026-08-22
effectrode delta trem tube tremolo,,385.0,2025-08-22,2026-08-22
shin-ei 8tr fuzz wah**,,400.0,2025-08-22,2026-08-22
dunlop gcb80 high gain volume pedal**,,45.0,2025-08-22,2026-08-22
fender footswitch,,25.0,2025-08-22,2026-08-22
Boss NS-2 Noise Suppressor,,60.0,2025-08-22,2026-08-22
ehx metal muff,,45.0,2025-08-22,2026-08-22
seymour duncan dirty deed distortion,,60.0,2025-08-22,2026-08-22
boss rv-6,,105.0,2025-08-22,2026-08-22
futile art fx mini dark foil fuzz,,75.0,2025-08-22,2026-08-22
decibelics angry swede,,160.0,2025-08-22,2026-08-22
mxr phase 95,,70.0,2025-08-22,2026-08-22
tc polytune3 mini noir,,60.0,2025-08-22,2026-08-22
deadfx i cant feel my face super fuzz,,120.0,2025-08-22,2026-08-22
fender shields blender,,190.0,2025-08-22,2026-08-22
mojo gear fx deluxe bc108 fuzz,,60.0,2025-08-22,2026-08-22
mxr classic 108 fuzz mini,,70.0,2025-08-22,2026-08-22
voodoo lab pedal power 2 plus,,100.0,2025-08-22,2026-08-22
teisco fuzz,,70.0,2025-08-22,2026-08-22
boss mt-2w,,100.0,2025-08-22,2026-08-22
wren and cuff the good one,Good,190.0,2025-08-22,2026-08-22
black arts tone works son of pharoah,,130.0,2025-08-22,2026-08-22
missing link audio eliminator,,115.0,2025-08-22,2026-08-22
catalinbread sft,,100.0,2025-08-22,2026-08-22
boss ns-1x,,140.0,2025-08-22,2026-08-22
ibanez ts-808,,105.0,2025-08-22,2026-08-22
ehx humdebugger,,85.0,2025-08-22,2026-08-22
god city instruments jugendstil fuzz,,170.0,2025-08-22,2026-08-22
ehx deluxe memory man nano,,120.0,2025-08-22,2026-08-22
boss hm-3 hyper metal,,80.0,2025-08-22,2026-08-22
eqd interstellar orbiter,,130.0,2025-08-22,2026-08-22
tc sub n up,,65.0,2025-08-22,2026-08-22
jhs bender 1972 fuzz,,110.0,2025-08-22,2026-08-22
frederic effects nouveau super unpleasant companion fuzz,,150.0,2025-08-22,2026-08-22
daredevil atomic cock,,90.0,2025-08-22,2026-08-22
randall face punch,,130.0,2025-08-22,2026-08-22
catalinbread echorec,,130.0,2025-08-22,2026-08-22
keeley compressor 4 knob,,75.0,2025-08-22,2026-08-22
berserker electronics prehistoric dog,,130.0,2025-08-22,2026-08-22
ehx hum debugger,,85.0,2025-08-22,2026-08-22
isp decimator ii,,80.0,2025-08-22,2026-08-22
subdecay vagabond,,105.0,2025-08-22,2026-08-22
jam pedals seagull,,150.0,2025-08-22,2026-08-22
wampler tumnus,,100.0,2025-08-22,2026-08-22
jhs tidewater,,75.0,2025-08-22,2026-08-22
fairfield circuitry the unpleasant surprise,Fair,155.0,2025-08-22,2026-08-22
ehx big muff pi nano,,65.0,2025-08-22,2026-08-22
danelectro back talk,,110.0,2025-08-22,2026-08-22
ehx memory toy,,60.0,2025-08-22,2026-08-22
durham electronics crazy horse,,160.0,2025-08-22,2026-08-22
joe parker razor gun,,135.0,2025-08-22,2026-08-22
sae effects sly fox,,70.0,2025-08-22,2026-08-22
stomp under foot pumpkin pi,,160.0,2025-08-22,2026-08-22
digitech freqout,,150.0,2025-08-22,2026-08-22
vertex sss srv,,140.0,2025-08-22,2026-08-22
boss mz-2 digital metalizer,,170.0,2025-08-22,2026-08-22
wren and cuff  tri-pie '70 fuzz,,120.0,2025-08-22,2026-08-22
crazy tube circuits falcon,,130.0,2025-08-22,2026-08-22
fender tre-verb,,150.0,2025-08-22,2026-08-22
boss rv-6,,105.0,2025-08-22,2026-08-22
ehx neo electric mistress,,50.0,2025-08-22,2026-08-22
octonaut hyper drive,,120.0,2025-08-22,2026-08-22
ehx ripped speaker,,65.0,2025-08-22,2026-08-22
ibanez bc9 bi-mode chorus,,140.0,2025-08-22,2026-08-22
eqd the depths v2,,110.0,2025-08-22,2026-08-22
way huge overrated special,,140.0,2025-08-22,2026-08-22
dunlop fuzz face joe bonamassa,,130.0,2025-08-22,2026-08-22
eqd spatial delivery,,85.0,2025-08-22,2026-08-22
ehx el nano holy grail,,65.0,2025-08-22,2026-08-22
tc polytune 3,,60.0,2025-08-22,2026-08-22
mxr six band eq silver,,70.0,2025-08-22,2026-08-22
sonic research turbo tuner st-300,,100.0,2025-08-22,2026-08-22
catalinbread adineko,,105.0,2025-08-22,2026-08-22
ehx mel9,,160.0,2025-08-22,2026-08-22
tech 21 sansamp gt2,,100.0,2025-08-22,2026-08-22
boss te-2 tera echo,,105.0,2025-08-22,2026-08-22
eqd plumes,,70.0,2025-08-22,2026-08-22
emma discumbobulator,,170.0,2025-08-22,2026-08-22
catalinbread talisman,,100.0,2025-08-22,2026-08-22
crazy tube circuits memphis,,100.0,2025-08-22,2026-08-22
eqd hizumitas black,,110.0,2025-08-22,2026-08-22
mazztronics fz-1 classic fuzz,,65.0,2025-08-22,2026-08-22
boss re-2 space echo,,150.0,2025-08-22,2026-08-22
boss bf-3 flanger,,85.0,2025-08-22,2026-08-22
strymon lex v1,,175.0,2025-08-22,2026-08-22
boss hm-2,,110.0,2025-08-22,2026-08-22
tc miniq full size,,85.0,2025-08-22,2026-08-22
fulltone supa trem jr,,110.0,2025-08-22,2026-08-22
weed packer,,75.0,2025-08-22,2026-08-22
mxr tremolo,,90.0,2025-08-22,2026-08-22
catalinbread valcoder,,70.0,2025-08-22,2026-08-22
chase bliss warped vinyl,,250.0,2025-08-22,2026-08-22
mxr distortion plus vintage script,,250.0,2025-08-22,2026-08-22
roger mayer octavia classic,,235.0,2025-08-22,2026-08-22
keeley loomer,,200.0,2025-08-22,2026-08-22
strymon el capistan v1,,200.0,2025-08-22,2026-08-22
vox tone bender black,,750.0,2025-08-22,2026-08-22
boss fz-2 hyper fuzz,,285.0,2025-08-22,2026-08-22
fuzzlord effects lord fu-2,,200.0,2025-08-22,2026-08-22
catalinbread belle epoch deluxe,,200.0,2025-08-22,2026-08-22
analogman sun face bart,,225.0,2025-08-22,2026-08-22
hardwire rv-7,,240.0,2025-08-22,2026-08-22
mooer blue pedal,,25.0,2025-08-22,2026-08-22
mooer blue pedal,,25.0,2025-08-22,2026-08-22
mooer yellow comp,,35.0,2025-08-22,2026-08-22
rowin slow hand,,25.0,2025-08-22,2026-08-22
mooer soul shiver,,45.0,2025-08-22,2026-08-22
mooer green mini,,25.0,2025-08-22,2026-08-22
mooer reecho,,35.0,2025-08-22,2026-08-22
mooer yellow pedal,,25.0,2025-08-22,2026-08-22
mooer orange pedal,,25.0,2025-08-22,2026-08-22
mooer black mini pedal,,25.0,2025-08-22,2026-08-22
mooer trelicopter,,30.0,2025-08-22,2026-08-22
mooer elec lady,,35.0,2025-08-22,2026-08-22
mooer ultra drive,,35.0,2025-08-22,2026-08-22
mooer triangle buff,,35.0,2025-08-22,2026-08-22
mooer black pedal red writing,,30.0,2025-08-22,2026-08-22
mooer mini gold pedal,,30.0,2025-08-22,2026-08-22
mooer modverb,,35.0,2025-08-22,2026-08-22
tc mimiq mini,,55.0,2025-08-22,2026-08-22
mooer blue crab,,30.0,2025-08-22,2026-08-22
billionaire cash cow,,40.0,2025-08-22,2026-08-22
mooer pitch box,,35.0,2025-08-22,2026-08-22
mooer tone capture gtr,,40.0,2025-08-22,2026-08-22
donner jet convolution flanger,,25.0,2025-08-22,2026-08-22
donner jet convolution flanger,,25.0,2025-08-22,2026-08-22
bbe boosta grande,,40.0,2025-08-22,2026-08-22
mooer solo distortion,,30.0,2025-08-22,2026-08-22
mooer black secret,,35.0,2025-08-22,2026-08-22
boss ds-1,,40.0,2025-08-22,2026-08-22
tc polytune,,45.0,2025-08-22,2026-08-22
jhs pedals mute switch,,35.0,2025-08-22,2026-08-22
tc polytune 3 mini noir,,55.0,2025-08-22,2026-08-22
saturnworks micro dying battery sim,,35.0,2025-08-22,2026-08-22
saturnworks passive summer / splitter,,25.0,2025-08-22,2026-08-22
mxr phase 90 script modern,,55.0,2025-08-22,2026-08-22
billionaire ceo,,25.0,2025-08-22,2026-08-22
rowin noise gate,,25.0,2025-08-22,2026-08-22
mooer d7 pedal,,45.0,2025-08-22,2026-08-22
pigtronix ofm disnortion micro,,50.0,2025-08-22,2026-08-22
mooer shimverb,,35.0,2025-08-22,2026-08-22
Drybell Unit 67,,210.0,2025-08-22,2026-08-22
UAFX Dream,,220.0,2025-08-22,2026-08-22
UAFX Ruby,,200.0,2025-08-22,2026-08-22
UAFX Ox Stomp,,200.0,2025-08-22,2026-08-22
BK Butler Tube Driver,,210.0,2025-08-22,2026-08-22
Rat - R2DU Rack unit,,450.0,2025-08-22,2026-08-22
Notaklon new in box unassembled,,80.0,2025-08-22,2026-08-22
Boss DC-2,,185.0,2025-08-22,2026-08-22
OBNE Dark Star,,170.0,2025-08-22,2026-08-22
Eurythmia ICMB Fuzz,,70.0,2025-08-22,2026-08-22
Boss CS-2,,100.0,2025-08-22,2026-08-22
british pedal co range master,,200.0,2025-08-22,2026-08-22
early 80s boss ce-2 silver screw / long dash,,250.0,2025-08-22,2026-08-22
digitech whammy dt,,250.0,2025-08-22,2026-08-22
mxr carbon copy deluxe,,135.0,2025-08-22,2026-08-22
surfybear reverb tank,,315.0,2025-08-22,2026-08-22
ceriatone centura,,165.0,2025-08-22,2026-08-22
fulltone deja vibe mkii,,200.0,2025-08-22,2026-08-22
chase bliss mood mkii,,335.0,2025-08-22,2026-08-22
eae limelight,,185.0,2025-08-22,2026-08-22
ibanez ts808,,110.0,2025-08-22,2026-08-22
walrus audio canvas rehearsal,,150.0,2025-08-22,2026-08-22
walrus phoenix psu,,150.0,2025-08-22,2026-08-22
strymon ec-1,,180.0,2025-08-22,2026-08-22
mxr phase 90 script,,70.0,2025-08-22,2026-08-22
ehx deluxe bass big muff,,85.0,2025-08-22,2026-08-22
ehx bass soul food,,60.0,2025-08-22,2026-08-22
dod meatbox subsynth,,85.0,2025-08-22,2026-08-22
dsm & humboldt simplifier,,170.0,2025-08-22,2026-08-22
mxr reverb,,110.0,2025-08-22,2026-08-22
aguilar octamizer,,100.0,2025-08-22,2026-08-22
aguilar tlc compressor,,85.0,2025-08-22,2026-08-22
boss oc-5,,110.0,2025-08-22,2026-08-22
boss ir-2,,135.0,2025-08-22,2026-08-22
tc flashback,,70.0,2025-08-22,2026-08-22
boss dd-3t,,90.0,2025-08-22,2026-08-22
boss rc-5 loop station,,125.0,2025-08-22,2026-08-22
voodoo lab pedal power 4x4,,85.0,2025-08-22,2026-08-22
line 6 g55 receiver,,180.0,2025-08-22,2026-08-22
line 6 tbp12 transmitter,,80.0,2025-08-22,2026-08-22
line 6 tbp12 transmitter,,80.0,2025-08-22,2026-08-22
boss ir-200,,200.0,2025-08-22,2026-08-22
boss rc-500,,200.0,2025-08-22,2026-08-22
boss ns-2,,55.0,2025-08-22,2026-08-22
boss tu-3,,60.0,2025-08-22,2026-08-22
fender pugilist distortion,,55.0,2025-08-22,2026-08-22
amptweaker tightrock orignal red,,100.0,2025-08-22,2026-08-22
aphex acoustic xciter,,65.0,2025-08-22,2026-08-22
aphex guitar xciter,,70.0,2025-08-22,2026-08-22
barber tone press,,120.0,2025-08-22,2026-08-22
blackstar ht dual,,75.0,2025-08-22,2026-08-22
bogner uberschall,,110.0,2025-08-22,2026-08-22
boss ce-20,,100.0,2025-08-22,2026-08-22
boss ce-2w,,165.0,2025-08-22,2026-08-22
boss dc-2w,,150.0,2025-08-22,2026-08-22
boss ds-1,,40.0,2025-08-22,2026-08-22
boss ds-1x,,70.0,2025-08-22,2026-08-22
boss eq-200,,180.0,2025-08-22,2026-08-22
boss tu-2,,45.0,2025-08-22,2026-08-22
boss ph-2 super phaser,,90.0,2025-08-22,2026-08-22
broughton high pass filter,,50.0,2025-08-22,2026-08-22
ehx key9,,155.0,2025-08-22,2026-08-22
evantide time factor,,175.0,2025-08-22,2026-08-22
ibanez tk999ht tube king,,100.0,2025-08-22,2026-08-22
ibanez tk999us tube king,,135.0,2025-08-22,2026-08-22
Strymon Dig,,170.0,2025-08-22,2026-08-22
TC Electronic Flashback X4,,110.0,2025-08-22,2026-08-22
TC Electronic MojoMojo,,45.0,2025-08-22,2026-08-22
TC Electronic PolyTune mini,,50.0,2025-08-22,2026-08-22
TC Electronic Spark,,40.0,2025-08-22,2026-08-22
Tech21 Midi Mouse,,55.0,2025-08-22,2026-08-22
Vertex Steel String,,70.0,2025-08-22,2026-08-22
Vertex Ultraphonix,,75.0,2025-08-22,2026-08-22
VHT Valvulator I,,100.0,2025-08-22,2026-08-22
Vox Tonelab EX,,100.0,2025-08-22,2026-08-22
Vox Tonelab ST,,80.0,2025-08-22,2026-08-22
WD Orange Squeezer,,90.0,2025-08-22,2026-08-22
Xotic BB preamp,,110.0,2025-08-22,2026-08-22
Xotic EP Booster,,75.0,2025-08-22,2026-08-22
Xotic RC Booster,,150.0,2025-08-22,2026-08-22
ibanez ts9,,70.0,2025-08-22,2026-08-22
jhs angry charlie,,120.0,2025-08-22,2026-08-22
jrad the dude od,,110.0,2025-08-22,2026-08-22
karma mtn-10,,140.0,2025-08-22,2026-08-22
karma odr-10,,140.0,2025-08-22,2026-08-22
line 6 dm4,,70.0,2025-08-22,2026-08-22
mission active volume pedal,,110.0,2025-08-22,2026-08-22
morley bad horsie,,55.0,2025-08-22,2026-08-22
mxr analog chorus,,60.0,2025-08-22,2026-08-22
mxr evh 5150,,110.0,2025-08-22,2026-08-22
proco you dirty rat,,85.0,2025-08-22,2026-08-22
prs mary cries,,90.0,2025-08-22,2026-08-22
radial tonebone classic,,90.0,2025-08-22,2026-08-22
radial tonebone hot british,,90.0,2025-08-22,2026-08-22
seymour duncan pickup booster,,40.0,2025-08-22,2026-08-22
source audio sa 170 programmable eq,,100.0,2025-08-22,2026-08-22
source audio soundblox 2 dimension reverb,,75.0,2025-08-22,2026-08-22
stomp under foot violet menace fuzz,,150.0,2025-08-22,2026-08-22
strymon brig,,170.0,2025-08-22,2026-08-22
wampler black 65,,140.0,2025-08-22,2026-08-22
audio sprockets tonedexter,,250.0,2025-08-22,2026-08-22
vht fifty two fifty tube amp rack,,775.0,2025-08-22,2026-08-22
bk butler tube driver with bias,,235.0,2025-08-22,2026-08-22
bluguitar amp1 iridium edition,,500.0,2025-08-22,2026-08-22
boss gt-1000,,520.0,2025-08-22,2026-08-22
friedman ir-d,,335.0,2025-08-22,2026-08-22
kemper stage,,820.0,2025-08-22,2026-08-22
kingsley harlot,,375.0,2025-08-22,2026-08-22
line 6 hx stomp,,415.0,2025-08-22,2026-08-22
neo instruments mini vent ii,,250.0,2025-08-22,2026-08-22
strymon cloudburst,,200.0,2025-08-22,2026-08-22
lovepedal bonetender,,110.0,2025-08-22,2026-08-22
kingsley minstrel v2,,375.0,2025-08-22,2026-08-22
tonex one,,110.0,2025-08-22,2026-08-22
strymon compadre,,200.0,2025-08-22,2026-08-22
basic audio scarab deluxe,,175.0,2025-08-22,2026-08-22
one control tail looper 2,,100.0,2025-08-22,2026-08-22
boss wl-50 wireless unit,,120.0,2025-08-22,2026-08-22
ibanez tube screamer mini,,50.0,2025-08-22,2026-08-22
ibanez ts9,,75.0,2025-08-22,2026-08-22
dunlop fuzz face mini band of gypsies,,85.0,2025-08-22,2026-08-22
dunlop fuzz face mini fuzz face blue silicon,,70.0,2025-08-22,2026-08-22
boss rv-5,,85.0,2025-08-22,2026-08-22
ua ruby,,200.0,2025-08-22,2026-08-22
hotone ampero,,185.0,2025-08-22,2026-08-22
ehx nano pog,,120.0,2025-08-22,2026-08-22
jhs morning glory v4,,120.0,2025-08-22,2026-08-22
strymon timeline,,280.0,2025-08-22,2026-08-22
line 6 hx one,,175.0,2025-08-22,2026-08-22
1981 drv,,150.0,2025-08-22,2026-08-22
joyfx the killer v2,,70.0,2025-08-22,2026-08-22
animals pedal major overdrive,,70.0,2025-08-22,2026-08-22
jhs pedals cheese ball,,110.0,2025-08-22,2026-08-22
snot rocket overdrive,,65.0,2025-08-22,2026-08-22
westminster effects exegete,,70.0,2025-08-22,2026-08-22
jam pedals harmonius monk v2,,200.0,2025-08-22,2026-08-22
Cornerstone nero,,205.0,2025-08-22,2026-08-22
2021 gibson custom vos 1963 sg special - $2350,,2350.0,2025-08-22,2026-08-22
2023 gibson custom vos non-reverse 1965 firebird v - $3650,,3300.0,2025-08-22,2026-08-22
2015 fender american vintage 1956 strat reissue - $1450,Fair,1250.0,2025-08-22,2026-08-22
2024 gibson custom shop 57 reissue LP special - 8lbs,,2550.0,2025-08-22,2026-08-22
strymon lex v1,,180.0,2025-08-22,2026-08-22
strymon flint v1,,230.0,2025-08-22,2026-08-22
nocturne mystery brain big box,,285.0,2025-08-22,2026-08-22
source audio true spring,,150.0,2025-08-22,2026-08-22
boss syb-3,,90.0,2025-08-22,2026-08-22
boss aw-3,,75.0,2025-08-22,2026-08-22
boss ceb-3,,75.0,2025-08-22,2026-08-22
mxr clone looper,,75.0,2025-08-22,2026-08-22
barn3 oxu mini w trs and power cables,,50.0,2025-08-22,2026-08-22
boss analogman tr-2,,210.0,2025-08-22,2026-08-22
jhs panther #339,,400.0,2025-08-22,2026-08-22
r weaver fx scarlett vibe,,290.0,2025-08-22,2026-08-22
black volt vfuzz #66,,250.0,2025-08-22,2026-08-22
voodoo lab pedal power x8,,105.0,2025-08-22,2026-08-22
voodoo lab control switcher,,100.0,2025-08-22,2026-08-22
voodoo lab control switcher,,100.0,2025-08-22,2026-08-22
voodoo lab control switcher,,100.0,2025-08-22,2026-08-22
voodoo lab control switcher,,100.0,2025-08-22,2026-08-22
tc corona chorus,,65.0,2025-08-22,2026-08-22
analogwise skyrocket germanium fuzz - 169,,150.0,2025-08-22,2026-08-22
audigo wireless mic - 249,,165.0,2025-08-22,2026-08-22
presonus quantum es2 recording interface - 199,,130.0,2025-08-22,2026-08-22
presonus revelator usb mic - 99,,65.0,2025-08-22,2026-08-22
radial jdx direct drive active di box,,115.0,2025-08-22,2026-08-22
mxr bass compressor,,120.0,2025-08-22,2026-08-22
ehx mono synth,,75.0,2025-08-22,2026-08-22
cry baby bass mini wah,,75.0,2025-08-22,2026-08-22
mxr vintage bass octave,,90.0,2025-08-22,2026-08-22
ebs multi comp,,90.0,2025-08-22,2026-08-22
lusithand ground and pound,,165.0,2025-08-22,2026-08-22
walrus audio eras,,110.0,2025-08-22,2026-08-22
mxr bass synth,,275.0,2025-08-22,2026-08-22
darkglass adam,,300.0,2025-08-22,2026-08-22
tc vortex,,55.0,2025-08-22,2026-08-22
mooer chorus,,35.0,2025-08-22,2026-08-22
tc flashback mini,,50.0,2025-08-22,2026-08-22
tc ditto looper mini,,45.0,2025-08-22,2026-08-22
vocalist live 3,,180.0,2025-08-22,2026-08-22
shure aonic215 isolating earphones,,185.0,2025-08-22,2026-08-22
mxr phase 95,,65.0,2025-08-22,2026-08-22
proco rat 2,,70.0,2025-08-22,2026-08-22
behringer vintage tube monster,,60.0,2025-08-22,2026-08-22
friedman ir-x,,275.0,2025-08-22,2026-08-22
analogman astrotone fuzz,,175.0,2025-08-22,2026-08-22
diamond memory lane jr,,170.0,2025-08-22,2026-08-22
keeley muse driver,,110.0,2025-08-22,2026-08-22
jhs at+,,135.0,2025-08-22,2026-08-22
bogner la grange,,185.0,2025-08-22,2026-08-22
mxr flanger,,110.0,2025-08-22,2026-08-22
j rockett 45 cal,,120.0,2025-08-22,2026-08-22
bearfoot fx goldilocks,,90.0,2025-08-22,2026-08-22
durham electronics sex drive,,170.0,2025-08-22,2026-08-22
carl martin chorus xii,,85.0,2025-08-22,2026-08-22
carl martin octa-switch ii,,185.0,2025-08-22,2026-08-22
zvex superhardon,,120.0,2025-08-22,2026-08-22
lovepedal kanji eternity od,,115.0,2025-08-22,2026-08-22
pettyjohn gold,,150.0,2025-08-22,2026-08-22
plush cream,,70.0,2025-08-22,2026-08-22
j rockett audio tim pierce od,,120.0,2025-08-22,2026-08-22
barber direct drive,,130.0,2025-08-22,2026-08-22
xotic sl drive,,70.0,2025-08-22,2026-08-22
fulltone clyde deluxe wah,,140.0,2025-08-22,2026-08-22
custom audio electronics wah,,100.0,2025-08-22,2026-08-22
analogman ardx20,,275.0,2025-08-22,2026-08-22
mooer ninety orange,,25.0,2025-08-22,2026-08-22
tone bakery creme brulee,,50.0,2025-08-22,2026-08-22
boss sd-1,,40.0,2025-08-22,2026-08-22
radial bigshot aby,,55.0,2025-08-22,2026-08-22
ernie ball vp jr volume pedal,,50.0,2025-08-22,2026-08-22
boss hm-2w,,115.0,2025-08-22,2026-08-22
lpd fifty 5,,115.0,2025-08-22,2026-08-22
boss fz-5,,65.0,2025-08-22,2026-08-22
boss ac-3,,65.0,2025-08-22,2026-08-22
beetronics tuna can fuzz,,65.0,2025-08-22,2026-08-22
stone deaf fx green warp drive,,160.0,2025-08-22,2026-08-22
blackstar polar go mobile audio interface,,70.0,2025-08-22,2026-08-22
marshall guv'nor,,125.0,2025-08-22,2026-08-22
mxr evh phase 90,,75.0,2025-08-22,2026-08-22
mla pedals highway 41,,120.0,2025-08-22,2026-08-22
mla pedals statesboro blues,,120.0,2025-08-22,2026-08-22
boss bp-1w,,125.0,2025-08-22,2026-08-22
octonaut hyperdrive,,120.0,2025-08-22,2026-08-22
missing link audio peace fuzz,,130.0,2025-08-22,2026-08-22
stone deaf fx fig fumb,,150.0,2025-08-22,2026-08-22
stone deaf fx expression pedal,,110.0,2025-08-22,2026-08-22
keeley mk3 driver,,110.0,2025-08-22,2026-08-22
catalinbread rah,,90.0,2025-08-22,2026-08-22
centave warm audio,,100.0,2025-08-22,2026-08-22
boss me-6,,60.0,2025-08-22,2026-08-22
ehx memory toy,,50.0,2025-08-22,2026-08-22
walrus audio fundamental phaser,,55.0,2025-08-22,2026-08-22
mosky audio deluxe king rat,,30.0,2025-08-22,2026-08-22
walrus audio fundamental fuzz,,55.0,2025-08-22,2026-08-22
demon fx ts clone,,25.0,2025-08-22,2026-08-22
seymour duncan pickup booster,,50.0,2025-08-22,2026-08-22
fender hammertone distortion,,35.0,2025-08-22,2026-08-22
Kingsley Juggler V3,,775.0,2025-08-22,2026-08-22
HX Stomp XL,,500.0,2025-08-22,2026-08-22
Meris LVX Limited black,,575.0,2025-08-22,2026-08-22
Grace Design Alix Preamp,,550.0,2025-08-22,2026-08-22
Effectrode pc-2a,,275.0,2025-08-22,2026-08-22
Black mountain roller vp,,130.0,2025-08-22,2026-08-22
Two Notes Opus,,170.0,2025-08-22,2026-08-22
Looptimus plus external mini,,170.0,2025-08-22,2026-08-22
ehx qtron plus big box,,200.0,2025-08-22,2026-08-22
ehx epitome,,120.0,2025-08-22,2026-08-22
mxr dyna comp,,50.0,2025-08-22,2026-08-22
art tube mp tube preamp,,45.0,2025-08-22,2026-08-22
drybell vibe machine v2,,230.0,2025-08-22,2026-08-22
friedman dirty shirley,,100.0,2025-08-22,2026-08-22
boss dd-3t,,90.0,2025-08-22,2026-08-22
boss dm-2w,,110.0,2025-08-22,2026-08-22
mxr phase 90,,55.0,2025-08-22,2026-08-22
late 60s dallas arbiter fuzz face,,1960.0,2025-08-22,2026-08-22
danelectro cool cat chorus,,40.0,2025-08-22,2026-08-22
wampler latitude,,65.0,2025-08-22,2026-08-22
wampler plexi drive deluxe,,110.0,2025-08-22,2026-08-22
wampler thirty something,,160.0,2025-08-22,2026-08-22
mosferatu,,100.0,2025-08-22,2026-08-22
boss ch-1,,65.0,2025-08-22,2026-08-22
lovepedal reverb,,90.0,2025-08-22,2026-08-22
wampler equator,,110.0,2025-08-22,2026-08-22
wampler velvet fuzz,,85.0,2025-08-22,2026-08-22
wampler tweed '57,,130.0,2025-08-22,2026-08-22
wampler pinnacle,,75.0,2025-08-22,2026-08-22
wampler faux tape echo,,75.0,2025-08-22,2026-08-22
wampler black '65,,140.0,2025-08-22,2026-08-22
wampler ethereal,,110.0,2025-08-22,2026-08-22
tc mimiq mini,,55.0,2025-08-22,2026-08-22
tc sub n up,,60.0,2025-08-22,2026-08-22
Mosky Compass Drive,,25.0,2025-08-22,2026-08-22
Rockman Soloist,,120.0,2025-08-22,2026-08-22
JHS Bender 1973 London,,110.0,2025-08-22,2026-08-22
Way Huge Green Rhino,,75.0,2025-08-22,2026-08-22
dean dave mustaine signature zero,,650.0,2025-08-22,2026-08-22
khdk electronics ghoul screamer,,150.0,2025-08-22,2026-08-22
mythos mjolnir,,130.0,2025-08-22,2026-08-22
westminster effects 1517,,130.0,2025-08-22,2026-08-22
westminster effects wycliffe fuzz v2,,75.0,2025-08-22,2026-08-22
animals pedals angel bear face fuzz custom color,,85.0,2025-08-22,2026-08-22
jd customs mutron 3 clone,,80.0,2025-08-22,2026-08-22
boss dd-3t,,85.0,2025-08-22,2026-08-22
LSL Claro Boost,,50.0,2025-08-22,2026-08-22
Ehx Memory Toy,,60.0,2025-08-22,2026-08-22
Pigtronix Class A Boost mini,,45.0,2025-08-22,2026-08-22
Earthquaker Arrows,,60.0,2025-08-22,2026-08-22
Earthquaker Tentacle,,75.0,2025-08-22,2026-08-22
Seymour Duncan 805,,65.0,2025-08-22,2026-08-22
mxr talk box,,130.0,2025-08-22,2026-08-22
keeley aurora,,80.0,2025-08-22,2026-08-22
wampler ego,,80.0,2025-08-22,2026-08-22
bogner ecstasy red,,90.0,2025-08-22,2026-08-22
wampler ace thirty,,150.0,2025-08-22,2026-08-22
voodoo lab sparkle drive mod,,105.0,2025-08-22,2026-08-22
mxr evh 5150 overdrive,,120.0,2025-08-22,2026-08-22
mi audio boost n buff,,50.0,2025-08-22,2026-08-22
mooer 008,,50.0,2025-08-22,2026-08-22
strymon blue sky v1,,200.0,2025-08-22,2026-08-22
ibanez tube king,,120.0,2025-08-22,2026-08-22
fulltone full drive 2 mosfet,,75.0,2025-08-22,2026-08-22
strymon dig,,165.0,2025-08-22,2026-08-22
ibanez ts9,,70.0,2025-08-22,2026-08-22
jhs morning glory v4,,125.0,2025-08-22,2026-08-22
mxr reverb,,110.0,2025-08-22,2026-08-22
ibanez ts mini,,45.0,2025-08-22,2026-08-22
pedal pawn texan twang,,175.0,2025-08-22,2026-08-22
ehx b9,,125.0,2025-08-22,2026-08-22
DOD Grunge fx 69,,120.0,2025-08-22,2026-08-22
Boss DD-3 digital delay,,85.0,2025-08-22,2026-08-22
Boss BF-2 flanger,,140.0,2025-08-22,2026-08-22
REAL BOSS CE-2 Chorus,,175.0,2025-08-22,2026-08-22
Tom Scholz Rockman 100,,160.0,2025-08-22,2026-08-22
Dod FX55 Distortion,,50.0,2025-08-22,2026-08-22
DOD fx53 Classic Tube,,60.0,2025-08-22,2026-08-22
Digitech GRUNGE,,50.0,2025-08-22,2026-08-22
proco rat 2,,70.0,2025-08-22,2026-08-22
mxr distortion +,,50.0,2025-08-22,2026-08-22
boss chorus ch-1,,65.0,2025-08-22,2026-08-22
danelectro spring king jr,,100.0,2025-08-22,2026-08-22
ibanez ts9,,70.0,2025-08-22,2026-08-22
boss rc30,,120.0,2025-08-22,2026-08-22
Specular tempus Reverb/ delay,,250.0,2025-08-22,2026-08-22
Origin effects Compressor,,240.0,2025-08-22,2026-08-22
Wampler Ecstasy,,85.0,2025-08-22,2026-08-22
Mxr Carbon copy,,85.0,2025-08-22,2026-08-22
Wampler terraform,,160.0,2025-08-22,2026-08-22
livewire direct box,,25.0,2025-08-22,2026-08-22
dunlop wah gcb-95,,45.0,2025-08-22,2026-08-22
rolls stereo headphone amp,,30.0,2025-08-22,2026-08-22
roland fc-200 foot controller,,50.0,2025-08-22,2026-08-22
line 6 pod,,60.0,2025-08-22,2026-08-22
peavey cv1 volume pedal,,40.0,2025-08-22,2026-08-22
digitech vocalist performer,,70.0,2025-08-22,2026-08-22
digitech bad monkey,,80.0,2025-08-22,2026-08-22
boss vt-1,,160.0,2025-08-22,2026-08-22
boss dr-5,,75.0,2025-08-22,2026-08-22
motu m2 audio interface,,135.0,2025-08-22,2026-08-22
radial jdi,,160.0,2025-08-22,2026-08-22
ik multimedia blueboard,,30.0,2025-08-22,2026-08-22
apogee mic+,,65.0,2025-08-22,2026-08-22
strymon sunset,,190.0,2025-08-22,2026-08-22
strymon ojai 5 port,,115.0,2025-08-22,2026-08-22
line 6 dl4,,90.0,2025-08-22,2026-08-22
ehx micro pog,,125.0,2025-08-22,2026-08-22
fulltone fat boost,,80.0,2025-08-22,2026-08-22
eqd plumes,,70.0,2025-08-22,2026-08-22
boss bd-2,,65.0,2025-08-22,2026-08-22
boss oc-5,,100.0,2025-08-22,2026-08-22
boss sd-2,,140.0,2025-08-22,2026-08-22
keeley compressor 4 knob,,85.0,2025-08-22,2026-08-22
morpheus droptune,,100.0,2025-08-22,2026-08-22
boss me-80,,155.0,2025-08-22,2026-08-22
heil talk box,,110.0,2025-08-22,2026-08-22
strymon blue sky v1,,200.0,2025-08-22,2026-08-22
strymon big sky,,320.0,2025-08-22,2026-08-22
strymon timeline,,275.0,2025-08-22,2026-08-22
strymon flint v1,,230.0,2025-08-22,2026-08-22
boss ad-10,,270.0,2025-08-22,2026-08-22
tc spark mini,,35.0,2025-08-22,2026-08-22
behringer to800,,25.0,2025-08-22,2026-08-22
boss ds-1,,40.0,2025-08-22,2026-08-22
sonicake 5th dimension,,25.0,2025-08-22,2026-08-22
strymon timeline,,270.0,2025-08-22,2026-08-22
strymon big sky,,320.0,2025-08-22,2026-08-22
tone king imperial preamp,,475.0,2025-08-22,2026-08-22
keeley compressor 4 knob,,80.0,2025-08-22,2026-08-22
digitech drop,,140.0,2025-08-22,2026-08-22
boss bd-2,,65.0,2025-08-22,2026-08-22
outlaw effects iron horse tuner,,50.0,2025-08-22,2026-08-22
tc spark,,50.0,2025-08-22,2026-08-22
sonicake super sonic master,,25.0,2025-08-22,2026-08-22
flamma mod,,25.0,2025-08-22,2026-08-22
tc bodyrez,,55.0,2025-08-22,2026-08-22
wampler terraform,,150.0,2025-08-22,2026-08-22
boss te-2,,100.0,2025-08-22,2026-08-22
boss da-2,,150.0,2025-08-22,2026-08-22
boss mo-2,,85.0,2025-08-22,2026-08-22
peterson strobostomp  hd,,100.0,2025-08-22,2026-08-22
lpd jmp 79,,165.0,2025-08-22,2026-08-22
lpd eighty 7,,160.0,2025-08-22,2026-08-22
keeley california girls,,170.0,2025-08-22,2026-08-22
peterson mini tuner,,85.0,2025-08-22,2026-08-22
boss volume pedal,,80.0,2025-08-22,2026-08-22
radial bigshot aby,,60.0,2025-08-22,2026-08-22
tone king imperial preamp,,475.0,2025-08-22,2026-08-22
boss vg-800,,580.0,2025-08-22,2026-08-22
boss gm-800,,540.0,2025-08-22,2026-08-22
ua max,,200.0,2025-08-22,2026-08-22
boss sde-3000d,,210.0,2025-08-22,2026-08-22
seymour duncan powerstage 170,,275.0,2025-08-22,2026-08-22
marshall sv20h stock - 900,,900.0,2025-08-22,2026-08-22
A/DA mp1 w/ midi - 550,,450.0,2025-08-22,2026-08-22
rocktron intellifex tube preamp with midi - 300,,250.0,2025-08-22,2026-08-22
digitech trio,,70.0,2025-08-22,2026-08-22
wampler pinnacle,,70.0,2025-08-22,2026-08-22
friedman be-od,,100.0,2025-08-22,2026-08-22
mad professor 1,,100.0,2025-08-22,2026-08-22
two rock studio signature 2024 combo,,2500.0,2025-08-22,2026-08-22
1976 fender vibrolux combo original,,1600.0,2025-08-22,2026-08-22
josh williams mockingbird,,3000.0,2025-08-22,2026-08-22
kingsley minstrel v3,,420.0,2025-08-22,2026-08-22
fractal fm9 mk ii turbo,,1500.0,2025-08-22,2026-08-22
fuchs valve job ii,,250.0,2025-08-22,2026-08-22
ua audio ox box,,800.0,2025-08-22,2026-08-22
strymon timeline,,275.0,2025-08-22,2026-08-22
electron brothers brass knuckle tube overdrive,,190.0,2025-08-22,2026-08-22
ik multimedia tonex,,225.0,2025-08-22,2026-08-22
ik multimedia tone capture reamp,,120.0,2025-08-22,2026-08-22
ehx freeze,,80.0,2025-08-22,2026-08-22
fulltone deja vibe mini,,180.0,2025-08-22,2026-08-22
tc helicon mic mechanic,,90.0,2025-08-22,2026-08-22
"1990-1991 proco rat lm308 ""woodcutter""",,135.0,2025-08-22,2026-08-22
dunlop high gain volume pedal,,40.0,2025-08-22,2026-08-22
joyo atmosphere reverb,,40.0,2025-08-22,2026-08-22
ehx lizard queen,,35.0,2025-08-22,2026-08-22
joyo king of kings,,35.0,2025-08-22,2026-08-22
Fractal Audio FM9 MK2 Turbo W/ Magnetic Sheild and Soft Case,,1350.0,2025-08-22,2026-08-22
tech 21 cali fly rig 5,,130.0,2025-08-22,2026-08-22
catalinbread csidman ghost,,120.0,2025-08-22,2026-08-22
mxr talk box,,110.0,2025-08-22,2026-08-22
jhs 3 series chorus,,60.0,2025-08-22,2026-08-22
zt expressive distortion,,65.0,2025-08-22,2026-08-22
eventide h9,,285.0,2025-08-22,2026-08-22
line 6 pod go,,300.0,2025-08-22,2026-08-22
surfy industries surfybear reverb,,265.0,2025-08-22,2026-08-22
mxr dyna comp bass mini,,95.0,2025-08-22,2026-08-22
mxr dyna comp bass mini,,95.0,2025-08-22,2026-08-22
mxr dyna comp bass mini,,95.0,2025-08-22,2026-08-22
mxr dyna comp bass mini,,95.0,2025-08-22,2026-08-22
catalinbread katzenkonig,,100.0,2025-08-22,2026-08-22
catalinbread katzenkonig,,100.0,2025-08-22,2026-08-22
catalinbread katzenkonig,,100.0,2025-08-22,2026-08-22
catalinbread katzenkonig,,100.0,2025-08-22,2026-08-22
wilson effects parked wah,,100.0,2025-08-22,2026-08-22
wilson effects parked wah,,100.0,2025-08-22,2026-08-22
ehx big muff ram's head,,67.0,2025-08-22,2026-08-22
ehx big muff ram's head,,67.0,2025-08-22,2026-08-22
ehx big muff ram's head,,67.0,2025-08-22,2026-08-22
ehx big muff ram's head,,67.0,2025-08-22,2026-08-22
tc polytune,,45.0,2025-08-22,2026-08-22
boss tu-3,,60.0,2025-08-22,2026-08-22
tc helicon harmony gxt,,155.0,2025-08-22,2026-08-22
tc harmony singer,,90.0,2025-08-22,2026-08-22
tc spark,,50.0,2025-08-22,2026-08-22
tc bodyrez,,50.0,2025-08-22,2026-08-22
boss ad-3,,60.0,2025-08-22,2026-08-22
boss rc-20,,75.0,2025-08-22,2026-08-22
boss oc-3,,80.0,2025-08-22,2026-08-22
fishman toneDEQ,,190.0,2025-08-22,2026-08-22
fishman spectrum aura di,,200.0,2025-08-22,2026-08-22
boss ve-8,,210.0,2025-08-22,2026-08-22
pioneer toraiz as-1,,290.0,2025-08-22,2026-08-22
yamaha tq5,,200.0,2025-08-22,2026-08-22
dave smith evolver,,550.0,2025-08-22,2026-08-22
stagg distortion plus,,30.0,2025-08-22,2026-08-22
boss rv3,,120.0,2025-08-22,2026-08-22
boss rc20 xl,,85.0,2025-08-22,2026-08-22
boss gt-3,,90.0,2025-08-22,2026-08-22
virtual jeff pro,,240.0,2025-08-22,2026-08-22
snark pedal tuner,,35.0,2025-08-22,2026-08-22
mxr mini iso brick,,65.0,2025-08-22,2026-08-22
mxr m83 bass chorus deluxe,,110.0,2025-08-22,2026-08-22
blackstar fly bass,,55.0,2025-08-22,2026-08-22
blackstar fly,,65.0,2025-08-22,2026-08-22
xts atomic overdrive,,135.0,2025-08-22,2026-08-22
mad professor 1,,100.0,2025-08-22,2026-08-22
wampler pinnacle,,80.0,2025-08-22,2026-08-22
bae hot fuzz,,160.0,2025-08-22,2026-08-22
analogman bi comp,,210.0,2025-08-22,2026-08-22
EHx hog 2,,315.0,2025-08-22,2026-08-22
Hotcake model with internal dip switches,,205.0,2025-08-22,2026-08-22
EHx hog 2 controller,,45.0,2025-08-22,2026-08-22
M audio expression,,25.0,2025-08-22,2026-08-22
eqd Arrows boost,,65.0,2025-08-22,2026-08-22
Disaster area micro clock,,100.0,2025-08-22,2026-08-22
joyo 6 band eq,,25.0,2025-08-22,2026-08-22
digitech rp200,,50.0,2025-08-22,2026-08-22
decibel11 loop expander,,115.0,2025-08-22,2026-08-22
keeley compressor plus,,85.0,2025-08-22,2026-08-22
line 6 relay g50 and body pack,,130.0,2025-08-22,2026-08-22
gci brutalist jr,,70.0,2025-08-22,2026-08-22
electro harmonix bass micro synth,,185.0,2025-08-22,2026-08-22
two notes torpedo captor 8,,170.0,2025-08-22,2026-08-22
ehx bassballs,,80.0,2025-08-22,2026-08-22
ebs octa bass,,85.0,2025-08-22,2026-08-22
mxr phase 90,,60.0,2025-08-22,2026-08-22
mxr bass auto q,,70.0,2025-08-22,2026-08-22
ernie ball vp jr,,55.0,2025-08-22,2026-08-22
ehx small clone eh 4600,,60.0,2025-08-22,2026-08-22
korg pitchblack,,30.0,2025-08-22,2026-08-22
Skreddy pedal pig mine,,155.0,2025-08-22,2026-08-22
Rock box boiling point,,135.0,2025-08-22,2026-08-22
Wampler slostortion,,100.0,2025-08-22,2026-08-22
Dr. Z z drive,,180.0,2025-08-22,2026-08-22
"Cornerstone Antique v3, excellent",Excellent,200.0,2025-08-22,2026-08-22
"Solidgoldfx If 6 Was 9, excellent",Excellent,125.0,2025-08-22,2026-08-22
"Origin Effects Halcyon Gold, excellent",Excellent,200.0,2025-08-22,2026-08-22
"JAM Harmonious Monk v2, excellent",Excellent,200.0,2025-08-22,2026-08-22
"Origin Effects Cali76 FET, excellent",Excellent,275.0,2025-08-22,2026-08-22
"Chase Tone Secret Pre, excellent",Excellent,150.0,2025-08-22,2026-08-22
1962 fender tremolux head,,2000.0,2025-08-22,2026-08-22
1965 vox ac30 super twin head,,2900.0,2025-08-22,2026-08-22
benson stonk box,,190.0,2025-08-22,2026-08-22
analogman boss geb-7,,215.0,2025-08-22,2026-08-22
boss dc-2w,,150.0,2025-08-22,2026-08-22
bigfoot engineering king fuzz xl,,200.0,2025-08-22,2026-08-22
bigfoot engineering thunder pup,,120.0,2025-08-22,2026-08-22
dts sdd-3kp,,350.0,2025-08-22,2026-08-22
dinosaural cogmeister,,315.0,2025-08-22,2026-08-22
cunningham dual range fuzz,,390.0,2025-08-22,2026-08-22
ten years ten years is a decade,,300.0,2025-08-22,2026-08-22
sib echodrive,,1100.0,2025-08-22,2026-08-22
stand alone love bomb,,900.0,2025-08-22,2026-08-22
Rockboard Quad Pedalboard,,123.0,2025-08-22,2026-08-22
Pedaltrain Jr Max Pedalsboard,,130.0,2025-08-22,2026-08-22
Boss GE-7 EQ,,90.0,2025-08-22,2026-08-22
Boss DD-3 Delay,,80.0,2025-08-22,2026-08-22
Maxon OD-820,,130.0,2025-08-22,2026-08-22
CMATMODS analog Chorus,,105.0,2025-08-22,2026-08-22
Korg Pitchblack Custom Tuner,,50.0,2025-08-22,2026-08-22
Xotic SP Compressor,,85.0,2025-08-22,2026-08-22
TC Electronic Nova Delay,,90.0,2025-08-22,2026-08-22
Pete Cornish TB-83 Extra,,400.0,2025-08-22,2026-08-22
Nordvang ‘83 V2.0,,375.0,2025-08-22,2026-08-22
Mythos Mjolnir 1N34A,,325.0,2025-08-22,2026-08-22
Williams Audio Vintage Tone MKI,,200.0,2025-08-22,2026-08-22
Kingtone MiniFuzz Ge,,210.0,2025-08-22,2026-08-22
BSM Ambassador,,165.0,2025-08-22,2026-08-22
Analogman Beano Boost,,200.0,2025-08-22,2026-08-22
Lauren Audio Mustang GT,,160.0,2025-08-22,2026-08-22
Strymon Sunset,,175.0,2025-08-22,2026-08-22
Spaceman Redstone,,135.0,2025-08-22,2026-08-22
Spaceman Saturn VI,,100.0,2025-08-22,2026-08-22
Vertex Ultra Phonix,,75.0,2025-08-22,2026-08-22
Hughes & Kettner Tubemeister 36 with soft carry case,,475.0,2025-08-22,2026-08-22
tc helicon voicetone h1,,80.0,2025-08-22,2026-08-22
Boss GE-7,,85.0,2025-08-22,2026-08-22
heil talk box,,100.0,2025-08-22,2026-08-22
radial big shot aby,,65.0,2025-08-22,2026-08-22
radial big shot aby,,65.0,2025-08-22,2026-08-22
ibanez cs9 stereo chorus,,130.0,2025-08-22,2026-08-22
ibanez ad9,,110.0,2025-08-22,2026-08-22
yamaha mg06x,,85.0,2025-08-22,2026-08-22
tc polytune mini,,50.0,2025-08-22,2026-08-22
boss tu-12h,,30.0,2025-08-22,2026-08-22
tc dark matter,,30.0,2025-08-22,2026-08-22
darkglass microtubes x ultra,,289.0,2025-08-22,2026-08-22
boss tr-2,,77.0,2025-08-22,2026-08-22
ehx q tron nano,,76.0,2025-08-22,2026-08-22
warm audio centavo,,110.0,2025-08-22,2026-08-22
keeley fuzz bender,,80.0,2025-08-22,2026-08-22
roland pk5,,400.0,2025-08-22,2026-08-22
keith mcmillan 12 step midi keyboard foot controller,,185.0,2025-08-22,2026-08-22
midi expander for mcmillan 12 step,,25.0,2025-08-22,2026-08-22
singular sound beat buddy,,175.0,2025-08-22,2026-08-22
strymon iridium,,230.0,2025-08-22,2026-08-22
ibanez ts9,,70.0,2025-08-22,2026-08-22
mxr micro amp,,60.0,2025-08-22,2026-08-22
ehx metal muff,,45.0,2025-08-22,2026-08-22
keeley tone workstation,,170.0,2025-08-22,2026-08-22
keeley compressor pro,,150.0,2025-08-22,2026-08-22
tech 21 blonde,,110.0,2025-08-22,2026-08-22
boss tr-2,,65.0,2025-08-22,2026-08-22
boss ch-1,,65.0,2025-08-22,2026-08-22
ehx holy grail nano,,75.0,2025-08-22,2026-08-22
legend amps b2,,100.0,2025-08-22,2026-08-22
tc bodyrez,,50.0,2025-08-22,2026-08-22
Jackson Audio Golden Boy,,85.0,2025-08-22,2026-08-22
ghostfire fh10-sv4,,65.0,2025-08-22,2026-08-22
roland tm-2,,175.0,2025-08-22,2026-08-22
Headrush Expression Pedal,,80.0,2025-08-22,2026-08-22
Decibel 11 Switch Doctor,,75.0,2025-08-22,2026-08-22
Earnie Ball Volume Pedal,,50.0,2025-08-22,2026-08-22
Dunlop Cry Baby Classic Fasel,,50.0,2025-08-22,2026-08-22
Boss FS-6,,40.0,2025-08-22,2026-08-22
TC Electronic Plethora X5,,300.0,2025-08-22,2026-08-22
Chase Bliss Brothers,,350.0,2025-08-22,2026-08-22
friedman ir-d,,335.0,2025-08-22,2026-08-22
Neural DSP Nano Cortex,,425.0,2025-08-22,2026-08-22
Greer Lightspeed,,200.0,2025-08-22,2026-08-22
Lovepedal OD Eleven,,80.0,2025-08-22,2026-08-22
Keeley Compressor + Blackout,,100.0,2025-08-22,2026-08-22
Wampler Plextortion,,90.0,2025-08-22,2026-08-22
JHS Charlie Brown V4,,110.0,2025-08-22,2026-08-22
Wampler Dracarys,,85.0,2025-08-22,2026-08-22
JHS Spring Tank,,115.0,2025-08-22,2026-08-22
Lovepedal Tchula,,100.0,2025-08-22,2026-08-22
Voodoo Labs Microvibe,,100.0,2025-08-22,2026-08-22
boss ce-5,,70.0,2025-08-22,2026-08-22
mooer ninety orange,,30.0,2025-08-22,2026-08-22
mooer the wahter,,60.0,2025-08-22,2026-08-22
dearmond 602,,50.0,2025-08-22,2026-08-22
vintage mxr flanger,,210.0,2025-08-22,2026-08-22
keleey synth 1,,105.0,2025-08-22,2026-08-22
keeley neutrino,,70.0,2025-08-22,2026-08-22
earthquaker devices astral destiny,,125.0,2025-08-22,2026-08-22
boss ds-1 40th anniversary black,,80.0,2025-08-22,2026-08-22
boss ds-1 40th anniversary black,,80.0,2025-08-22,2026-08-22
keeley vintage phaser,,150.0,2025-08-22,2026-08-22
keeley seafoam plus,,100.0,2025-08-22,2026-08-22
keeley dyno my roto,,85.0,2025-08-22,2026-08-22
keeley suns,,65.0,2025-08-22,2026-08-22
keeley octa psi,,175.0,2025-08-22,2026-08-22
keeley zoma,,170.0,2025-08-22,2026-08-22
boss rc-1,,70.0,2025-08-22,2026-08-22
mooer black secret,,35.0,2025-08-22,2026-08-22
morley optical volume,,40.0,2025-08-22,2026-08-22
ehx big muff pi russian tall font,,450.0,2025-08-22,2026-08-22
t rex magnus,,140.0,2025-08-22,2026-08-22
wampler pinnacle deluxe,,90.0,2025-08-22,2026-08-22
lovepedal purple plexi,,150.0,2025-08-22,2026-08-22
boss bd-2,,70.0,2025-08-22,2026-08-22
aalberg audio kor,,50.0,2025-08-22,2026-08-22
boss dd-7,,90.0,2025-08-22,2026-08-22
tc sky surfer,,35.0,2025-08-22,2026-08-22
mythos golden fleece,,85.0,2025-08-22,2026-08-22
tc polytune mini,,55.0,2025-08-22,2026-08-22
lpd pwr limited,,90.0,2025-08-22,2026-08-22
black mountain volume pedal,,150.0,2025-08-22,2026-08-22
source audio collider,,255.0,2025-08-22,2026-08-22
disruptive music tech enhancifier,,275.0,2025-08-22,2026-08-22
ua ox stomp,,215.0,2025-08-22,2026-08-22
ua dream 65,,235.0,2025-08-22,2026-08-22
line 6 hx effects,,320.0,2025-08-22,2026-08-22
line 6 helix lt,,650.0,2025-08-22,2026-08-22
line 6 hx stomp space grey,,420.0,2025-08-22,2026-08-22
Carvin legacy 3 vl300,,950.0,2025-08-22,2026-08-22
mooer pitch box,,35.0,2025-08-22,2026-08-22
mxr gt od,,55.0,2025-08-22,2026-08-22
art accessories art head amp,,40.0,2025-08-22,2026-08-22
hardwire cr-7,,90.0,2025-08-22,2026-08-22
Boss ME 70 Guitar Multi Effects Pedal,,125.0,2025-08-22,2026-08-22
Hartke Bass Attack Pedal,,80.0,2025-08-22,2026-08-22
Roland GR20 Synth Module,,170.0,2025-08-22,2026-08-22
Roland GK3 Synth Pickup,,100.0,2025-08-22,2026-08-22
Boss MT-2 Distortion Pedal,,60.0,2025-08-22,2026-08-22
Zoom A2 Acoustic Guitar Effects Pedal,,40.0,2025-08-22,2026-08-22
Zoom 708II Bass Effects w/built in drum machine,,40.0,2025-08-22,2026-08-22
Boss TAE,,675.0,2025-08-22,2026-08-22
Electro Harmonix talking machine,,180.0,2025-08-22,2026-08-22
Boss AC-3,,70.0,2025-08-22,2026-08-22
jet pedals red sea,,180.0,2025-08-22,2026-08-22
electro harmonix mel-9,,160.0,2025-08-22,2026-08-22
boss re-20,,230.0,2025-08-22,2026-08-22
boss ce-2w,,165.0,2025-08-22,2026-08-22
bigfoot fx magnavibe,,110.0,2025-08-22,2026-08-22
vox v847 wah,,70.0,2025-08-22,2026-08-22
boss aw-2,,65.0,2025-08-22,2026-08-22
mxr phase 100,,85.0,2025-08-22,2026-08-22
boss bd-2,,65.0,2025-08-22,2026-08-22
fender mtg tube distortion,,100.0,2025-08-22,2026-08-22
fender bubbler chorus,,75.0,2025-08-22,2026-08-22
fender downtown express,,130.0,2025-08-22,2026-08-22
fulltone ocd v 2,,110.0,2025-08-22,2026-08-22
aphex acoustic xciter,,65.0,2025-08-22,2026-08-22
jhs bonsai,,150.0,2025-08-22,2026-08-22
ibanez ts9 1999,,75.0,2025-08-22,2026-08-22
catalinbread tribute,,65.0,2025-08-22,2026-08-22
behringer vintage phaser,,25.0,2025-08-22,2026-08-22
eqd plumes,,75.0,2025-08-22,2026-08-22
ehx triangle big muff nano,,65.0,2025-08-22,2026-08-22
digitech trio plus,,190.0,2025-08-22,2026-08-22
boss fender 65 deluxe reverb,,130.0,2025-08-22,2026-08-22
mr black shepard's end flanger,,125.0,2025-08-22,2026-08-22
loe super fuzz,,185.0,2025-08-22,2026-08-22
tc hall of fame mini reverb,,50.0,2025-08-22,2026-08-22
tc flashback 2,,75.0,2025-08-22,2026-08-22
mxr micro chorus,,105.0,2025-08-22,2026-08-22
mxr phase 90 script,,90.0,2025-08-22,2026-08-22
suhr koji comp,,100.0,2025-08-22,2026-08-22
amplified nation ampliphonix and gain 22 watt combo creamback h75,,2900.0,2025-08-22,2026-08-22
milkman pint fane a30 alnico,,2000.0,2025-08-22,2026-08-22
magnatone super fifteen head,,1650.0,2025-08-22,2026-08-22
marshall 4001 studio 15 w/ cover weber legacy 12,,925.0,2025-08-22,2026-08-22
port city merino 20 watt jensen blackbird 40,,1000.0,2025-08-22,2026-08-22
jimi hendrix psych series fuzz face mini,,100.0,2025-08-22,2026-08-22
vertex steel string slight return edition,,150.0,2025-08-22,2026-08-22
dunlop cry baby mini,,65.0,2025-08-22,2026-08-22
keeley retro super germanium high gain,,140.0,2025-08-22,2026-08-22
earthquaker devices crimson drive,,180.0,2025-08-22,2026-08-22
crazy tube circuits memphis,,110.0,2025-08-22,2026-08-22
2018 gibson sg / lp no papers,,2700.0,2025-08-22,2026-08-22
browne amplification protein v2,,190.0,2025-08-22,2026-08-22
origin effects revival drive compact,,250.0,2025-08-22,2026-08-22
pigtronix clean boost,,45.0,2025-08-22,2026-08-22
strymon iridium,,250.0,2025-08-22,2026-08-22
jhs angry charlie v2,,100.0,2025-08-22,2026-08-22
tc electronics brainwaves,,90.0,2025-08-22,2026-08-22
proco rat,,165.0,2025-08-22,2026-08-22
earthquaker devices hoof,,100.0,2025-08-22,2026-08-22
malekko ekko 616 mkii dark delay,,150.0,2025-08-22,2026-08-22
frank the anvil tone bender fuzz clone,,55.0,2025-08-22,2026-08-22
jhs sweet tea v2,,210.0,2025-08-22,2026-08-22
ceriatone centura,,165.0,2025-08-22,2026-08-22
source audio spectrum,,155.0,2025-08-22,2026-08-22
dr scientist phreak,,150.0,2025-08-22,2026-08-22
tc electronic vortex,,60.0,2025-08-22,2026-08-22
ibanez analog delay,,70.0,2025-08-22,2026-08-22
electro harmonix holy grail reverb v1,,90.0,2025-08-22,2026-08-22
mxr wylde overdrive,,75.0,2025-08-22,2026-08-22
boss fbm-1,,115.0,2025-08-22,2026-08-22
boss dd-200,,180.0,2025-08-22,2026-08-22
digitech pds1002,,130.0,2025-08-22,2026-08-22
hardwire rv-7,,250.0,2025-08-22,2026-08-22
proanalog devices dual drive,,285.0,2025-08-22,2026-08-22
electro harmonix big muff nano,,55.0,2025-08-22,2026-08-22
mooer elec lady,,35.0,2025-08-22,2026-08-22
tc electronic corona mini,,50.0,2025-08-22,2026-08-22
tc electronic hof reverb,,50.0,2025-08-22,2026-08-22
electro harmonix 16 second digital delay,,2200.0,2025-08-22,2026-08-22
ibanez ts9dx,,70.0,2025-08-22,2026-08-22
greer lightspeed,,185.0,2025-08-22,2026-08-22
tc electronic ditto x4,,130.0,2025-08-22,2026-08-22
electro harmonix holy grail plus,,85.0,2025-08-22,2026-08-22
boss dd-3,,85.0,2025-08-22,2026-08-22
boss ps-6,,105.0,2025-08-22,2026-08-22
electro harmonix micro pog,,125.0,2025-08-22,2026-08-22
friedman dirty shirley,,100.0,2025-08-22,2026-08-22
ehx big muff 2,,85.0,2025-08-22,2026-08-22
boss rv-6,,110.0,2025-08-22,2026-08-22
eventide h9,,335.0,2025-08-22,2026-08-22
way huge swollen pickle,,85.0,2025-08-22,2026-08-22
warm audio centavo limited edition,,90.0,2025-08-22,2026-08-22
keeley super rodent,,110.0,2025-08-22,2026-08-22
j rockett blue note select,,165.0,2025-08-22,2026-08-22
Nordvang ‘83 V2.0,,375.0,2025-08-22,2026-08-22
BSM Ambassador,,180.0,2025-08-22,2026-08-22
Mythos Mjolnir 1N34A,,325.0,2025-08-22,2026-08-22
Analogman Beano Boost,,225.0,2025-08-22,2026-08-22
Kingtone MiniFuzz Ge,,210.0,2025-08-22,2026-08-22
Pete Cornish TB-83 Extra,,425.0,2025-08-22,2026-08-22
Lauren Audio Mustang GT,,160.0,2025-08-22,2026-08-22
Williams Audio Vintage Tone MKI,,220.0,2025-08-22,2026-08-22
Strymon Sunset,,175.0,2025-08-22,2026-08-22
D*A*M Dope Priest DP-93,,280.0,2025-08-22,2026-08-22
Spaceman Redstone,,135.0,2025-08-22,2026-08-22
ibanez ts808 analogman mod,,200.0,2025-08-22,2026-08-22
Spaceman Saturn VI,,100.0,2025-08-22,2026-08-22
Vertex Ultra Phonix,,75.0,2025-08-22,2026-08-22
dunlop cry baby classic,,50.0,2025-08-22,2026-08-22
tc electronics ditto looper x2,,100.0,2025-08-22,2026-08-22
black volt vfuzz,,260.0,2025-08-22,2026-08-22
black volt vfuzz,,260.0,2025-08-22,2026-08-22
bray lo-1,,30.0,2025-08-22,2026-08-22
catalinbread talisman,,115.0,2025-08-22,2026-08-22
black volt silver bullet,,175.0,2025-08-22,2026-08-22
van weelden royal overdrive,,850.0,2025-08-22,2026-08-22
baby blaster amp,,253.0,2025-08-22,2026-08-22
boss eq200,,180.0,2025-08-22,2026-08-22
catalinbread belle epoch deluxe,,200.0,2025-08-22,2026-08-22
empress super delay vintage mod,,160.0,2025-08-22,2026-08-22
wampler plexi drive deluxe,,120.0,2025-08-22,2026-08-22
dod rubberneck delay,,185.0,2025-08-22,2026-08-22
mxr m300 reverb,,110.0,2025-08-22,2026-08-22
suhr koko boost big box,,135.0,2025-08-22,2026-08-22
catalinbread naga viper,,110.0,2025-08-22,2026-08-22
jam pedals harmonious monk - 180,,160.0,2025-08-22,2026-08-22
walrus lillian - 100,,90.0,2025-08-22,2026-08-22
greer black mountain - 160,,125.0,2025-08-22,2026-08-22
lovepedal deluxe - 150,,110.0,2025-08-22,2026-08-22
pedal pawn fuzz cv7003 - 300,,235.0,2025-08-22,2026-08-22
walrus audio phoenix - 180,,155.0,2025-08-22,2026-08-22
shin's music dumbloid ods,,425.0,2025-08-22,2026-08-22
electro harmonix electric mistress v2,,675.0,2025-08-22,2026-08-22
keeley fuzz bender black waves edition,,95.0,2025-08-22,2026-08-22
chase tone fuzz fella bc108c,,120.0,2025-08-22,2026-08-22
dunlop jdf2 germanium fuzz face,,130.0,2025-08-22,2026-08-22
mjm guitar fx london fuzz germanium,,200.0,2025-08-22,2026-08-22
wren and cuff caprid small foot,,125.0,2025-08-22,2026-08-22
stomp under foot ram's head,,125.0,2025-08-22,2026-08-22
dallas arbiter crest audio fuzz face,,395.0,2025-08-22,2026-08-22
analogman chorus,,225.0,2025-08-22,2026-08-22
Universal audio ANTI,,235.0,2025-08-22,2026-08-22
universal audio Ox Stomp,,210.0,2025-08-22,2026-08-22
warm audio centavo silver,,85.0,2025-08-22,2026-08-22
boss sd-1,,45.0,2025-08-22,2026-08-22
boss hm-2 mij,,115.0,2025-08-22,2026-08-22
ibanez pt9 vintage,,110.0,2025-08-22,2026-08-22
jam pedals waterfall 1 of  1,,225.0,2025-08-22,2026-08-22
1981 Boss DM-2,,225.0,2025-08-22,2026-08-22
Analogman mini chorus,,230.0,2025-08-22,2026-08-22
1990 proco rat flat top LM308,,165.0,2025-08-22,2026-08-22
1984 Boss HM-2,,115.0,2025-08-22,2026-08-22
boss ge-7,,85.0,2025-08-22,2026-08-22
boss tr-2,,65.0,2025-08-22,2026-08-22
xts tejas drive,,120.0,2025-08-22,2026-08-22
boss sd-1,,45.0,2025-08-22,2026-08-22
boss ds-1,,40.0,2025-08-22,2026-08-22
boss tu-2,,45.0,2025-08-22,2026-08-22
obne sunlight,,145.0,2025-08-22,2026-08-22
obne alpha haunt v2,,175.0,2025-08-22,2026-08-22
mxr script logo blue box vintage,,350.0,2025-08-22,2026-08-22
boss eh-2,,85.0,2025-08-22,2026-08-22
80s proco rat white face,,600.0,2025-08-22,2026-08-22
sabbadius funky vibe 69 ST,,450.0,2025-08-22,2026-08-22
strymon blue sky v2,,275.0,2025-08-22,2026-08-22
WD orange squeezer,,110.0,2025-08-22,2026-08-22
WD purple peaker,,140.0,2025-08-22,2026-08-22
caroline hawaiian pizza,,140.0,2025-08-22,2026-08-22
basic audio dot,,150.0,2025-08-22,2026-08-22
fulltone mas malo,,115.0,2025-08-22,2026-08-22
catalinbread fuzzrite,,85.0,2025-08-22,2026-08-22
danelectro nichols 1966,,85.0,2025-08-22,2026-08-22
greer moonshot,,125.0,2025-08-22,2026-08-22
earthquaker devices tone job v2,,75.0,2025-08-22,2026-08-22
dod bifet boost,,65.0,2025-08-22,2026-08-22
fulltone 2B jfet booster,,80.0,2025-08-22,2026-08-22
dunlop echoplex delay,,80.0,2025-08-22,2026-08-22
fuchs plush,,65.0,2025-08-22,2026-08-22
tc electronic flashback x4,,110.0,2025-08-22,2026-08-22
maxon distortion master,,115.0,2025-08-22,2026-08-22
jhs angry charlie v3,,120.0,2025-08-22,2026-08-22
cusack screamer v2,,90.0,2025-08-22,2026-08-22
boss sd-1,,45.0,2025-08-22,2026-08-22
nobels odr-1,,75.0,2025-08-22,2026-08-22
90s proco rat big box reissue lm308,,185.0,2025-08-22,2026-08-22
dr scientist reverberator,,110.0,2025-08-22,2026-08-22
way huge whe205c saucy box,,100.0,2025-08-22,2026-08-22
klinger mk i tone bender clone,,250.0,2025-08-22,2026-08-22
bsm finest treble booster,,200.0,2025-08-22,2026-08-22
MORLEY noise gate,,100.0,2025-08-22,2026-08-22
MORLEY deluxe distortion,,130.0,2025-08-22,2026-08-22
MORLEY stereo chorus,,150.0,2025-08-22,2026-08-22
MORLEY Noise gate,,100.0,2025-08-22,2026-08-22
MORLEY flanger,,175.0,2025-08-22,2026-08-22
ELECTRO HARMONIX Doctor Q,,100.0,2025-08-22,2026-08-22
BOSS metal core ML-2,,70.0,2025-08-22,2026-08-22
BOSS loop station,,70.0,2025-08-22,2026-08-22
BOSS amp and cabinet,,140.0,2025-08-22,2026-08-22
BOSS compressor sustainer CS – 3,,65.0,2025-08-22,2026-08-22
IBANEZ tube screamer,,70.0,2025-08-22,2026-08-22
EARTHQUAKE Speaker Cranker,,65.0,2025-08-22,2026-08-22
EARTHQUAKE the Depths,,115.0,2025-08-22,2026-08-22
XOTIC SP Compressor,,75.0,2025-08-22,2026-08-22
MORLEY pro series ll distortion/wah/volume pedal,,45.0,2025-08-22,2026-08-22
BOSS super overdrive,,45.0,2025-08-22,2026-08-22
YAMAHA Chorus,,60.0,2025-08-22,2026-08-22
MOOER Graphic EQ,,35.0,2025-08-22,2026-08-22
Universal Audio Dream,,230.0,2025-08-22,2026-08-22
SANs AMP Classic,,500.0,2025-08-22,2026-08-22
Moen ABY + buffer,,25.0,2025-08-22,2026-08-22
Frost Giant Electronics  Big Fuzz Black w/wooden box,,155.0,2025-08-22,2026-08-22
Frost Giant Electronics Big Fuzz Green w/wooden box,,150.0,2025-08-22,2026-08-22
Boss TR-2 Tremolo,,65.0,2025-08-22,2026-08-22
FT Electronica Dystopian Fuzz,,70.0,2025-08-22,2026-08-22
Tone King Ironman II Mini attenuator,,260.0,2025-08-22,2026-08-22
Magic Pedals DA-120 Overdrive,,280.0,2025-08-22,2026-08-22
boss es-5,,235.0,2025-08-22,2026-08-22
Does It Doom Baghdad,,215.0,2025-08-22,2026-08-22
land devices hp-2,,200.0,2025-08-22,2026-08-22
wampler velvet fuzz v1,,100.0,2025-08-22,2026-08-22
fulltone clyde standard wah,,140.0,2025-08-22,2026-08-22
caline cp-33,,40.0,2025-08-22,2026-08-22
digitech drop,,160.0,2025-08-22,2026-08-22
tech 21 fly rig sans amp,,185.0,2025-08-22,2026-08-22
keeley darkside,,160.0,2025-08-22,2026-08-22
jhs angry charlie v3,,120.0,2025-08-22,2026-08-22
mxr carbon copy,,85.0,2025-08-22,2026-08-22
1974 fender blender - 399,,399.0,2025-08-22,2026-08-22
pete cornish ld-1 - 299,,250.0,2025-08-22,2026-08-22
pete cornish g-2 fuzz anniversary - 899,,899.0,2025-08-22,2026-08-22
pete cornish p-2 big muff style fuzz - 750,,650.0,2025-08-22,2026-08-22
DAM sonic titan 2007 - 590,,465.0,2025-08-22,2026-08-22
diaz tremodillo - 450,,450.0,2025-08-22,2026-08-22
mjm guitar fx britbender - 400,,300.0,2025-08-22,2026-08-22
roger mayer voodoo vibe - 459,,425.0,2025-08-22,2026-08-22
dod overdrive preamp 80s,,140.0,2025-08-22,2026-08-22
tech 21 sans amp tri- ac,,100.0,2025-08-22,2026-08-22
boss dd-3 mij,,120.0,2025-08-22,2026-08-22
ibanez cp10,,65.0,2025-08-22,2026-08-22
ada midi controller mc-1,,65.0,2025-08-22,2026-08-22
boss nf-1,,70.0,2025-08-22,2026-08-22
boss bd-2,,70.0,2025-08-22,2026-08-22
mxr dyna comp vintage block logo,,100.0,2025-08-22,2026-08-22
ross r88 chorus dark blue,,200.0,2025-08-22,2026-08-22
zoom 505 guitar,,25.0,2025-08-22,2026-08-22
fender chromatic tuner,,25.0,2025-08-22,2026-08-22
boss cs-3,,60.0,2025-08-22,2026-08-22
dolamo d-9 distortion,,25.0,2025-08-22,2026-08-22
dolamo d-6 clear boost,,25.0,2025-08-22,2026-08-22
digitech rp 155,,40.0,2025-08-22,2026-08-22
tc flashback x4,,115.0,2025-08-22,2026-08-22
tc electronic mojo mojo,,30.0,2025-08-22,2026-08-22
keeley hydra,,150.0,2025-08-22,2026-08-22
boss ph-3,,65.0,2025-08-22,2026-08-22
suhr rufus,,110.0,2025-08-22,2026-08-22
surfyindustries surfybear reverb,,260.0,2025-08-22,2026-08-22
mesa boogie tt800,,850.0,2025-08-22,2026-08-22
blackstrap elecktrik co treble booster 015,,200.0,2025-08-22,2026-08-22
blackstrap elecktrik co treble booster 111,,215.0,2025-08-22,2026-08-22
DAM dope priest dp-75 big box,,475.0,2025-08-22,2026-08-22
orangic sound orga face prototype nkt-612,,500.0,2025-08-22,2026-08-22
boss sd-1,,45.0,2025-08-22,2026-08-22
sonicake noise wiper,,25.0,2025-08-22,2026-08-22
lekato tank-g,,35.0,2025-08-22,2026-08-22
donner dt-1,,25.0,2025-08-22,2026-08-22
donner pocket go,,40.0,2025-08-22,2026-08-22
donner revecho,,35.0,2025-08-22,2026-08-22
donner od 05,,25.0,2025-08-22,2026-08-22
donner spider,,25.0,2025-08-22,2026-08-22
lekato bag and board,,40.0,2025-08-22,2026-08-22
black bag and board,,30.0,2025-08-22,2026-08-22
tc hall of fame mini - 48,,50.0,2025-08-22,2026-08-22
"marshall the guv'nor, late 80s - 175",,175.0,2025-08-22,2026-08-22
pastfx mischief distortion - 172,,145.0,2025-08-22,2026-08-22
jetter pedal x - 119,,105.0,2025-08-22,2026-08-22
nordland odr-c h/l - 349,,315.0,2025-08-22,2026-08-22
boss rt-2  - 175,,175.0,2025-08-22,2026-08-22
boss ce-2w - 169,,170.0,2025-08-22,2026-08-22
barber burn unit compact - 125,,125.0,2025-08-22,2026-08-22
barber burn unit eq - 357,,300.0,2025-08-22,2026-08-22
thorpyfx warthog - 181,,181.0,2025-08-22,2026-08-22
maxon 820 overdrive pro - 136,,136.0,2025-08-22,2026-08-22
tc electronic t2 reverb - 129,,100.0,2025-08-22,2026-08-22
ehx nano deluxe memory man - 140,,140.0,2025-08-22,2026-08-22
voodoo labs analog chorus - 100,,100.0,2025-08-22,2026-08-22
banzai fireball 3 overdrive - 150,,120.0,2025-08-22,2026-08-22
barber direct drive compact - 143,,130.0,2025-08-22,2026-08-22
ehx spruce goose od - 79,,80.0,2025-08-22,2026-08-22
jetter gs124 - 93,,93.0,2025-08-22,2026-08-22
nx generation visa drive - 75,,60.0,2025-08-22,2026-08-22
byoc royal flush - 179,,100.0,2025-08-22,2026-08-22
xotic xvp 25k,,75.0,2025-08-22,2026-08-22
jackson audio bloom,,165.0,2025-08-22,2026-08-22
durham electronics sex drive,,170.0,2025-08-22,2026-08-22
barber gain b custom direct drive,,160.0,2025-08-22,2026-08-22
shin-ei big 1 preamp,,400.0,2025-08-22,2026-08-22
proco rat big box 90s reissue,,185.0,2025-08-22,2026-08-22
1970s electro harmonix big muff ram's head,,1000.0,2025-08-22,2026-08-22
maestro phase shifter ps-1a late 70s,,315.0,2025-08-22,2026-08-22
ibanez chorus cs-505,,130.0,2025-08-22,2026-08-22
strymon blue sky v1,,185.0,2025-08-22,2026-08-22
fulltone plimsoul,,80.0,2025-08-22,2026-08-22
origin effects bass rig,,385.0,2025-08-22,2026-08-22
zoom ac3,,170.0,2025-08-22,2026-08-22
TC MojoMojo Overdrive,,35.0,2025-08-22,2026-08-22
TC flashback mini,,60.0,2025-08-22,2026-08-22
MXR Prime Distortion,,30.0,2025-08-22,2026-08-22
Behringer EQ700,,25.0,2025-08-22,2026-08-22
"TC Helicon Voicetone E1 Echo, Tap Delay",,80.0,2025-08-22,2026-08-22
Hotone skyline wood,,70.0,2025-08-22,2026-08-22
electro harmonix black russian big muff,,165.0,2025-08-22,2026-08-22
earthquaker devices data corrupter,,160.0,2025-08-22,2026-08-22
electro harmonix deep freeze,,135.0,2025-08-22,2026-08-22
electro harmonix ravish sitar,,180.0,2025-08-22,2026-08-22
mxr flanger,,110.0,2025-08-22,2026-08-22
earthquaker devices rainbow machine,,150.0,2025-08-22,2026-08-22
ibanez analog delay mini,,70.0,2025-08-22,2026-08-22
dawner prince electronics boonar v2,,235.0,2025-08-22,2026-08-22
Pigtronix Rototron Rotary Speaker Simulator Pedal,,160.0,2025-08-22,2026-08-22
Pigtronix Echolution Delay Pedal,,150.0,2025-08-22,2026-08-22
Digitech FreqOut Natural Feedback Creator Pedal,,150.0,2025-08-22,2026-08-22
orange rockerverb 50 mkiii head,,1285.0,2025-08-22,2026-08-22
Fulltone fat-boost,,75.0,2025-08-22,2026-08-22
Suhr Jack Rabbit,,120.0,2025-08-22,2026-08-22
Boomerang phrase sampler,,225.0,2025-08-22,2026-08-22
Dr,,525.0,2025-08-22,2026-08-22
orange rockerverb 2x12 cabinet,,400.0,2025-08-22,2026-08-22
mxr evh 5150k overdrive,,145.0,2025-08-22,2026-08-22
mooer reecho,,30.0,2025-08-22,2026-08-22
mooer lofi machine,,40.0,2025-08-22,2026-08-22
mooer hustle drive,,30.0,2025-08-22,2026-08-22
mooer slow engine,,45.0,2025-08-22,2026-08-22
joyo orange juice,,25.0,2025-08-22,2026-08-22
tc spark mini,,40.0,2025-08-22,2026-08-22
walrus audio fundamental phaser,,55.0,2025-08-22,2026-08-22
electro harmonix micro pog,,120.0,2025-08-22,2026-08-22
rainger fx drone rainger,,190.0,2025-08-22,2026-08-22
polarbear effects young hearts v1,,185.0,2025-08-22,2026-08-22
earthquaker devices plumes,,75.0,2025-08-22,2026-08-22
way huge blue hippo,,80.0,2025-08-22,2026-08-22
death by audio fuzz war,,120.0,2025-08-22,2026-08-22
walrus audio fundamental ambient,,70.0,2025-08-22,2026-08-22
nobels del mini,,70.0,2025-08-22,2026-08-22
Electro harmonic small clone eh 4600,,65.0,2025-08-22,2026-08-22
Akai professional analog custom shop fuzz,,65.0,2025-08-22,2026-08-22
Boss tr-2 tremolo,,65.0,2025-08-22,2026-08-22
Tc helicon voicetone x1,,75.0,2025-08-22,2026-08-22
Boss ds-1,,40.0,2025-08-22,2026-08-22
Boss metal zone,,65.0,2025-08-22,2026-08-22
Fuzz puppy phaser,,70.0,2025-08-22,2026-08-22
BEARFOOT MINT GREEN MINIVIBE,Mint,150.0,2025-08-22,2026-08-22
BEARFOOT MODEL G,,150.0,2025-08-22,2026-08-22
BEARFOOT MODEL H,,135.0,2025-08-22,2026-08-22
BEARFOOT MODEL Hs,,150.0,2025-08-22,2026-08-22
BEARFOOT PALE GREEN COMPRESSOR,,150.0,2025-08-22,2026-08-22
BEARFOOT PINK PURPLE FUZZ,,130.0,2025-08-22,2026-08-22
BEARFOOT SPARKLING YELLOW OVERDRIVE 2,,100.0,2025-08-22,2026-08-22
DLS ROTOSPIN,,140.0,2025-08-22,2026-08-22
EHX 1970S LPB-1 BOOSTER,,100.0,2025-08-22,2026-08-22
EHX LESTER,,120.0,2025-08-22,2026-08-22
EHX MEL-9,,165.0,2025-08-22,2026-08-22
FULLTONE FD2,,100.0,2025-08-22,2026-08-22
MAD PROFESSOR SKY BLUE OVERDRIVE,,185.0,2025-08-22,2026-08-22
MAD PROFESSOR SWEET HONEY OVERDRIVE,,130.0,2025-08-22,2026-08-22
ONE CONTROL HONEY BEE OVERDRIVE,,100.0,2025-08-22,2026-08-22
ONE CONTROL SONIC BLUE TWANGER,,75.0,2025-08-22,2026-08-22
ONE CONTROL STRAWBERRY RED OVERDRIVE,,70.0,2025-08-22,2026-08-22
SKREDDY RUBBER SOUL,,170.0,2025-08-22,2026-08-22
SNOUSE BLACKBOX OVERDRIVE 2,,180.0,2025-08-22,2026-08-22
UNIVOX MICRO PHASER,,130.0,2025-08-22,2026-08-22
BJFE ODS 34,,280.0,2025-08-22,2026-08-22
CROWTHER HOTCAKE,,200.0,2025-08-22,2026-08-22
KEELEY BLACK GLASS OC81D,,275.0,2025-08-22,2026-08-22
LINE6 M9 MODELER,,200.0,2025-08-22,2026-08-22
MENATONE TOP BOOST IN A CAN,,200.0,2025-08-22,2026-08-22
ernie ball albert lee,,2000.0,2025-08-22,2026-08-22
shin's music spectron octa fuzz,,549.0,2025-08-22,2026-08-22
cunningham dual range germanium,,400.0,2025-08-22,2026-08-22
shin-ei screaming sister,,275.0,2025-08-22,2026-08-22
Ampeg SCR-DI,,150.0,2025-08-22,2026-08-22
Seymour Duncan studio bass,,85.0,2025-08-22,2026-08-22
Orange Getaway Driver,,80.0,2025-08-22,2026-08-22
electro harmonix Big Muff green Russian nano,,70.0,2025-08-22,2026-08-22
wampler tumnus deluxe,,120.0,2025-08-22,2026-08-22
j rockett the dude v2,,120.0,2025-08-22,2026-08-22
boss oc-5,,110.0,2025-08-22,2026-08-22
bananana effects tararira,,210.0,2025-08-22,2026-08-22
foxgear cream,,45.0,2025-08-22,2026-08-22
foxgear fenix,,45.0,2025-08-22,2026-08-22
wylde audio wylde drive,,70.0,2025-08-22,2026-08-22
dvk technologies the mrs,,90.0,2025-08-22,2026-08-22
wylde audio wylde drive deluxe,,140.0,2025-08-22,2026-08-22
baroni  lab the boutique muff,,100.0,2025-08-22,2026-08-22
baroni lab moon sound,,65.0,2025-08-22,2026-08-22
baroni lab rat n box,,65.0,2025-08-22,2026-08-22
foxgear powerhouse 3000,,85.0,2025-08-22,2026-08-22
baroni lab opto comp,,100.0,2025-08-22,2026-08-22
foxgear anubi ambient box,,85.0,2025-08-22,2026-08-22
baroni lab the time,,90.0,2025-08-22,2026-08-22
baroni lab the chorus,,65.0,2025-08-22,2026-08-22
baroni lab daves comp,,115.0,2025-08-22,2026-08-22
dentone alligator boy,,150.0,2025-08-22,2026-08-22
electro harmonix b9,,135.0,2025-08-22,2026-08-22
lovepedal mosferatu,,90.0,2025-08-22,2026-08-22
peterson strobostomp tuner,,100.0,2025-08-22,2026-08-22
digitech jam man stereo,,90.0,2025-08-22,2026-08-22
singular sound beat buddy mini 2,,90.0,2025-08-22,2026-08-22
truetone onespot cs7,,85.0,2025-08-22,2026-08-22
tc electronic ditto x4,,120.0,2025-08-22,2026-08-22
hotone ampero stomp,,300.0,2025-08-22,2026-08-22
digtitech fs3x,,25.0,2025-08-22,2026-08-22
ARTcessories cool switch,,25.0,2025-08-22,2026-08-22
tubesteader lightkeeper,,200.0,2025-08-22,2026-08-22
tubesteader beekeeper,,225.0,2025-08-22,2026-08-22
kingsley balladeer,,500.0,2025-08-22,2026-08-22
barber tone press,,120.0,2025-08-22,2026-08-22
twa sh9,,200.0,2025-08-22,2026-08-22
formula b eighty master v2,,160.0,2025-08-22,2026-08-22
Chase Bliss Automatone Preamp MKII plus dust cover,,600.0,2025-08-22,2026-08-22
Eventide H9 MAX,,325.0,2025-08-22,2026-08-22
EVENTIDE H9 NON MAX,,275.0,2025-08-22,2026-08-22
Nordland ODR-C,,215.0,2025-08-22,2026-08-22
Fulltone DejaVibe 2,,200.0,2025-08-22,2026-08-22
Yamaha TF Rack 16 channel Mixer,,900.0,2025-08-22,2026-08-22
Boss DR-880 Rhythm machine,,270.0,2025-08-22,2026-08-22
Boss RC-600,,420.0,2025-08-22,2026-08-22
Analogman Envelope Filter,,200.0,2025-08-22,2026-08-22
Analogman Chorus,,210.0,2025-08-22,2026-08-22
Steven Slate VSX Headphones Platinum,,250.0,2025-08-22,2026-08-22
TC Helicon VoiceLive 3,,320.0,2025-08-22,2026-08-22
RJM Mastermind PBC/10,,575.0,2025-08-22,2026-08-22
Tanabe Dumkudo,,380.0,2025-08-22,2026-08-22
MXR Phase 90,,60.0,2025-08-22,2026-08-22
BYOC Silver Pony,,60.0,2025-08-22,2026-08-22
BlackBox Overdrive,,180.0,2025-08-22,2026-08-22
Mad Professor Snow White Auto Wah,,140.0,2025-08-22,2026-08-22
Empress Tremolo 2,,110.0,2025-08-22,2026-08-22
MXR Analog Chorus,,65.0,2025-08-22,2026-08-22
Mad Professor Tiny Orange Phaser,,130.0,2025-08-22,2026-08-22
Lovepedal Tchula,,100.0,2025-08-22,2026-08-22
Demeter Tremulator,,120.0,2025-08-22,2026-08-22
RJM Mini Amp Gizmo,,160.0,2025-08-22,2026-08-22
Mythos Mjolnir,,120.0,2025-08-22,2026-08-22
TC Electronic Ditto X4,,120.0,2025-08-22,2026-08-22
Wampler Tumnus,,90.0,2025-08-22,2026-08-22
RJM Mini Switch Gizmo,,75.0,2025-08-22,2026-08-22
Kenton Thru-12,,80.0,2025-08-22,2026-08-22
Fender smolder acoustic pedal,,90.0,2025-08-22,2026-08-22
Voicelive Play?,,175.0,2025-08-22,2026-08-22
Goodwood Audio Audition,Good,50.0,2025-08-22,2026-08-22
TC Electronic Ditto Looper,,50.0,2025-08-22,2026-08-22
DAM Black Dust,,200.0,2025-08-22,2026-08-22
XTS Mod GE-7,,325.0,2025-08-22,2026-08-22
Sagittarius TSV808clone,,80.0,2025-08-22,2026-08-22
Strymon Zuma,,200.0,2025-08-22,2026-08-22
Strymon DIG,,170.0,2025-08-22,2026-08-22
Earthquaker Devices Plumes,,70.0,2025-08-22,2026-08-22
Atomic Amplifire 3,,225.0,2025-08-22,2026-08-22
Catalinbread Formula No 55,,85.0,2025-08-22,2026-08-22
Triungulo Lab Chorus Ensemble,,300.0,2025-08-22,2026-08-22
Wampler Tumnus Deluxe germanium,,300.0,2025-08-22,2026-08-22
Mission Engineering SP-H9,,100.0,2025-08-22,2026-08-22
Mission Engineering EP-100K,,100.0,2025-08-22,2026-08-22
Source Audio Kingmaker,,85.0,2025-08-22,2026-08-22
Mooer E-Lady,,40.0,2025-08-22,2026-08-22
Neurohub for Source Audio Pedals,,50.0,2025-08-22,2026-08-22
Atomic Amplifirebox,,100.0,2025-08-22,2026-08-22
Nux Tapecore Deluxe,,65.0,2025-08-22,2026-08-22
Disaster Area micro.clock,,100.0,2025-08-22,2026-08-22
Disaster Area DMC-4 Gen 3,,105.0,2025-08-22,2026-08-22
Neunaber Wet Expanse,,150.0,2025-08-22,2026-08-22
Disaster Area NNB Expanse,,65.0,2025-08-22,2026-08-22
Bogner Ecstasy Blue,,125.0,2025-08-22,2026-08-22
Zoom MS-70 CDR,,60.0,2025-08-22,2026-08-22
TC Electronics Ditto,,60.0,2025-08-22,2026-08-22
TC Electronics Polytune 3,,50.0,2025-08-22,2026-08-22
Keeley HALO,,185.0,2025-08-22,2026-08-22
MXR EVH 5150 Chorus Pedal,,110.0,2025-08-22,2026-08-22
Black Mountain roller volume pedal,,120.0,2025-08-22,2026-08-22
"Kingtone Duellist, v3 with external dip switches",,265.0,2025-08-22,2026-08-22
Keeley Muse Driver,,110.0,2025-08-22,2026-08-22
Boss EV-30 dual expression,,80.0,2025-08-22,2026-08-22
Kingtone Fuzz,,240.0,2025-08-22,2026-08-22
Fairfield Circuitry Barbershop,Fair,215.0,2025-08-22,2026-08-22
Wren & Cuff Tall Font Russian,,120.0,2025-08-22,2026-08-22
JHS Morning Glory v4,,130.0,2025-08-22,2026-08-22
Fulltone Wahfull,,225.0,2025-08-22,2026-08-22
Strymon El Capistan v1,,210.0,2025-08-22,2026-08-22
Strymon DIG Dual Delay v1,,170.0,2025-08-22,2026-08-22
Proco Rat 2,,75.0,2025-08-22,2026-08-22
Keeley Compressor Plus,,90.0,2025-08-22,2026-08-22
Lovepedal AMP 808,,100.0,2025-08-22,2026-08-22
JHS Bonsai OD,,135.0,2025-08-22,2026-08-22
JHS 3 Series Fuzz,,50.0,2025-08-22,2026-08-22
Hermida EPH-3 Tape Echo,,90.0,2025-08-22,2026-08-22
Barber Fuggedaboutit,,110.0,2025-08-22,2026-08-22
Pedal Pawn Texas Twang,,175.0,2025-08-22,2026-08-22
Keeley Super Phat Mod,,85.0,2025-08-22,2026-08-22
Barber Direct Drive v4,,120.0,2025-08-22,2026-08-22
TC Electronic Sub N Up,,65.0,2025-08-22,2026-08-22
strymon ojai 5 port,,105.0,2025-08-22,2026-08-22
mxr reverb,,120.0,2025-08-22,2026-08-22
peterson strobostomp hd,,90.0,2025-08-22,2026-08-22
ibanez chorus mini,,70.0,2025-08-22,2026-08-22
nux mini super chorus,,50.0,2025-08-22,2026-08-22
tc ditto,,45.0,2025-08-22,2026-08-22
mxr evh 5150 overdrive,,120.0,2025-08-22,2026-08-22
boss ge-7,,85.0,2025-08-22,2026-08-22
two notes le bass,,165.0,2025-08-22,2026-08-22
two notes torpedo CAB M,,140.0,2025-08-22,2026-08-22
MXR m89 bass overdrive,,75.0,2025-08-22,2026-08-22
darkglass vintage ultra,,210.0,2025-08-22,2026-08-22
danelectro sitar swami,,125.0,2025-08-22,2026-08-22
Boss CE2 Japan early 80’s,,200.0,2025-08-22,2026-08-22
Electro-Harmonix Octave Multiplexer,,275.0,2025-08-22,2026-08-22
Marshall Guv’nor,,180.0,2025-08-22,2026-08-22
Boss CS2 Japan,,110.0,2025-08-22,2026-08-22
Boss RV-3,,125.0,2025-08-22,2026-08-22
Love Pedal Plexi 800,,180.0,2025-08-22,2026-08-22
Fulltone Fulldrive 2,,80.0,2025-08-22,2026-08-22
Fulltone Fulldrive 2,,80.0,2025-08-22,2026-08-22
Fulltone Fat boost,,75.0,2025-08-22,2026-08-22
Boss DD7,,90.0,2025-08-22,2026-08-22
Boss DD20,,125.0,2025-08-22,2026-08-22
Boss RV3,,130.0,2025-08-22,2026-08-22
Boss NS2,,65.0,2025-08-22,2026-08-22
Line6 tonecore Verbzilla reverb,,90.0,2025-08-22,2026-08-22
Xotic BB preamp,,110.0,2025-08-22,2026-08-22
Keeley 4knob Compressor,,80.0,2025-08-22,2026-08-22
Tech 21 FlyRig5 v2,,175.0,2025-08-22,2026-08-22
Tech 21 Blonde,,100.0,2025-08-22,2026-08-22
Tech 21 British,,90.0,2025-08-22,2026-08-22
Fender Volume pedal,,70.0,2025-08-22,2026-08-22
Joyo American,,25.0,2025-08-22,2026-08-22
Strymon Multi switch,,45.0,2025-08-22,2026-08-22
Electro harmonix Crayon,,40.0,2025-08-22,2026-08-22
electro harmonix Nano Double Muff,,55.0,2025-08-22,2026-08-22
boss bd-2,,70.0,2025-08-22,2026-08-22
boss '65 fender deluxe reverb amp,,130.0,2025-08-22,2026-08-22
tc electronic chorus +,,120.0,2025-08-22,2026-08-22
boss dd-3,,90.0,2025-08-22,2026-08-22
byoc phase royale,,50.0,2025-08-22,2026-08-22
dls echo tap,,85.0,2025-08-22,2026-08-22
electro harmonix green russian big muff,,450.0,2025-08-22,2026-08-22
fender jaguar mij,,1150.0,2025-08-22,2026-08-22
Fulltone Fulldrive 2 Mosfet,,80.0,2025-08-22,2026-08-22
Dr Scientist Tremolessence v1,,120.0,2025-08-22,2026-08-22
Wampler Tumnus,,85.0,2025-08-22,2026-08-22
Bogner La Grange,,160.0,2025-08-22,2026-08-22
marshall silver jubilee 2525h,,925.0,2025-08-22,2026-08-22
ua ox box,,800.0,2025-08-22,2026-08-22
tone king imperial preamp,,450.0,2025-08-22,2026-08-22
friedman ir-j,,385.0,2025-08-22,2026-08-22
native instruments maschine mk3,,235.0,2025-08-22,2026-08-22
line 6 hx effects,,320.0,2025-08-22,2026-08-22
friedman ir-d,,335.0,2025-08-22,2026-08-22
fish circuits astronomie,,250.0,2025-08-22,2026-08-22
chase bliss billy strings wombtone,,285.0,2025-08-22,2026-08-22
egnater tweaker 40 head,,300.0,2025-08-22,2026-08-22
native instruments komplete kontrol s49 mk2,,180.0,2025-08-22,2026-08-22
bjfe honey bee 4k anniversary od,,375.0,2025-08-22,2026-08-22
van diemens analogue audio disruptors dasy nkt72,,300.0,2025-08-22,2026-08-22
suhr badger 30 head,,1300.0,2025-08-22,2026-08-22
suhr badger 1x12,,475.0,2025-08-22,2026-08-22
mask audio black math,,110.0,2025-08-22,2026-08-22
old blood noise endeavours signal blender,,100.0,2025-08-22,2026-08-22
tronographic rusty box,,300.0,2025-08-22,2026-08-22
origin effects cali76 bass comp,,275.0,2025-08-22,2026-08-22
Basic Audio Scram,,140.0,2025-08-22,2026-08-22
Line 6 DL4 MK II,,160.0,2025-08-22,2026-08-22
JHS Bender,,120.0,2025-08-22,2026-08-22
JHS Crayon,,125.0,2025-08-22,2026-08-22
JHS/Ross Fuzz,,115.0,2025-08-22,2026-08-22
JHS/EH Lizard Queen,,40.0,2025-08-22,2026-08-22
MXR FOD,,90.0,2025-08-22,2026-08-22
Boss SD-1W,,90.0,2025-08-22,2026-08-22
Way Huge Blue Hippo,,85.0,2025-08-22,2026-08-22
Boss MD 200,,165.0,2025-08-22,2026-08-22
Acorn Epstein Fuzz,,85.0,2025-08-22,2026-08-22
Beetronics Overhive,,150.0,2025-08-22,2026-08-22
Whimsy Machines – Fantabulizing Whatsitdo,,150.0,2025-08-22,2026-08-22
Bionix - Axentrix Drive,,80.0,2025-08-22,2026-08-22
TC Electronic BrainWaves,,85.0,2025-08-22,2026-08-22
TC Electronic Flashback mini,,65.0,2025-08-22,2026-08-22
Supro Drive,,100.0,2025-08-22,2026-08-22
IK multimedia ToneX One,,110.0,2025-08-22,2026-08-22
Earthquaker Devices Organizer,,100.0,2025-08-22,2026-08-22
Gone Fishing Booooom Blast 3.0,,400.0,2025-08-22,2026-08-22
Eventide H9,,250.0,2025-08-22,2026-08-22
Analogman Peppermint Fuzz,Mint,200.0,2025-08-22,2026-08-22
foxrox captain coconut 2,,950.0,2025-08-22,2026-08-22
skreddy 1971,,180.0,2025-08-22,2026-08-22
fractal ev1 expression pedal,,125.0,2025-08-22,2026-08-22
pedal pawn texan twang,,175.0,2025-08-22,2026-08-22
electro harmonix q tron plus,,110.0,2025-08-22,2026-08-22
kemper player,,585.0,2025-08-22,2026-08-22
positive grid bias mini power station,,250.0,2025-08-22,2026-08-22
boss bd-2,,65.0,2025-08-22,2026-08-22
boss tu-2,,45.0,2025-08-22,2026-08-22
visual sound h20,,80.0,2025-08-22,2026-08-22
mxr talk box,,120.0,2025-08-22,2026-08-22
radial hot british,,80.0,2025-08-22,2026-08-22
boss eq-200,,165.0,2025-08-22,2026-08-22
friedman be-od,,100.0,2025-08-22,2026-08-22
friedman be-od,,100.0,2025-08-22,2026-08-22
eae elite acoustics stompmix x6,,370.0,2025-08-22,2026-08-22
bbe sonic stomp red,,80.0,2025-08-22,2026-08-22
boss dd-6,,90.0,2025-08-22,2026-08-22
boss tr-2,,65.0,2025-08-22,2026-08-22
boss ns-2,,65.0,2025-08-22,2026-08-22
boss sy-1,,125.0,2025-08-22,2026-08-22
boss dd-3,,80.0,2025-08-22,2026-08-22
boss ge-7,,85.0,2025-08-22,2026-08-22
voodoo lab sparkle drive,,70.0,2025-08-22,2026-08-22
proco rat,,70.0,2025-08-22,2026-08-22
xotic rc booster,,150.0,2025-08-22,2026-08-22
morley abc,,60.0,2025-08-22,2026-08-22
boss ds-1,,40.0,2025-08-22,2026-08-22
mxr dyna comp,,50.0,2025-08-22,2026-08-22
digitech whammy 5,,175.0,2025-08-22,2026-08-22
boss ph-1r mij,,150.0,2025-08-22,2026-08-22
boss ph-1r mij,,140.0,2025-08-22,2026-08-22
maxon ge-9 graphic eq mij,,100.0,2025-08-22,2026-08-22
boss dsd-2 mij,,110.0,2025-08-22,2026-08-22
boss bf-2 mij,,120.0,2025-08-22,2026-08-22
boss pd-1 rocker distortion mij,,120.0,2025-08-22,2026-08-22
boss ch-1 mit,,70.0,2025-08-22,2026-08-22
boss rv-3 mit,,135.0,2025-08-22,2026-08-22
boss mt-2 mit,,60.0,2025-08-22,2026-08-22
boss mt-2 mit,,60.0,2025-08-22,2026-08-22
boss ge-7 mit,,85.0,2025-08-22,2026-08-22
boss bd-2 mit,,65.0,2025-08-22,2026-08-22
boss dr-55 dr. rhythm,,185.0,2025-08-22,2026-08-22
boss dr-770,,140.0,2025-08-22,2026-08-22
yamaha ne-1,,140.0,2025-08-22,2026-08-22
pedalworx texas two step,,100.0,2025-08-22,2026-08-22
tech 21 double drive,,85.0,2025-08-22,2026-08-22
electro harmonix graphic fuzz,,105.0,2025-08-22,2026-08-22
roland r-5 human rhythm composer,,110.0,2025-08-22,2026-08-22
maxon blubber wah pedal,,100.0,2025-08-22,2026-08-22
seymour duncan tweak fuzz,,60.0,2025-08-22,2026-08-22
dunlop mini fuzz face,,100.0,2025-08-22,2026-08-22
danelectro triplwah,,65.0,2025-08-22,2026-08-22
fender fuzz wah,,165.0,2025-08-22,2026-08-22
boss tu-12h,,30.0,2025-08-22,2026-08-22
boss tu-2 mit,,45.0,2025-08-22,2026-08-22
tc corona chorus,,50.0,2025-08-22,2026-08-22
seymour duncan lava box,,45.0,2025-08-22,2026-08-22
seymour duncan pickup booster,,50.0,2025-08-22,2026-08-22
deltalab rd1 rock distortion,,35.0,2025-08-22,2026-08-22
electro harmonix bass soul food,,50.0,2025-08-22,2026-08-22
rocktron classic wah,,40.0,2025-08-22,2026-08-22
dunlop wah,,50.0,2025-08-22,2026-08-22
dunlop wah,,50.0,2025-08-22,2026-08-22
g-lab dual reverb,,100.0,2025-08-22,2026-08-22
g-lab 2x4 separated 9v power box,,80.0,2025-08-22,2026-08-22
g-lab 2x4 separated 9v power box,,80.0,2025-08-22,2026-08-22
g-lab 2x4 separated 9v power box,,80.0,2025-08-22,2026-08-22
g-lab 2x4 separated 9v power box,,80.0,2025-08-22,2026-08-22
g-lab dual reverb dr-2,,80.0,2025-08-22,2026-08-22
g-lab amp loop adapter ala-1,,60.0,2025-08-22,2026-08-22
g-lab amp loop adapter ala-1,,60.0,2025-08-22,2026-08-22
g-lab amp loop adapter ala-1,,60.0,2025-08-22,2026-08-22
g-lab dr-3,,150.0,2025-08-22,2026-08-22
tc helicon voicelive play,,190.0,2025-08-22,2026-08-22
j rockett blue note od,,110.0,2025-08-22,2026-08-22
boss oc-5,,110.0,2025-08-22,2026-08-22
friedman be-od,,105.0,2025-08-22,2026-08-22
focusrite scarlett 2i2,,60.0,2025-08-22,2026-08-22
boss dd-7,,90.0,2025-08-22,2026-08-22
radial pro d2,,120.0,2025-08-22,2026-08-22
ibanez ts-808,,110.0,2025-08-22,2026-08-22
vsn twin looper,,25.0,2025-08-22,2026-08-22
morley abc,,60.0,2025-08-22,2026-08-22
pyle instrument direct box,,22.0,2025-08-22,2026-08-22
tc june 60,,50.0,2025-08-22,2026-08-22
jhs angry charlie v1,,120.0,2025-08-22,2026-08-22
ehx stereo pulsar,,45.0,2025-08-22,2026-08-22
decibelics golden horse,,300.0,2025-08-22,2026-08-22
mxr dyna comp,,50.0,2025-08-22,2026-08-22
dunlop echoplex,,75.0,2025-08-22,2026-08-22
proco deuecetone rat,,170.0,2025-08-22,2026-08-22
j rockett blue note od,,100.0,2025-08-22,2026-08-22
earthquaker devices dispatch master v3,,125.0,2025-08-22,2026-08-22
earthquaker devices dispatch master black,,135.0,2025-08-22,2026-08-22
kingtone duellist,,285.0,2025-08-22,2026-08-22
electro harmonix mod rex,,125.0,2025-08-22,2026-08-22
midnight amplification heavy stone,,175.0,2025-08-22,2026-08-22
fjord dovre,,185.0,2025-08-22,2026-08-22
fjord midnattssol,,300.0,2025-08-22,2026-08-22
boss re-202,,260.0,2025-08-22,2026-08-22
zvex custom bass fuzz,,350.0,2025-08-22,2026-08-22
digitech bad monkey,,85.0,2025-08-22,2026-08-22
boss ce-5,,70.0,2025-08-22,2026-08-22
hardwire tr-7,,115.0,2025-08-22,2026-08-22
digitech whammy 5,,175.0,2025-08-22,2026-08-22
ebs dynaverb,,100.0,2025-08-22,2026-08-22
ibanez ts-808,,90.0,2025-08-22,2026-08-22
vox ice 9 overdrive,,80.0,2025-08-22,2026-08-22
electro harmonix small stone nano,,60.0,2025-08-22,2026-08-22
90s dunlop hendrix fuzz face,,170.0,2025-08-22,2026-08-22
mxr micro chorus yellow,,60.0,2025-08-22,2026-08-22
carl martin red repeat,,65.0,2025-08-22,2026-08-22
bbe freq boost,,55.0,2025-08-22,2026-08-22
bbe boosta grande,,35.0,2025-08-22,2026-08-22
modtone colisseum reverb,,45.0,2025-08-22,2026-08-22
rocktron tsunami chorus,,55.0,2025-08-22,2026-08-22
Hermida Zen Drive -,Very Good Condition,135.0,2025-08-22,2026-08-22
Warm Drive Centavo - mint,Mint,100.0,2025-08-22,2026-08-22
Suhr Andy Woodshed compressor - near mint,Mint,135.0,2025-08-22,2026-08-22
TC Electronic June 60 - Mint - used onc,Mint,50.0,2025-08-22,2026-08-22
Eventide Timefactor - VG condition,,160.0,2025-08-22,2026-08-22
Strymon Big Sky - Excellent plus,Excellent,340.0,2025-08-22,2026-08-22
GFI Specular Tempus - Near Mint,Mint,275.0,2025-08-22,2026-08-22
electronic audio experiments sending v2,,475.0,2025-08-22,2026-08-22
free the tone flight time v2,,260.0,2025-08-22,2026-08-22
strymon flint v1,,230.0,2025-08-22,2026-08-22
diamond vibrato,,215.0,2025-08-22,2026-08-22
earthquaker devices the warden,,105.0,2025-08-22,2026-08-22
keeley fuzz bender,,100.0,2025-08-22,2026-08-22
strymon volante,,270.0,2025-08-22,2026-08-22
jam pedals retrovibe v2,,275.0,2025-08-22,2026-08-22
moog mf delay,,275.0,2025-08-22,2026-08-22
keeley verb o trem,,80.0,2025-08-22,2026-08-22
uafx teletronix,,90.0,2025-08-22,2026-08-22
boss rc-10r,,175.0,2025-08-22,2026-08-22
mr black mini octaves,,85.0,2025-08-22,2026-08-22
electro harmonix triboro bridge,,60.0,2025-08-22,2026-08-22
electro harmonix pico platform compressor,,70.0,2025-08-22,2026-08-22
fender treadlight volume / expression,,70.0,2025-08-22,2026-08-22
dod carcosa fuzz,,85.0,2025-08-22,2026-08-22
dod boneshaker,,60.0,2025-08-22,2026-08-22
amptweaker tight fuzz,,150.0,2025-08-22,2026-08-22
amptweaker tight rock jr,,110.0,2025-08-22,2026-08-22
fuzzrocious the demon,,140.0,2025-08-22,2026-08-22
seymour duncan polaron phaser,,135.0,2025-08-22,2026-08-22
earthquaker devices hummingbird v4,,100.0,2025-08-22,2026-08-22
daredevil cocked & fearless,,85.0,2025-08-22,2026-08-22
boss mt-2,,65.0,2025-08-22,2026-08-22
mxr bass auto q,,65.0,2025-08-22,2026-08-22
foxgear echosex,,60.0,2025-08-22,2026-08-22
mxr phase 95,,65.0,2025-08-22,2026-08-22
tc hall of fame 2,,90.0,2025-08-22,2026-08-22
tc flashback delay,,75.0,2025-08-22,2026-08-22
boss cs-2,,100.0,2025-08-22,2026-08-22
dunlop crybaby q zone,,80.0,2025-08-22,2026-08-22
tc corona chorus,,50.0,2025-08-22,2026-08-22
jhs 3 series octave reverb,,65.0,2025-08-22,2026-08-22
dunlop jbf3b joe bonamassa fuzz face,,175.0,2025-08-22,2026-08-22
cry baby mini wah,,60.0,2025-08-22,2026-08-22
lr baggs session di,,130.0,2025-08-22,2026-08-22
fender smolder acoustic od,,90.0,2025-08-22,2026-08-22
dunlop volume pedal,,90.0,2025-08-22,2026-08-22
dunlop volume pedal,,90.0,2025-08-22,2026-08-22
zoom ac-3,,155.0,2025-08-22,2026-08-22
behringer ultra tremolo,,25.0,2025-08-22,2026-08-22
tc electronic bodyrez,,55.0,2025-08-22,2026-08-22
boss ds-1,,40.0,2025-08-22,2026-08-22
chocolate midi controller,,30.0,2025-08-22,2026-08-22
boss fs-5l,,25.0,2025-08-22,2026-08-22
tc spark mini,,45.0,2025-08-22,2026-08-22
electro harmonix big muff pi,,55.0,2025-08-22,2026-08-22
mooer  e7synth,,55.0,2025-08-22,2026-08-22
donner dynamic wah,,25.0,2025-08-22,2026-08-22
donner morpher,,25.0,2025-08-22,2026-08-22
outlaw 24k reverb,,40.0,2025-08-22,2026-08-22
pigtronix gamma drive,,45.0,2025-08-22,2026-08-22
maestro fuzz tone fz-m,,45.0,2025-08-22,2026-08-22
maestro invader distortion,,50.0,2025-08-22,2026-08-22
browne amplification carbon x,,240.0,2025-08-22,2026-08-22
bondi effects del mar mk2,,190.0,2025-08-22,2026-08-22
electronic audio experiments mirror house v2,,175.0,2025-08-22,2026-08-22
lightning boy opti-mu prime,,200.0,2025-08-22,2026-08-22
ampeg sgt-di,,250.0,2025-08-22,2026-08-22
paint audio midi captain duo,,25.0,2025-08-22,2026-08-22
shaw audio direct injection,,150.0,2025-08-22,2026-08-22
coca comp mkii,,125.0,2025-08-22,2026-08-22
warm audio pedal76,,170.0,2025-08-22,2026-08-22
wampler mini ego 76,,130.0,2025-08-22,2026-08-22
sonic research st-300 mini,,120.0,2025-08-22,2026-08-22
dr scientist dusk envelope filter,,140.0,2025-08-22,2026-08-22
wampler faux spring reverb,,90.0,2025-08-22,2026-08-22
wampler clarksdale delta overdrive,,100.0,2025-08-22,2026-08-22
wampler sovereign,,80.0,2025-08-22,2026-08-22
ibanez ts9,,70.0,2025-08-22,2026-08-22
digitech digidelay,,65.0,2025-08-22,2026-08-22
boss gt-6,,120.0,2025-08-22,2026-08-22
xotic sp compressor,,80.0,2025-08-22,2026-08-22
peterson strobostomp hd,,90.0,2025-08-22,2026-08-22
digitech screamin blues,,50.0,2025-08-22,2026-08-22
danelectro fish n  chips,,45.0,2025-08-22,2026-08-22
behringer am100,,35.0,2025-08-22,2026-08-22
fishman powerblend,,60.0,2025-08-22,2026-08-22
fishman powerblend,,60.0,2025-08-22,2026-08-22
xotic bb plus,,125.0,2025-08-22,2026-08-22
Teese Real RMC 10 Wah,,165.0,2025-08-22,2026-08-22
Xotic Andy Timmons BB Preamp,,130.0,2025-08-22,2026-08-22
Fish Circuits Model One,,165.0,2025-08-22,2026-08-22
Shin Music OD-X,,375.0,2025-08-22,2026-08-22
Keeley Oxblood,,90.0,2025-08-22,2026-08-22
Dazatronyx FFS Fuzz,,70.0,2025-08-22,2026-08-22
Digitech Freqout,,150.0,2025-08-22,2026-08-22
The Fart Pedal,,150.0,2025-08-22,2026-08-22
Colorsound Wow Pedal reissue,,250.0,2025-08-22,2026-08-22
Line 6 M9 Multi-Effect,,365.0,2025-08-22,2026-08-22
Eventide H90,,670.0,2025-08-22,2026-08-22
Lollar Fuzz,,275.0,2025-08-22,2026-08-22
Boss Waza Metal Zone,,105.0,2025-08-22,2026-08-22
Champion Leccy Swan Hunter,,225.0,2025-08-22,2026-08-22
Keeley Halo,,180.0,2025-08-22,2026-08-22
Shin Music Baby Perfect Volume Hybrid Passive/Active Volume Pedal,,150.0,2025-08-22,2026-08-22
ADA — Guitar Cabinet Simulator DI gcs-3,,65.0,2025-08-22,2026-08-22
ProCo — RAT,,75.0,2025-08-22,2026-08-22
Ibanez — Mini Chorus,,60.0,2025-08-22,2026-08-22
EHX — Micro POG,,130.0,2025-08-22,2026-08-22
Catalinbread — Belle Epoch,,110.0,2025-08-22,2026-08-22
EarthQuaker Devices — Hummingbird,,100.0,2025-08-22,2026-08-22
EarthQuaker Devices — Levitation,,105.0,2025-08-22,2026-08-22
Homebrew electronics — Paul Gilbert Detox EQ,,140.0,2025-08-22,2026-08-22
Big Joe Stomp Box Company — Powerbox Lithium,,70.0,2025-08-22,2026-08-22
Xotic Effects — SL Drive,,70.0,2025-08-22,2026-08-22
Malekko Heavy Industry Corp — Spring,,75.0,2025-08-22,2026-08-22
Decibelics — Angry Swede,,185.0,2025-08-22,2026-08-22
MXR — 10-Band EQ,,75.0,2025-08-22,2026-08-22
J Rockett Audio Designs — Ikon Archer,,110.0,2025-08-22,2026-08-22
Does It Doom? — Bower Power,,180.0,2025-08-22,2026-08-22
EarthQuaker Devices — Grand Orbiter,,120.0,2025-08-22,2026-08-22
EarthQuaker Devices — Tone Job,,80.0,2025-08-22,2026-08-22
Friedman — BE-OD Deluxe,,150.0,2025-08-22,2026-08-22
Electronic Audio Experiments — Model FET Preamp,,185.0,2025-08-22,2026-08-22
Mr Black Pedals — Twin Lasers,,160.0,2025-08-22,2026-08-22
Mr Black Pedals — Tunnelworm,,135.0,2025-08-22,2026-08-22
MXR — Carbon Copy Bright,,85.0,2025-08-22,2026-08-22
Friedman — Dirty Shirley,,100.0,2025-08-22,2026-08-22
Friedman — Buxom Boost,,100.0,2025-08-22,2026-08-22
Ibanez — Analog Delay Mini,,70.0,2025-08-22,2026-08-22
Aquatone — Electric Love Overdrive,,165.0,2025-08-22,2026-08-22
JAM Pedals — Red Muck Fuzz,,160.0,2025-08-22,2026-08-22
Does It Doom — Walpurgis V1,,160.0,2025-08-22,2026-08-22
Effectrode Audiophile Pedals — Blackbird Tube Preamp,,430.0,2025-08-22,2026-08-22
ADA — PBF Flanger,,250.0,2025-08-22,2026-08-22
Ibanez — Tube Screamer Mini,,50.0,2025-08-22,2026-08-22
Boss — PSM-5,,40.0,2025-08-22,2026-08-22
Movall — Minotaur,,25.0,2025-08-22,2026-08-22
Mooer — UK Gold 900 Pre-Amp,,50.0,2025-08-22,2026-08-22
TC Electronic — Ditto Looper,,45.0,2025-08-22,2026-08-22
Mooer — E-Lady,,35.0,2025-08-22,2026-08-22
Mooer — Trelicopter,,35.0,2025-08-22,2026-08-22
Mooer — Shim Verb,,30.0,2025-08-22,2026-08-22
boss rv-5,,85.0,2025-08-22,2026-08-22
boss dd-3t,,90.0,2025-08-22,2026-08-22
boss ch-1,,70.0,2025-08-22,2026-08-22
boss hm-2w,,105.0,2025-08-22,2026-08-22
fairfield circuitry long life,Fair,235.0,2025-08-22,2026-08-22
ehx hog,,215.0,2025-08-22,2026-08-22
earthquaker devices arpanoid,,140.0,2025-08-22,2026-08-22
ehx pog2,,235.0,2025-08-22,2026-08-22
cloud microphone cloudlifter cl-1,,80.0,2025-08-22,2026-08-22
line 6 verbzilla,,100.0,2025-08-22,2026-08-22
j rockett archer,,120.0,2025-08-22,2026-08-22
behringer super fuzz,,35.0,2025-08-22,2026-08-22
catalinbread dirty little secret,,75.0,2025-08-22,2026-08-22
gamma cumulus,,25.0,2025-08-22,2026-08-22
saturnworks mute switch,,40.0,2025-08-22,2026-08-22
dod fx10 missing battery door,,65.0,2025-08-22,2026-08-22
richtone reverb,,45.0,2025-08-22,2026-08-22
pedaltrain nano with soft case,,50.0,2025-08-22,2026-08-22
FoxRox CC Hybrid2,,150.0,2025-08-22,2026-08-22
Strymon Brig,,175.0,2025-08-22,2026-08-22
Keeley Fuzz Bender,,80.0,2025-08-22,2026-08-22
Fulltone Full-Drive 3,,90.0,2025-08-22,2026-08-22
Fulltone 69 MkII,,125.0,2025-08-22,2026-08-22
Boss Reverb RV-6,,110.0,2025-08-22,2026-08-22
Boss Line Selector LS-2,,85.0,2025-08-22,2026-08-22
EarthQuaker Dispatch Master Delay v3,,140.0,2025-08-22,2026-08-22
Nobels ODR-1,,70.0,2025-08-22,2026-08-22
Keeley Blues Disorder,,115.0,2025-08-22,2026-08-22
NUX Queen of Tone,,70.0,2025-08-22,2026-08-22
ProAnalog Manticore v2,,140.0,2025-08-22,2026-08-22
Catalinbread Talisman,,110.0,2025-08-22,2026-08-22
Lovepedal Black Magic Zendrive,,110.0,2025-08-22,2026-08-22
Way Huge Conspiracy Theory,,85.0,2025-08-22,2026-08-22
J Rockett Dude,,110.0,2025-08-22,2026-08-22
MXR Sugar Drive,,60.0,2025-08-22,2026-08-22
Lovepedal Babyface Tremolo,,75.0,2025-08-22,2026-08-22
JHS Smiley,,100.0,2025-08-22,2026-08-22
R Weaver FX Face of Spades,,160.0,2025-08-22,2026-08-22
Lovepedal Hotel Fuzz,,80.0,2025-08-22,2026-08-22
Lovepedal Gypsy MK Pro,,85.0,2025-08-22,2026-08-22
Source Audio EQ2,,200.0,2025-08-22,2026-08-22
MXR Split + Tap,,45.0,2025-08-22,2026-08-22
Mosky Audio Silve Horse,,20.0,2025-08-22,2026-08-22
Tc electronic BonaFide Buﬀer,,25.0,2025-08-22,2026-08-22
TC Electronic Polytune,,50.0,2025-08-22,2026-08-22
moog mf delay v2,,300.0,2025-08-22,2026-08-22
electronic audio experiments prismatic wall,,325.0,2025-08-22,2026-08-22
pastfx elastic mattress,,200.0,2025-08-22,2026-08-22
analog alien rumble seat,,240.0,2025-08-22,2026-08-22
mxr evh 5150 overdrive,,115.0,2025-08-22,2026-08-22
all pedal jeff loomis devil's triad,,160.0,2025-08-22,2026-08-22
waterloo by collings wl-14l,,2400.0,2025-08-22,2026-08-22
monolith fuzz custom wah,,270.0,2025-08-22,2026-08-22
apollo approved steamroller germanium fuzz custom paint,,275.0,2025-08-22,2026-08-22
red rooster germanium rangemaster clone,,70.0,2025-08-22,2026-08-22
shoe pedals savior machine,,150.0,2025-08-22,2026-08-22
bigfoot engineering king fuzz xl,,200.0,2025-08-22,2026-08-22
dominion electric firebox treble booster cv7112,,225.0,2025-08-22,2026-08-22
apollo approved rattlesnake hand wired,,280.0,2025-08-22,2026-08-22
DAM red rooster,,400.0,2025-08-22,2026-08-22
dominion electric twin step bc108,,400.0,2025-08-22,2026-08-22
boss dc-3,,200.0,2025-08-22,2026-08-22
spaceman aphelion od,,335.0,2025-08-22,2026-08-22
pastfx revolution,,135.0,2025-08-22,2026-08-22
danelectro pb&j delay,,60.0,2025-08-22,2026-08-22
bogner burnley v2,,80.0,2025-08-22,2026-08-22
dod fx 90,,70.0,2025-08-22,2026-08-22
tc helicon voicelive play,,175.0,2025-08-22,2026-08-22
dod fx 84 milk box,,120.0,2025-08-22,2026-08-22
digitech obscura,,100.0,2025-08-22,2026-08-22
tc helicon voicetone h1,,80.0,2025-08-22,2026-08-22
tc helicon voicetone d1,,70.0,2025-08-22,2026-08-22
walrus audio ages,,100.0,2025-08-22,2026-08-22
boss rc-3,,85.0,2025-08-22,2026-08-22
tc hall of fame,,80.0,2025-08-22,2026-08-22
ibanez de7,,105.0,2025-08-22,2026-08-22
keeley compressor,,70.0,2025-08-22,2026-08-22
fulltone full drive 2,,80.0,2025-08-22,2026-08-22
ibanez ts9,,70.0,2025-08-22,2026-08-22
boss ch-1,,70.0,2025-08-22,2026-08-22
mooer reecho,,30.0,2025-08-22,2026-08-22
danelectro daddy o,,45.0,2025-08-22,2026-08-22
tc ditto looper,,45.0,2025-08-22,2026-08-22
behringer tu-300,,25.0,2025-08-22,2026-08-22
ernie ball vpjr,,50.0,2025-08-22,2026-08-22
modtone clean boost,,40.0,2025-08-22,2026-08-22
digitech multi chorus,,50.0,2025-08-22,2026-08-22
ibanez ts9dx,,70.0,2025-08-22,2026-08-22
dunlop mini wah,,75.0,2025-08-22,2026-08-22
electro harmonix octave multiplexer,,60.0,2025-08-22,2026-08-22
gamechanger audio plasma pedal,,200.0,2025-08-22,2026-08-22
digitech freqout,,170.0,2025-08-22,2026-08-22
JDX Direct Drive DI,,110.0,2025-08-22,2026-08-22
Boss RC 500 Looper and Drum Pedal,,250.0,2025-08-22,2026-08-22
xotic EP Booster,,80.0,2025-08-22,2026-08-22
TC Electronic T2 Reverb Pedal,,85.0,2025-08-22,2026-08-22
Ethos TWE - 1 Gain Pedal,,185.0,2025-08-22,2026-08-22
Ibanez Tube Screamer,,75.0,2025-08-22,2026-08-22
Fishman Platinum PRO EQ,,235.0,2025-08-22,2026-08-22
TECH 21 Fly Rig  5,,165.0,2025-08-22,2026-08-22
SHURE glxd6 Wireless Guitar Transmitter and Receiver,,140.0,2025-08-22,2026-08-22
TC Helicon PlayAcoustic,,170.0,2025-08-22,2026-08-22
Digitech screamin blues,,50.0,2025-08-22,2026-08-22
BOSS FS 6 Dual Footswitch  - Battery Operated,,45.0,2025-08-22,2026-08-22
TC Helicon Switch 3,,35.0,2025-08-22,2026-08-22
TC Electronic PolyTune 2 noir,,55.0,2025-08-22,2026-08-22
warm audio jet phaser,,80.0,2025-08-22,2026-08-22
old blood noise endeavors dark star,,160.0,2025-08-22,2026-08-22
earthquaker devices afterneath,,100.0,2025-08-22,2026-08-22
earthquaker devices data corrupter,,155.0,2025-08-22,2026-08-22
fuzzrocious grey stache,,100.0,2025-08-22,2026-08-22
fuzzrocious rat tail,,120.0,2025-08-22,2026-08-22
tc electronic ditto looper,,50.0,2025-08-22,2026-08-22
montreal assembly count to 5,,200.0,2025-08-22,2026-08-22
warm audio wa-251,,500.0,2025-08-22,2026-08-22
rme babyface pro fs interface,,600.0,2025-08-22,2026-08-22
MI Audio Crunch Box v1,,70.0,2025-08-22,2026-08-22
MI Audio Crunch Box v1,,70.0,2025-08-22,2026-08-22
MI Audio Crunch Box v2,,185.0,2025-08-22,2026-08-22
MI Audio Blues Pro v,,90.0,2025-08-22,2026-08-22
MI Audio Boost N Buff v5,,65.0,2025-08-22,2026-08-22
Neunaber Echelon Stereo Delay,,85.0,2025-08-22,2026-08-22
Retro-Sonic Phaser v1,,80.0,2025-08-22,2026-08-22
Retro-Sonic Phaser v2,,85.0,2025-08-22,2026-08-22
Retro-Sonic Chorus v2,,160.0,2025-08-22,2026-08-22
Diamond Memory Lane Jr,,180.0,2025-08-22,2026-08-22
EHX Pico Pog w/box,,140.0,2025-08-22,2026-08-22
Mr. Black Supermoon Chrome,,110.0,2025-08-22,2026-08-22
One Control Gecko v1,,65.0,2025-08-22,2026-08-22
One Control Gecko v1,,65.0,2025-08-22,2026-08-22
One Control Gecko v1,,65.0,2025-08-22,2026-08-22
Strymon OB-1,,140.0,2025-08-22,2026-08-22
Hughes & Kettner Red Box 5,,50.0,2025-08-22,2026-08-22
Nobels DelMini,,65.0,2025-08-22,2026-08-22
REON Driftbox S Analog Synth,,285.0,2025-08-22,2026-08-22
Ernie Ball VPJR,,50.0,2025-08-22,2026-08-22
One Control AB Box,,25.0,2025-08-22,2026-08-22
One Control Loop Box,,25.0,2025-08-22,2026-08-22
One Control Loop Box,,25.0,2025-08-22,2026-08-22
Donner Tutti Love Chorus,,25.0,2025-08-22,2026-08-22
anasounds lazy comp,,75.0,2025-08-22,2026-08-22
mythos oracle,,175.0,2025-08-22,2026-08-22
kingsley maiden v2,,485.0,2025-08-22,2026-08-22
echo fix spring reverb,,260.0,2025-08-22,2026-08-22
keeley halo dual echo,,180.0,2025-08-22,2026-08-22
pedal pawn fuzz,,160.0,2025-08-22,2026-08-22
mxr phase 90 script,,80.0,2025-08-22,2026-08-22
black cat vibe,,400.0,2025-08-22,2026-08-22
teese rmc 3 wah,,200.0,2025-08-22,2026-08-22
electro harmonix soul food,,45.0,2025-08-22,2026-08-22
keeley manis,,115.0,2025-08-22,2026-08-22
koda komet,,140.0,2025-08-22,2026-08-22
j rockett mark sampson high top,,110.0,2025-08-22,2026-08-22
fairfield circuitry the barbershop,Fair,160.0,2025-08-22,2026-08-22
crazy tube circuits unobtanium,,200.0,2025-08-22,2026-08-22
tc helicon voicelive play acoustic,,175.0,2025-08-22,2026-08-22
old blood noise endeavors oil delay v1,,160.0,2025-08-22,2026-08-22
digitech 2730 hot box,,100.0,2025-08-22,2026-08-22
dunlop cry  baby gcb95,,50.0,2025-08-22,2026-08-22
carl martin red repeat,,65.0,2025-08-22,2026-08-22
fender reflecting pool,,175.0,2025-08-22,2026-08-22
jhs packrat,,150.0,2025-08-22,2026-08-22
dunlop fuzz face mini red,,75.0,2025-08-22,2026-08-22
mxr phase 95,,65.0,2025-08-22,2026-08-22
source audio zio,,120.0,2025-08-22,2026-08-22
ibanez ts808dx,,150.0,2025-08-22,2026-08-22
way huge blue hippo chorus,,90.0,2025-08-22,2026-08-22
boss aw-3,,70.0,2025-08-22,2026-08-22
boss ch-1,,70.0,2025-08-22,2026-08-22
boss ge-7,,85.0,2025-08-22,2026-08-22
singular sound beat buddy,,175.0,2025-08-22,2026-08-22
eventide h9,,275.0,2025-08-22,2026-08-22
strymon flint v 2,,275.0,2025-08-22,2026-08-22
tc spark mini,,40.0,2025-08-22,2026-08-22
mxr distortion plus,,55.0,2025-08-22,2026-08-22
mxr dyna comp,,55.0,2025-08-22,2026-08-22
mxr dyna comp,,55.0,2025-08-22,2026-08-22
tc electronic ditto,,50.0,2025-08-22,2026-08-22
dunlop cry baby wah,,50.0,2025-08-22,2026-08-22
ernie ball jr volume pedal,,45.0,2025-08-22,2026-08-22
singular sound footswitch,,30.0,2025-08-22,2026-08-22
strymon big sky,,320.0,2025-08-22,2026-08-22
vox satchurator,,60.0,2025-08-22,2026-08-22
boss tr-2,,65.0,2025-08-22,2026-08-22
boss bd-2,,65.0,2025-08-22,2026-08-22
tc helicon voicelive 3 w/ matching microphone,,365.0,2025-08-22,2026-08-22
beetronics zzombee,,185.0,2025-08-22,2026-08-22
boss ds-1w,,90.0,2025-08-22,2026-08-22
boss oc-5,,110.0,2025-08-22,2026-08-22
catalinbread karma sutra,,85.0,2025-08-22,2026-08-22
catalinbread perseus,,70.0,2025-08-22,2026-08-22
dod envelope filter 440,,65.0,2025-08-22,2026-08-22
earthquaker devices arrows,,65.0,2025-08-22,2026-08-22
earthquaker devices dirt transmitter rancho de la luna,,120.0,2025-08-22,2026-08-22
earthquaker devices levitation v1,,105.0,2025-08-22,2026-08-22
earthquaker devices sea machine,,100.0,2025-08-22,2026-08-22
j rockett blue note od,,100.0,2025-08-22,2026-08-22
j rockett the dude v2,,110.0,2025-08-22,2026-08-22
lovepedal hp twin tweed,,130.0,2025-08-22,2026-08-22
matthews chemist v2,,105.0,2025-08-22,2026-08-22
morley tone questor wah,,65.0,2025-08-22,2026-08-22
mxr super badass distortion,,55.0,2025-08-22,2026-08-22
old blood noise endeavors fault v1,,100.0,2025-08-22,2026-08-22
solidgoldfx em-iii,,120.0,2025-08-22,2026-08-22
strymon sunset dual drive,,185.0,2025-08-22,2026-08-22
walrus audio fundamental ambient,,70.0,2025-08-22,2026-08-22
walrus audio fundamental chorus,,65.0,2025-08-22,2026-08-22
zoom uf-01 ultra fuzz,,130.0,2025-08-22,2026-08-22
tc helicon voicelive play gtx,,200.0,2025-08-22,2026-08-22
skreddy pedals lunar module,,200.0,2025-08-22,2026-08-22
greer special request,,120.0,2025-08-22,2026-08-22
earthquaker devices acapulco gold,,80.0,2025-08-22,2026-08-22
mla pedals,,70.0,2025-08-22,2026-08-22
mr black vintage overdrive,,60.0,2025-08-22,2026-08-22
pedal pawn lone star splitter,,100.0,2025-08-22,2026-08-22
earthquaker devices arrows,,60.0,2025-08-22,2026-08-22
fulltone ocd,,110.0,2025-08-22,2026-08-22
fulltone full drive 1,,80.0,2025-08-22,2026-08-22
boss ns-2,,60.0,2025-08-22,2026-08-22
fulltone '70,,105.0,2025-08-22,2026-08-22
walrus audio fundamental tremolo,,60.0,2025-08-22,2026-08-22
warm audio odd v1,,65.0,2025-08-22,2026-08-22
vertex dynamic distortion,,60.0,2025-08-22,2026-08-22
peavey vtm preamp,,150.0,2025-08-22,2026-08-22
marshall jcm 800 distortion pedal,,100.0,2025-08-22,2026-08-22
jhs morning glory v4,,135.0,2025-08-22,2026-08-22
voodoo lab pedal power x8,,115.0,2025-08-22,2026-08-22
mxr distortion + randy rhoads,,135.0,2025-08-22,2026-08-22
warm audio centavo blackout,,100.0,2025-08-22,2026-08-22
fulltone fd-3,,150.0,2025-08-22,2026-08-22
mythos air lane drive,,130.0,2025-08-22,2026-08-22
fulltone octa fuzz,,110.0,2025-08-22,2026-08-22
jhs 3 series reverb,,55.0,2025-08-22,2026-08-22
jhs 3 series delay,,55.0,2025-08-22,2026-08-22
ehx soul food,,50.0,2025-08-22,2026-08-22
dunlop mini supa-lead,,55.0,2025-08-22,2026-08-22
nux metal core deluxe,,40.0,2025-08-22,2026-08-22
nux metal core deluxe,,40.0,2025-08-22,2026-08-22
marshall footswitch,,25.0,2025-08-22,2026-08-22
electro harmonix metal muff,,45.0,2025-08-22,2026-08-22
boss cs-3,,55.0,2025-08-22,2026-08-22
boss os-2,,50.0,2025-08-22,2026-08-22
fender hammertone overdrive,,35.0,2025-08-22,2026-08-22
electro harmonix hot tubes,,45.0,2025-08-22,2026-08-22
electro harmonix crayon,,40.0,2025-08-22,2026-08-22
tc ditto looper,,50.0,2025-08-22,2026-08-22
fishman pro eq platinum,,70.0,2025-08-22,2026-08-22
peterson vs-ii,,80.0,2025-08-22,2026-08-22
dunlop cry baby 535 wah,,90.0,2025-08-22,2026-08-22
tech 21 midi mouse,,60.0,2025-08-22,2026-08-22
okko diablo plus,,170.0,2025-08-22,2026-08-22
tc electronic integrated preamp,,270.0,2025-08-22,2026-08-22
boss tu-2,,45.0,2025-08-22,2026-08-22
boss tu-2,,45.0,2025-08-22,2026-08-22
danelectro dan echo,,45.0,2025-08-22,2026-08-22
JHS Little black box,,40.0,2025-08-22,2026-08-22
Dunlop Mini cry baby wah,,65.0,2025-08-22,2026-08-22
MXR Timmy,,85.0,2025-08-22,2026-08-22
Ditto looper plus,,65.0,2025-08-22,2026-08-22
Way huge fat sandwich,,80.0,2025-08-22,2026-08-22
throbak Stone bender Fuzz,,160.0,2025-08-22,2026-08-22
Boss ph-3 phase shifter,,65.0,2025-08-22,2026-08-22
Boss metal zone mt2,,65.0,2025-08-22,2026-08-22
JHS angry Charlie v3,,110.0,2025-08-22,2026-08-22
Electro harmonix micro qtron,,65.0,2025-08-22,2026-08-22
Dawner prince red rox,,150.0,2025-08-22,2026-08-22
Hughes Kettner tube rotosphere mkII,,650.0,2025-08-22,2026-08-22
line 6 helix floor w/ carry bag,,775.0,2025-08-22,2026-08-22
xotic xw-1 wah,,170.0,2025-08-22,2026-08-22
ehx 44 magnum power amp,,100.0,2025-08-22,2026-08-22
universal audio starlight,,190.0,2025-08-22,2026-08-22
universal audio golden,,230.0,2025-08-22,2026-08-22
quilter micro block,,75.0,2025-08-22,2026-08-22
mxr bass envelope filter,,90.0,2025-08-22,2026-08-22
mxr phase 90 script,,80.0,2025-08-22,2026-08-22
xotic ep booster,,70.0,2025-08-22,2026-08-22
maxon rotary phaser,,325.0,2025-08-22,2026-08-22
tc electronic plethora x5,,300.0,2025-08-22,2026-08-22
tc electronic 2290 p dynamic digital delay,,230.0,2025-08-22,2026-08-22
eventide h90,,650.0,2025-08-22,2026-08-22
chandler tube driver,,235.0,2025-08-22,2026-08-22
hammond leslie vintage cream,,270.0,2025-08-22,2026-08-22
suhr reactive load,,415.0,2025-08-22,2026-08-22
suhr reactive load,,415.0,2025-08-22,2026-08-22
jam pedals wahcko,,235.0,2025-08-22,2026-08-22
pigtronix echolution 2 ultra pro,,200.0,2025-08-22,2026-08-22
fender tonemaster pro,,1050.0,2025-08-22,2026-08-22
tc electronic triple flashback delay,,130.0,2025-08-22,2026-08-22
jam pedals seagull,,140.0,2025-08-22,2026-08-22
aguilar filter twin,,135.0,2025-08-22,2026-08-22
interstellar audio octonaut hyperdrive,,110.0,2025-08-22,2026-08-22
pigtronix echolution 2 remote,,40.0,2025-08-22,2026-08-22
voodoo lab pedal power 2 plus,,100.0,2025-08-22,2026-08-22
origin effects deluxe 55,,250.0,2025-08-22,2026-08-22
eventide h9,,275.0,2025-08-22,2026-08-22
ox9 controller for h9,,50.0,2025-08-22,2026-08-22
strymon big sky mx,,530.0,2025-08-22,2026-08-22
dam dope priest dp-77,,275.0,2025-08-22,2026-08-22
reeves electro bhs alpha,,500.0,2025-08-22,2026-08-22
mason fx love bender deluxe,,733.0,2025-08-22,2026-08-22
conductive labs ndlr,,180.0,2025-08-22,2026-08-22
Ceriatone Horse Breaker,,165.0,2025-08-22,2026-08-22
earthquaker devices sunn o))) life pedal,,215.0,2025-08-22,2026-08-22
electronic audio experiments touche amor,,170.0,2025-08-22,2026-08-22
bearfoot fx honey bee od,,140.0,2025-08-22,2026-08-22
bjfe model g,,350.0,2025-08-22,2026-08-22
octonaut hyperdrive,,110.0,2025-08-22,2026-08-22
t-rex the fuel tank,,70.0,2025-08-22,2026-08-22
jacques vintage pro overtube,,80.0,2025-08-22,2026-08-22
jacques vintage pro overtube,,80.0,2025-08-22,2026-08-22
tc electronic zeus,,35.0,2025-08-22,2026-08-22
"outlaw lock, stock, and barrell",,25.0,2025-08-22,2026-08-22
mooer ensemble king,,40.0,2025-08-22,2026-08-22
maestro phaser,,285.0,2025-08-22,2026-08-22
eventide knife drop,,230.0,2025-08-22,2026-08-22
jacques singing geisha wah,,350.0,2025-08-22,2026-08-22
1976 electro harmonix big muff pi v2,,900.0,2025-08-22,2026-08-22
dam dope priest dp70 xd,,420.0,2025-08-22,2026-08-22
demedesh effects 112 + drive channel - #6,,120.0,2025-08-22,2026-08-22
recovery effects verdigris fuzz le nos sft306,,200.0,2025-08-22,2026-08-22
DAM / sola sound white spirit mk iv,,500.0,2025-08-22,2026-08-22
colorsound pigdog fuzz,,470.0,2025-08-22,2026-08-22
1981 inventions drv overdrive,,150.0,2025-08-22,2026-08-22
demedesh effects spidola ge fuzz,,120.0,2025-08-22,2026-08-22
dod rubberneck delay,,180.0,2025-08-22,2026-08-22
way huge effect pedal jumbo fuzz,,250.0,2025-08-22,2026-08-22
big ear pedals elle,,120.0,2025-08-22,2026-08-22
audio disruption devices overloader,,100.0,2025-08-22,2026-08-22
colorsound first run fuzz - #27,,325.0,2025-08-22,2026-08-22
colorsound wow fuzz,,475.0,2025-08-22,2026-08-22
hexe bitcrusher iii,,420.0,2025-08-22,2026-08-22
spaceman cosmic call - ruined edition 15/16,,580.0,2025-08-22,2026-08-22
mwfx 8 bit - hand painted le - #21,,200.0,2025-08-22,2026-08-22
spaceman mission  control - custom design,,225.0,2025-08-22,2026-08-22
spaceman apollo vii - ltd edition purple sparkle,,175.0,2025-08-22,2026-08-22
tech 21 dp-3x,,200.0,2025-08-22,2026-08-22
electro harmonix russian big muff,,170.0,2025-08-22,2026-08-22
mxr micro amp,,60.0,2025-08-22,2026-08-22
tech 21 sans amp bass driver di,,185.0,2025-08-22,2026-08-22
ampeg liquifier,,65.0,2025-08-22,2026-08-22
ebs tremolo,,100.0,2025-08-22,2026-08-22
electro harmonix micro pog,,130.0,2025-08-22,2026-08-22
fishman fission bass,,130.0,2025-08-22,2026-08-22
boss cs-3,,60.0,2025-08-22,2026-08-22
radial twin city aby tonebone,,130.0,2025-08-22,2026-08-22
boss tu-2,,45.0,2025-08-22,2026-08-22
ehx next step,,60.0,2025-08-22,2026-08-22
ehx bass 9,,135.0,2025-08-22,2026-08-22
ehx bass 9,,135.0,2025-08-22,2026-08-22
keeley synth-1,,100.0,2025-08-22,2026-08-22
ehx ripped speaker,,60.0,2025-08-22,2026-08-22
ehx mod rex,,120.0,2025-08-22,2026-08-22
keeley dark side v1,,155.0,2025-08-22,2026-08-22
earthquaker devices pyramids,,185.0,2025-08-22,2026-08-22
keeley monterey,,170.0,2025-08-22,2026-08-22
mxr shrine hendrix,,70.0,2025-08-22,2026-08-22
strymon lex v1,,185.0,2025-08-22,2026-08-22
digitech supernatural,,160.0,2025-08-22,2026-08-22
ehx b9,,130.0,2025-08-22,2026-08-22
keeley 30ms,,100.0,2025-08-22,2026-08-22
pigtronix envelope phaser,,150.0,2025-08-22,2026-08-22
danelectro back talk,,110.0,2025-08-22,2026-08-22
vertex dynamic distortion,,65.0,2025-08-22,2026-08-22
ehx frequency analyzer,,110.0,2025-08-22,2026-08-22
malekko sneak attack,,150.0,2025-08-22,2026-08-22
red witch synthotron ii,,175.0,2025-08-22,2026-08-22
ehx pitch fork plus,,140.0,2025-08-22,2026-08-22
ibanez fp-777 flying pan reissue,,200.0,2025-08-22,2026-08-22
boss sy-300,,300.0,2025-08-22,2026-08-22
red panda particle 2,,235.0,2025-08-22,2026-08-22
hologram electronics infinite jets,,215.0,2025-08-22,2026-08-22
gfi synesthesia,,300.0,2025-08-22,2026-08-22
malekko lil buddy,,25.0,2025-08-22,2026-08-22
ehx silencer,,55.0,2025-08-22,2026-08-22
ehx wailer wah,,40.0,2025-08-22,2026-08-22
ehx wailer wah,,40.0,2025-08-22,2026-08-22
Digitech Drop,,160.0,2025-08-22,2026-08-22
Electro-Harmonix Synth9 Synthesizer Machine,,130.0,2025-08-22,2026-08-22
Electro-Harmonix C9 Organ Machine,,130.0,2025-08-22,2026-08-22
Electro-Harmonix Mel9 Tape Replay,,175.0,2025-08-22,2026-08-22
Keeley Compressor,,80.0,2025-08-22,2026-08-22
Boss TU-2 Chromatic Tuner,,45.0,2025-08-22,2026-08-22
"Warm Audio - Throne of tone, Mint",Mint,175.0,2025-08-22,2026-08-22
"Electron Brothers - 228 Pre, Mint",Mint,135.0,2025-08-22,2026-08-22
"Tsakalis- Galactic Modulation, Mint",Mint,150.0,2025-08-22,2026-08-22
"Tsakalis - Ocean v2 reverb, Mint",Mint,140.0,2025-08-22,2026-08-22
"Electro Harmonix - Atomic Cluster, New",,85.0,2025-08-22,2026-08-22
PettyJohn - “Merica” limited edition,Mint,250.0,2025-08-22,2026-08-22
Twilight Pulse Audio - Konstante Overdrive- Mint,Mint,180.0,2025-08-22,2026-08-22
Ethos - Custom Tones 60s Harmonic Trem Mint,Mint,200.0,2025-08-22,2026-08-22
Crazy Tube Circuits Venus,,200.0,2025-08-22,2026-08-22
Eventide Blackhole,,160.0,2025-08-22,2026-08-22
benson Deep sea diver fuzz,,180.0,2025-08-22,2026-08-22
Dead Air Feral+(2023 black enclosure) *No Box*,,110.0,2025-08-22,2026-08-22
UAFX Evermore,,90.0,2025-08-22,2026-08-22
Walrus Fundamental Ambient,,65.0,2025-08-22,2026-08-22
Digitech hardwire tr-7,Fair,125.0,2025-08-22,2026-08-22
EQD Acapulco Gold,,80.0,2025-08-22,2026-08-22
Anode Effects Dark Roast(harmonic percolator),,100.0,2025-08-22,2026-08-22
Bloomery volume -$80,,80.0,2025-08-22,2026-08-22
Polytune tuner - $50,,50.0,2025-08-22,2026-08-22
Bondi Sick as - $140,,140.0,2025-08-22,2026-08-22
Strymon timeline $275,,275.0,2025-08-22,2026-08-22
Boss Rv5 $100,,90.0,2025-08-22,2026-08-22
UA enigmatic amp sim $275,,260.0,2025-08-22,2026-08-22
Voodoo lab pedal power 2 $60,,70.0,2025-08-22,2026-08-22
origin effects Cali76 deluxe compact Compressor $225,,260.0,2025-08-22,2026-08-22
Timmy v2 OD $200,,200.0,2025-08-22,2026-08-22
Trailer trash board w/ trailer trash ATA flight case $180,,150.0,2025-08-22,2026-08-22
boss ge-7 mij,,115.0,2025-08-22,2026-08-22
nobels odr-mini - 60,,50.0,2025-08-22,2026-08-22
hudson electronics broadcast dual - 220,,200.0,2025-08-22,2026-08-22
mxr dyna comp - 60,,50.0,2025-08-22,2026-08-22
mxr classic 108 fuzz - 90,,70.0,2025-08-22,2026-08-22
catalinbread dirty little secret - 80,,75.0,2025-08-22,2026-08-22
hermida audio zen drive,,135.0,2025-08-22,2026-08-22
warm audio centavo,,90.0,2025-08-22,2026-08-22
strymon big sky,,320.0,2025-08-22,2026-08-22
suhr andy wood woodshed compressor,,130.0,2025-08-22,2026-08-22
tc electronic june 60,,50.0,2025-08-22,2026-08-22
eventide timefactor,,160.0,2025-08-22,2026-08-22
dimarzio super distortion bridge pickup,,60.0,2025-08-22,2026-08-22
gfi specular tempus,,250.0,2025-08-22,2026-08-22
universal audio del verb,,225.0,2025-08-22,2026-08-22
source audio nemesis delay adt,,225.0,2025-08-22,2026-08-22
strymon brig delay,,175.0,2025-08-22,2026-08-22
thorpyfx peacekeeper v2,,180.0,2025-08-22,2026-08-22
boss rc-10r,,180.0,2025-08-22,2026-08-22
big monk electric monktress flanger,,120.0,2025-08-22,2026-08-22
way huge attack vector - envelope filter and phaser,,120.0,2025-08-22,2026-08-22
stomp under foot civil war,,250.0,2025-08-22,2026-08-22
maxon ad-900 analog delay,,175.0,2025-08-22,2026-08-22
champion leccy canny fettle boost,,120.0,2025-08-22,2026-08-22
strymon iridium,,230.0,2025-08-22,2026-08-22
thorpyfx the veteran si,,170.0,2025-08-22,2026-08-22
basic audio sharp tooth,,150.0,2025-08-22,2026-08-22
super cool pedals the barstow bat ltd edition black,,140.0,2025-08-22,2026-08-22
fuzzrocious 420 fuzz,,90.0,2025-08-22,2026-08-22
daredevil pedals british black belt,,105.0,2025-08-22,2026-08-22
emma electronics reezafratzits ii,,100.0,2025-08-22,2026-08-22
jhs ross fuzz,,110.0,2025-08-22,2026-08-22
jhs ross compressor,,160.0,2025-08-22,2026-08-22
benson delay,,180.0,2025-08-22,2026-08-22
fender shields blender,,200.0,2025-08-22,2026-08-22
idiotbox whores,,130.0,2025-08-22,2026-08-22
lunastone red fuzz,,75.0,2025-08-22,2026-08-22
keeley octa psi,,170.0,2025-08-22,2026-08-22
ehx c9,,130.0,2025-08-22,2026-08-22
ehx nano pog,,125.0,2025-08-22,2026-08-22
wampler tumnus,,90.0,2025-08-22,2026-08-22
xotic sl drive,,70.0,2025-08-22,2026-08-22
Matthews Effects The Traveler,,90.0,2025-08-22,2026-08-22
Ramble FX Marvel Drive V3,,160.0,2025-08-22,2026-08-22
Octonaut Hyperdrive,,115.0,2025-08-22,2026-08-22
Eventide Space Reverb,,270.0,2025-08-22,2026-08-22
Hammond Leslie Rotary Simulator,,270.0,2025-08-22,2026-08-22
Neo Instruments Ventilator Rotary Simulator,,270.0,2025-08-22,2026-08-22
gigrig g3s,,1200.0,2025-08-22,2026-08-22
jhs double barrel v4,,215.0,2025-08-22,2026-08-22
jhs sweet tea v2,,175.0,2025-08-22,2026-08-22
jhs morning glory v4,,135.0,2025-08-22,2026-08-22
mxr evh 5150 overdrive,,120.0,2025-08-22,2026-08-22
jhs red remote,,30.0,2025-08-22,2026-08-22
rock stock dual switch,,25.0,2025-08-22,2026-08-22
dunlop cry baby wah,,50.0,2025-08-22,2026-08-22
allen eden deep dive digital chorus,,40.0,2025-08-22,2026-08-22
mxr tap tempo,,30.0,2025-08-22,2026-08-22
flamma modulation,,35.0,2025-08-22,2026-08-22
tc spark mini,,45.0,2025-08-22,2026-08-22
mooer acoustikar,,25.0,2025-08-22,2026-08-22
keeley compressor 4 knob,,75.0,2025-08-22,2026-08-22
mxr rockman x100,,165.0,2025-08-22,2026-08-22
phenyx pro ptm-10,,100.0,2025-08-22,2026-08-22
boss sy-1,,115.0,2025-08-22,2026-08-22
line 6 helix lt,,650.0,2025-08-22,2026-08-22
strymon timeline,,275.0,2025-08-22,2026-08-22
strymon cloudburst,,200.0,2025-08-22,2026-08-22
kingsley harlot v2,,365.0,2025-08-22,2026-08-22
